{"xor": 0.033452225696463084, "mov": 0.3696871611960467, "pop": 0.02333328095784297, "and": 0.01069507513264093, "push": 0.023951311744156205, "lea": 0.05584798537676309, "call": 0.05826249548261395, "hlt": 5.237549036552855e-06, "nop": 0.01891802712002891, "cmp": 0.06129503637477806, "jz": 0.05661266753609981, "test": 0.054779525373306305, "jmp": 0.03907735336172085, "ret": 0.007940124339414129, "sub": 0.012261102294570232, "sar": 0.0006756438257153182, "shr": 0.004787119819409309, "add": 0.05246452869914994, "jnz": 0.03317463559752578, "repz ": 1.047509807310571e-05, "ja": 0.004467629328179585, "movsxd": 0.006656924825458679, "cmovnz": 0.001225586474553368, "shl": 0.004540955014691325, "jle": 0.0012831995139554494, "or": 0.005887005117085409, "js": 0.0012674868668457909, "jns": 0.0002671150008641956, "jg": 0.0021159698107673535, "xchg": 0.0018855176531590277, "jnb": 0.0048604455059210495, "cmovz": 0.0020688318694383778, "jb": 0.004300027759009894, "movaps": 0.002414510105850866, "jbe": 0.0017598164762817592, "xorps": 0.0010998852976760996, "movups": 0.0048604455059210495, "cmovl": 3.6662843255869986e-05, "not": 0.000686118923788424, "jnl": 0.001586977358075515, "jl": 0.0011103603957492052, "movzx": 0.012617255629055827, "cmovge": 2.095019614621142e-05, "cdqe": 0.0002095019614621142, "cmovns": 0.00014141382398692707, "cmova": 0.0004870920603994155, "movsx": 0.0011417856899685224, "setz": 0.0014560386321616936, "cmovb": 0.0006756438257153182, "seta": 0.00015712647109658565, "setnz": 0.000900858434287091, "neg": 0.0007856323554829282, "cmovs": 0.00010998852976760995, "sbb": 0.0002095019614621142, "fld": 1.047509807310571e-05, "fstp": 1.047509807310571e-05, "movsd": 2.095019614621142e-05, "cmovg": 0.000251402353754537, "setnl": 1.047509807310571e-05, "div": 0.001047509807310571, "inc": 3.142529421931713e-05, "mul": 0.00016760156916969136, "jo": 2.095019614621142e-05, "imul": 0.0017545789272452063, "jno": 5.237549036552855e-06, "bswap": 7.332568651173997e-05, "rol": 2.095019614621142e-05, "bt": 0.0011260730428588638, "cmovbe": 0.00022521460857177276, "movq": 0.00039805372677801694, "pshufd": 0.0004242414719607812, "paddq": 0.0004609043152166512, "movdqu": 0.0009689465717622781, "movdqa": 0.0007384944141539525, "cqo": 3.142529421931713e-05, "idiv": 3.142529421931713e-05, "setl": 3.142529421931713e-05, "cmovae": 0.00019378931435245562, "setg": 5.237549036552855e-05, "sets": 1.047509807310571e-05, "setle": 2.095019614621142e-05, "pxor": 0.00012046362784071566, "pcmpeqd": 9.427588265795138e-05, "adc": 4.190039229242284e-05, "setb": 9.427588265795138e-05, "setnb": 5.76130394020814e-05, "bsf": 5.237549036552855e-06, "bsr": 5.237549036552855e-06, "bts": 1.047509807310571e-05, "movd": 4.190039229242284e-05, "pextrw": 3.142529421931713e-05, "setbe": 2.6187745182764275e-05, "cwde": 1.047509807310571e-05, "cmovle": 0.00014665137302347995, "pand": 5.237549036552855e-05, "pcmpgtd": 5.237549036552855e-05, "punpckldq": 1.047509807310571e-05, "pandn": 1.047509807310571e-05, "ror": 6.285058843863425e-05, "pcmpeqb": 5.237549036552855e-05, "pmovmskb": 5.237549036552855e-05, "setns": 1.047509807310571e-05, "pshufhw": 4.190039229242284e-05, "pshuflw": 4.713794132897569e-05, "punpcklwd": 2.095019614621142e-05, "punpckhwd": 2.095019614621142e-05, "por": 4.190039229242284e-05, "psubd": 4.190039229242284e-05, "pslld": 4.190039229242284e-05, "psrad": 4.190039229242284e-05, "packssdw": 2.095019614621142e-05, "cvtsi2sd": 1.047509807310571e-05, "divsd": 5.237549036552855e-06, "psubq": 1.047509807310571e-05}