{"xor": 0.0370804631393815, "mov": 0.3565365159971638, "pop": 0.024186871907815773, "and": 0.01086943604897584, "push": 0.024222522390483697, "lea": 0.061497082602168344, "call": 0.06303005335688906, "hlt": 3.9611647408804085e-06, "nop": 0.019239377146456144, "cmp": 0.06335486886564125, "jz": 0.05649413153443639, "test": 0.053598520108852805, "jmp": 0.03974632700999402, "ret": 0.008373902262221183, "sub": 0.011190290392987154, "sar": 0.000649631017504387, "shr": 0.004808853995428816, "add": 0.048678753500679336, "jnz": 0.03573366712748217, "repz ": 7.922329481760817e-06, "movzx": 0.013016387338533022, "movaps": 0.002289553220228876, "xchg": 0.0019251260640678785, "movups": 0.004468193827713101, "jnb": 0.0046979413826841645, "ja": 0.004218640449037635, "movsxd": 0.006139805348364633, "jb": 0.004060193859402418, "cmovle": 0.00012675727170817307, "jle": 0.0013230290234540565, "movsx": 0.0014497862951622295, "bt": 0.0012279610696729266, "cmovz": 0.002020194017849008, "sbb": 0.00019805823704402043, "or": 0.006294290773258969, "cmovbe": 0.00018221357808049878, "not": 0.0007882717834352013, "jbe": 0.0016082328847974458, "xorps": 0.0010140581736653846, "jnl": 0.0013151066939722956, "jl": 0.0009863300204792217, "cmovnz": 0.001212116410709405, "setnz": 0.0009942523499609824, "shl": 0.004139417154220027, "imul": 0.0014973202720527945, "setz": 0.0018221357808049878, "setg": 7.130096533584735e-05, "neg": 0.0007486601360263972, "jns": 0.0004436504509786058, "cmovl": 4.75339768905649e-05, "jg": 0.0018260969455458683, "setle": 3.961164740880409e-05, "setns": 2.772815318616286e-05, "rol": 3.5650482667923674e-05, "cmovns": 0.00012675727170817307, "js": 0.0013071843644905348, "bsf": 1.5844658963521634e-05, "cqo": 9.902911852201022e-05, "idiv": 0.00010299028326289062, "div": 0.0009269125493660156, "movdqu": 0.0008358057603257662, "pshufd": 0.00034858249719747596, "movdqa": 0.0007961941129169621, "adc": 5.149514163144531e-05, "cmovg": 0.00021390289600754206, "cmovae": 0.00019805823704402043, "setl": 3.961164740880409e-05, "setnl": 1.9805823704402044e-05, "pxor": 0.0001426019306716947, "pcmpeqd": 8.318445955848858e-05, "cdqe": 0.00020598056652578123, "ror": 5.149514163144531e-05, "cmovb": 0.000562485393205018, "cmovge": 1.5844658963521634e-05, "inc": 2.772815318616286e-05, "cmova": 0.00039611647408804087, "cmovs": 9.110678904024939e-05, "seta": 0.00013071843644905348, "bsr": 2.376698844528245e-05, "movd": 3.961164740880409e-05, "punpcklbw": 3.9611647408804085e-06, "pshuflw": 3.961164740880409e-05, "bts": 1.5844658963521634e-05, "bswap": 5.941747111320613e-05, "cdq": 3.9611647408804085e-06, "btr": 3.9611647408804085e-06, "movmskps": 3.9611647408804085e-06, "pand": 4.3572812149684495e-05, "por": 3.961164740880409e-05, "setnb": 4.75339768905649e-05, "setb": 8.318445955848858e-05, "movq": 0.0003089708497886719, "pcmpeqb": 4.75339768905649e-05, "pmovmskb": 4.75339768905649e-05, "mul": 0.00013071843644905348, "fld": 7.922329481760817e-06, "fstp": 7.922329481760817e-06, "movsd": 1.5844658963521634e-05, "jo": 1.5844658963521634e-05, "jno": 3.9611647408804085e-06, "setbe": 1.9805823704402044e-05, "paddq": 0.00034858249719747596, "sets": 7.922329481760817e-06, "pextrw": 2.376698844528245e-05, "cwde": 7.922329481760817e-06, "pcmpgtd": 3.961164740880409e-05, "punpckldq": 7.922329481760817e-06, "pandn": 7.922329481760817e-06, "pshufhw": 3.168931792704327e-05, "punpcklwd": 1.5844658963521634e-05, "punpckhwd": 1.5844658963521634e-05, "psubd": 3.168931792704327e-05, "pslld": 3.168931792704327e-05, "psrad": 3.168931792704327e-05, "packssdw": 1.5844658963521634e-05, "cvtsi2sd": 7.922329481760817e-06, "divsd": 3.9611647408804085e-06, "psubq": 7.922329481760817e-06}