{"xor": 0.033395565438107025, "mov": 0.36962199240628474, "pop": 0.02337374923957962, "and": 0.010714060959493192, "push": 0.023982085544670764, "lea": 0.0558305888275891, "call": 0.05808038430072791, "hlt": 5.244278492165048e-06, "nop": 0.018926601078223658, "cmp": 0.061431478257221374, "jz": 0.05664869627236685, "test": 0.05468733611629712, "jmp": 0.0391013404375826, "ret": 0.007934593358645717, "sub": 0.012261123114681883, "sar": 0.0006765119254892912, "shr": 0.004793270541838854, "add": 0.05252669337752512, "jnz": 0.03317006146294393, "repz ": 1.0488556984330096e-05, "ja": 0.004478613832308951, "movsxd": 0.006660233685049611, "or": 0.005894569025193514, "jnl": 0.0015942606616181746, "cdqe": 0.00021501541817876696, "jl": 0.0011170313188311552, "jle": 0.0012796039520882718, "jg": 0.0021186885108346793, "movzx": 0.012638711166117766, "jbe": 0.0017673218518596211, "setz": 0.0014631536993140483, "xchg": 0.001877451700195087, "movaps": 0.002417612384888087, "xorps": 0.00110129848335466, "movups": 0.004866690440729165, "cmovl": 3.670994944515533e-05, "not": 0.0006870004824736213, "shl": 0.004536300895722767, "js": 0.0012533825596274465, "jns": 0.0002622139246082524, "jnb": 0.004856201883744834, "cmovge": 2.0977113968660192e-05, "cmovz": 0.002066245725913029, "cmovns": 0.00014159551928845629, "cmova": 0.0004877178997713495, "movsx": 0.0011432527112919804, "cmovb": 0.0006765119254892912, "seta": 0.00015732835476495145, "setnz": 0.0009020159006523882, "neg": 0.0007866417738247572, "cmovnz": 0.0012166726101822912, "cmovs": 0.000110129848335466, "sbb": 0.00020977113968660192, "fld": 1.0488556984330096e-05, "fstp": 1.0488556984330096e-05, "movsd": 2.0977113968660192e-05, "jb": 0.004300308363575339, "cmovg": 0.0002517253676239223, "setnl": 1.0488556984330096e-05, "div": 0.0010488556984330096, "inc": 3.146567095299029e-05, "mul": 0.00016781691174928154, "jo": 2.0977113968660192e-05, "imul": 0.001756833294875291, "jno": 5.244278492165048e-06, "bswap": 7.341989889031067e-05, "rol": 2.0977113968660192e-05, "bt": 0.0011275198758154852, "cmovbe": 0.00022550397516309705, "movq": 0.00039856516540454366, "pshufd": 0.0004247865578653689, "paddq": 0.0004614965073105242, "movdqu": 0.0009701915210505339, "movdqa": 0.0007394432673952717, "cqo": 3.146567095299029e-05, "idiv": 3.146567095299029e-05, "setl": 3.146567095299029e-05, "cmovae": 0.00019403830421010679, "setg": 5.244278492165048e-05, "sets": 1.0488556984330096e-05, "setle": 2.0977113968660192e-05, "pxor": 0.00012061840531979611, "pcmpeqd": 9.439701285897086e-05, "adc": 4.1954227937320384e-05, "setb": 9.439701285897086e-05, "setnb": 5.7687063413815525e-05, "bsf": 5.244278492165048e-06, "bsr": 5.244278492165048e-06, "bts": 1.0488556984330096e-05, "movd": 4.1954227937320384e-05, "pextrw": 3.146567095299029e-05, "setbe": 2.622139246082524e-05, "cwde": 1.0488556984330096e-05, "cmovle": 0.00014683979778062133, "pand": 5.244278492165048e-05, "pcmpgtd": 5.244278492165048e-05, "punpckldq": 1.0488556984330096e-05, "pandn": 1.0488556984330096e-05, "ror": 6.293134190598058e-05, "pcmpeqb": 5.244278492165048e-05, "pmovmskb": 5.244278492165048e-05, "setns": 1.0488556984330096e-05, "pshufhw": 4.1954227937320384e-05, "pshuflw": 4.719850642948543e-05, "punpcklwd": 2.0977113968660192e-05, "punpckhwd": 2.0977113968660192e-05, "por": 4.1954227937320384e-05, "psubd": 4.1954227937320384e-05, "pslld": 4.1954227937320384e-05, "psrad": 4.1954227937320384e-05, "packssdw": 2.0977113968660192e-05, "cvtsi2sd": 1.0488556984330096e-05, "divsd": 5.244278492165048e-06, "psubq": 1.0488556984330096e-05}