{"jo": 1.665025586315656e-05, "setb": 7.8949612715174e-05, "pandn": 1.479957543231729e-05, "paddd": 6.16476252564156e-06, "fstp": 8.32512793157828e-06, "jz": 0.05523611247632179, "jbe": 0.0018251881433748696, "ror": 5.108959028984319e-05, "ja": 0.004521570830934687, "subpd": 1.4362749172312898e-05, "cmovae": 0.0001886427595927289, "cmovb": 0.0005976763790714899, "psubq": 8.32512793157828e-06, "jnb": 0.005251480030626913, "inc": 5.6006055690230705e-05, "xor": 0.03921650644078831, "hlt": 2.6174300032667683e-05, "neg": 0.0007047530034489884, "cmovz": 0.0020177785367884813, "cvtsi2sd": 1.5591573632237048e-05, "cmovle": 0.000118382908034916, "jnz": 0.031228240657038428, "pmovmskb": 4.215379495667545e-05, "xorps": 0.0010409050668677715, "sbb": 0.00018004070563571703, "cqo": 3.249724034191144e-05, "setns": 1.1264301315225221e-05, "setle": 1.8492990557926054e-05, "jnl": 0.0013655593324946812, "mul": 0.00015155781649985048, "shr": 0.004458747434934139, "cmovge": 1.8362134688732638e-05, "movsx": 0.001082106436002313, "punpcklbw": 3.377755767223631e-05, "mov": 0.3589449553799314, "ucomisd": 1.7175235292466182e-05, "xorpd": 1.690254183029203e-05, "adc": 3.915621303877729e-05, "addsd": 2.162919487297167e-05, "mulsd": 1.5433772565051184e-05, "btc": 1.0790745834565016e-06, "sub": 0.011169952005860597, "andps": 1.6191316596909077e-06, "setbe": 2.216174968901735e-05, "cdq": 2.6407764939202724e-07, "ret": 0.008929754261781638, "psrad": 3.330051172631312e-05, "jns": 0.00034664323961864523, "pxor": 0.00011895607751704286, "por": 3.588242531526466e-05, "pop": 0.024226274372744796, "jp": 6.605859727871609e-07, "pcmpeqb": 6.334472523851483e-05, "psrlq": 1.091807456998156e-05, "cmovnz": 0.0011807909804362865, "jno": 4.16256396578914e-06, "js": 0.0014887297790607602, "btr": 2.6407764939202724e-07, "bsf": 4.9547969139652225e-06, "cmova": 0.00046094541132773694, "orpd": 1.4376308031172395e-05, "cmovns": 0.00012716694909852087, "xchg": 0.0018839841189821568, "cmovbe": 0.00020028366966436605, "nop": 0.01935991347834676, "add": 0.049153130928116975, "shl": 0.005042557645602801, "pextrw": 2.4975383794734834e-05, "pand": 4.1889717307283434e-05, "unpckhpd": 1.4362749172312898e-05, "movss": 7.397715030769871e-06, "ud2": 8.747450509814847e-07, "movups": 0.004684786895165304, "divsd": 2.3229559381169705e-05, "movsxd": 0.006236607282278321, "pcmpgtd": 4.16256396578914e-05, "maxsd": 3.3029298639358043e-07, "repz ": 5.234860006533537e-05, "punpckldq": 3.368925489932176e-05, "punpcklwd": 5.0163735886000845e-05, "movq": 0.00036396930279007655, "unpcklps": 1.3211719455743217e-06, "movupd": 4.113882287085421e-06, "paddq": 0.00039471872601554793, "movd": 4.697202255114126e-05, "jnp": 1.9817579183614826e-06, "cwde": 8.594983208193433e-06, "pcmpeqd": 8.394232193508259e-05, "psllq": 2.8165459021221504e-05, "idiv": 3.276131799130347e-05, "call": 0.06379803600297879, "jle": 0.0011808479235364535, "cdqe": 0.0002208548908347891, "setz": 0.0014060809115879799, "pshufd": 0.00035928078783132954, "bsr": 5.482952212749277e-06, "jb": 0.004077013652517666, "bswap": 0.00024796710475831425, "push": 0.02438227717760534, "and": 0.009973739735184216, "not": 0.0006268095743368383, "cmovs": 9.464030196792294e-05, "movdqu": 0.000819288263400663, "pshuflw": 3.854795912653347e-05, "movmskps": 2.14550079312314e-05, "jg": 0.0018724870892508946, "setnz": 0.000812515651390588, "pslld": 3.330051172631312e-05, "seta": 0.00013833305977942594, "sar": 0.000660843651288388, "movapd": 5.047688617559541e-05, "or": 0.0058136934929411, "andpd": 3.3029298639358043e-07, "test": 0.05271140350709036, "pmuludq": 7.040719078423377e-06, "cmovl": 3.650260856185532e-05, "jl": 0.0009809243231508455, "movsd": 7.66751694169802e-05, "sets": 8.32512793157828e-06, "subsd": 2.6423438911486434e-06, "lea": 0.06342011342360263, "cmp": 0.05967571093091161, "setnl": 9.117360879754363e-06, "movaps": 0.0024709336975680713, "rol": 9.808229166804241e-05, "setg": 4.724801582297465e-05, "setl": 2.959921112906603e-05, "shld": 1.0794211064606052e-06, "setnb": 4.734420057370327e-05, "div": 0.0009037723689458098, "movdqa": 0.000666126666068041, "fld": 8.32512793157828e-06, "jmp": 0.04192241489283286, "movzx": 0.012551829539212795, "orps": 3.2382633193818154e-06, "cmovg": 0.0002052304360523649, "psubd": 3.330051172631312e-05, "bt": 0.0010082285359822865, "bts": 8.853283230362335e-06, "cvttsd2si": 3.3029298639358043e-06, "punpckhwd": 1.665025586315656e-05, "pshufhw": 3.330051172631312e-05, "packssdw": 1.665025586315656e-05, "imul": 0.001607349603448971}