{"xor": 0.05689764780673871, "mov": 0.303560076287349, "pop": 0.04291163382072473, "and": 0.002860775588048315, "push": 0.040686586141131596, "lea": 0.07565162110616656, "call": 0.1048951048951049, "hlt": 0.0003178639542275906, "nop": 0.028289891926255563, "cmp": 0.04513668150031786, "jz": 0.06102987921169739, "test": 0.04863318499682136, "jmp": 0.04418308963763509, "ret": 0.018436109345200253, "sub": 0.00540368722186904, "sar": 0.0009535918626827717, "shr": 0.0034965034965034965, "add": 0.02733630006357279, "jnz": 0.019389701207883026, "repz ": 0.0006357279084551812, "ja": 0.0025429116338207248, "movsxd": 0.004450095359186269, "js": 0.0019071837253655435, "jg": 0.0009535918626827717, "jns": 0.0012714558169103624, "jnb": 0.0022250476795931343, "jnl": 0.0009535918626827717, "or": 0.00572155117609663, "cdqe": 0.0003178639542275906, "shl": 0.008900190718372537, "xorps": 0.0006357279084551812, "movaps": 0.00572155117609663, "movups": 0.0034965034965034965, "movzx": 0.01589319771137953, "cmovz": 0.0012714558169103624, "movq": 0.0003178639542275906, "pcmpeqb": 0.0003178639542275906, "punpcklbw": 0.0003178639542275906, "punpcklwd": 0.0003178639542275906, "movmskps": 0.0003178639542275906, "bswap": 0.0025429116338207248, "jb": 0.001589319771137953, "inc": 0.0003178639542275906, "imul": 0.0009535918626827717, "xchg": 0.001589319771137953, "jbe": 0.0006357279084551812, "cmovnz": 0.001589319771137953, "cmova": 0.0003178639542275906, "jl": 0.0006357279084551812, "bt": 0.0003178639542275906, "movsx": 0.0003178639542275906, "setz": 0.0006357279084551812}