{"xor": 0.03337280334520737, "mov": 0.36807189817727815, "pop": 0.023250974777176095, "and": 0.01039927467660188, "push": 0.023895046100643576, "lea": 0.05805559821839963, "call": 0.05993331384604714, "hlt": 4.9543947959037065e-06, "nop": 0.019133872701780113, "cmp": 0.06071610822379992, "jz": 0.056257152907486584, "test": 0.05421594225157426, "jmp": 0.03902081341253759, "ret": 0.00779326301395653, "sub": 0.011885593115372992, "sar": 0.0006886608766306152, "shr": 0.004716583845700328, "add": 0.051500933903419026, "jnz": 0.03276341278531121, "repz ": 9.908789591807413e-06, "ja": 0.00442427455274201, "jnb": 0.005043573902229973, "xchg": 0.0019520315495860604, "sbb": 0.00020313018663205195, "shl": 0.004503544869476469, "inc": 3.963515836722965e-05, "jb": 0.004285551498456706, "seta": 0.000168449423060726, "movzx": 0.012108540881188658, "jle": 0.001263370672955445, "movsxd": 0.0064407132346748185, "cmovg": 0.0002477197397951853, "movsd": 0.000624253744283867, "movapd": 0.0002279021606115705, "xorps": 0.0011246476186701413, "cvtsi2sd": 0.00011890547510168895, "mulsd": 0.0001535862386730149, "divsd": 0.00021303897622385938, "unpcklps": 1.9817579183614826e-05, "subpd": 8.4224711530363e-05, "unpckhpd": 8.4224711530363e-05, "addsd": 0.00019322139704024455, "xorpd": 5.9452737550844474e-05, "jl": 0.0010651948811192969, "jbe": 0.0017736733369335268, "cmovz": 0.0020362562611164234, "neg": 0.0007778399829568819, "not": 0.0006539801130592892, "movups": 0.004632359134169966, "cmovnz": 0.0011989635406086969, "pxor": 0.00014863184387711118, "movdqu": 0.0010255597227520673, "imul": 0.001956985944381964, "movq": 0.00048057629520265955, "movdqa": 0.0009611525904053191, "pshufd": 0.00043598674203952615, "pmuludq": 6.936152714265189e-05, "paddq": 0.000589572980712541, "psrlq": 3.4680763571325946e-05, "psllq": 3.4680763571325946e-05, "jns": 0.00028735489816241497, "js": 0.0012286899093841193, "or": 0.0058362770695745666, "punpckldq": 7.431592193855559e-05, "ucomisd": 0.0002576285293869927, "jp": 9.908789591807413e-06, "jnp": 2.9726368775422237e-05, "jg": 0.0020015754975450974, "subsd": 3.963515836722965e-05, "setnz": 0.0008917910632626672, "jnl": 0.0015457711763219564, "cvttsd2si": 4.954394795903706e-05, "movupd": 2.477197397951853e-05, "mul": 0.0001634950282648223, "setb": 9.908789591807413e-05, "setl": 3.4680763571325946e-05, "cmovb": 0.0006490257182633855, "cmovae": 0.0002328565554074742, "setz": 0.0014615464647915934, "bt": 0.0010899668550988155, "movsx": 0.0011196932238742377, "cdqe": 0.0002279021606115705, "cmovns": 0.00013376865948940009, "movaps": 0.002179933710197631, "div": 0.0010057421435684525, "andpd": 4.9543947959037065e-06, "cmovbe": 0.0002328565554074742, "cmova": 0.0004706675056108521, "maxsd": 4.9543947959037065e-06, "setnb": 5.9452737550844474e-05, "cmovs": 0.00010404229071397784, "fld": 9.908789591807413e-06, "fstp": 9.908789591807413e-06, "cmovl": 2.477197397951853e-05, "setnl": 9.908789591807413e-06, "cmovge": 1.4863184387711119e-05, "jo": 1.9817579183614826e-05, "jno": 4.9543947959037065e-06, "bswap": 6.936152714265189e-05, "rol": 1.9817579183614826e-05, "cqo": 2.9726368775422237e-05, "idiv": 2.9726368775422237e-05, "setg": 4.954394795903706e-05, "sets": 9.908789591807413e-06, "setle": 1.9817579183614826e-05, "pcmpeqd": 8.917910632626671e-05, "adc": 3.963515836722965e-05, "bsf": 4.9543947959037065e-06, "bsr": 4.9543947959037065e-06, "bts": 9.908789591807413e-06, "movd": 3.963515836722965e-05, "pextrw": 2.9726368775422237e-05, "setbe": 2.477197397951853e-05, "cwde": 9.908789591807413e-06, "cmovle": 0.00013872305428530378, "pand": 4.954394795903706e-05, "pcmpgtd": 4.954394795903706e-05, "pandn": 9.908789591807413e-06, "ror": 5.9452737550844474e-05, "pcmpeqb": 4.954394795903706e-05, "pmovmskb": 4.954394795903706e-05, "setns": 9.908789591807413e-06, "pshufhw": 3.963515836722965e-05, "pshuflw": 4.458955316313336e-05, "punpcklwd": 1.9817579183614826e-05, "punpckhwd": 1.9817579183614826e-05, "por": 3.963515836722965e-05, "psubd": 3.963515836722965e-05, "pslld": 3.963515836722965e-05, "psrad": 3.963515836722965e-05, "packssdw": 1.9817579183614826e-05, "psubq": 9.908789591807413e-06}