{"xor": 0.037454563117799926, "mov": 0.3620256956194393, "pop": 0.02536369744905807, "and": 0.011135577989524218, "push": 0.025092492896059842, "lea": 0.06101697659545186, "call": 0.06275754312961959, "hlt": 4.047829149227269e-06, "nop": 0.019534823474170803, "cmp": 0.05735773904455041, "jz": 0.05745893477328109, "test": 0.05686795171749391, "jmp": 0.04131214429701351, "ret": 0.007832549403754767, "sub": 0.011070812723136581, "sar": 0.0005747917391902722, "shr": 0.0041044987573164516, "add": 0.048776341248188596, "jnz": 0.03349578620985565, "repz ": 8.095658298454539e-06, "ja": 0.004116642244764133, "cmovae": 0.00016596099511831803, "shl": 0.003865676837512042, "jbe": 0.0016191316596909078, "movsxd": 0.0055860042259336315, "movsx": 0.0012062530864697264, "jle": 0.0010726747245452264, "movzx": 0.010949377848659764, "cmovb": 0.0005666960808918178, "movups": 0.004723816617148224, "neg": 0.0006800352970701812, "xchg": 0.002088679841001271, "jl": 0.0009310007043222719, "jg": 0.0017446143633169531, "or": 0.006925835674327858, "cmovl": 3.2382633193818154e-05, "xorps": 0.0010402920913514082, "movaps": 0.0021129668158966345, "cmovz": 0.0021251103033443166, "jnb": 0.004128785732211815, "cdqe": 0.0001862001408644544, "cwde": 1.2143487447681808e-05, "bt": 0.0010402920913514082, "jb": 0.0038373420334674516, "setz": 0.0014491228354233624, "cmovnz": 0.001323640131797317, "cmovbe": 0.0001862001408644544, "setg": 5.26217789399545e-05, "adc": 5.6669608089181774e-05, "not": 0.0007690875383531812, "cmovg": 0.0001983436283121362, "jnl": 0.0012507792071112262, "setnz": 0.0008500441213377265, "js": 0.00118601394072359, "jns": 0.0002388219198044089, "inc": 8.095658298454539e-05, "setns": 1.6191316596909077e-05, "seta": 0.00016596099511831803, "sbb": 0.0001700088242675453, "movq": 0.000315730673639727, "movdqa": 0.0005747917391902722, "punpckldq": 1.6191316596909077e-05, "movapd": 1.2143487447681808e-05, "subpd": 8.095658298454539e-06, "unpckhpd": 8.095658298454539e-06, "addsd": 8.095658298454539e-06, "mulsd": 4.047829149227269e-06, "divsd": 8.095658298454539e-06, "cmovs": 8.905224128299993e-05, "imul": 0.0013722140815880443, "setb": 8.905224128299993e-05, "div": 0.0008743310962330902, "cqo": 4.0478291492272696e-05, "idiv": 4.0478291492272696e-05, "setbe": 2.4286974895363616e-05, "setnb": 4.857394979072723e-05, "bswap": 0.00016596099511831803, "cmova": 0.0004088307440719542, "orps": 4.857394979072723e-05, "andps": 2.4286974895363616e-05, "pcmpeqb": 4.0478291492272696e-05, "pmovmskb": 4.0478291492272696e-05, "cmovns": 0.000105243557879909, "fld": 8.095658298454539e-06, "fstp": 8.095658298454539e-06, "movsd": 1.6191316596909077e-05, "cmovge": 1.2143487447681808e-05, "setnl": 8.095658298454539e-06, "mul": 0.00012953053277527262, "jo": 1.6191316596909077e-05, "jno": 4.047829149227269e-06, "rol": 0.0011819661115743626, "pshufd": 0.00032787416108740885, "paddq": 0.0003562089651319997, "movdqu": 0.0007488483926070448, "setl": 2.4286974895363616e-05, "sets": 8.095658298454539e-06, "setle": 1.6191316596909077e-05, "pxor": 9.31000704322272e-05, "pcmpeqd": 7.286092468609084e-05, "bsf": 4.047829149227269e-06, "bsr": 4.047829149227269e-06, "bts": 8.095658298454539e-06, "movd": 3.2382633193818154e-05, "pextrw": 2.4286974895363616e-05, "cmovle": 0.00011333921617836355, "pand": 4.0478291492272696e-05, "pcmpgtd": 4.0478291492272696e-05, "pandn": 8.095658298454539e-06, "ror": 4.857394979072723e-05, "pshufhw": 3.2382633193818154e-05, "pshuflw": 3.643046234304542e-05, "punpcklwd": 1.6191316596909077e-05, "punpckhwd": 1.6191316596909077e-05, "por": 3.2382633193818154e-05, "psubd": 3.2382633193818154e-05, "pslld": 3.2382633193818154e-05, "psrad": 3.2382633193818154e-05, "packssdw": 1.6191316596909077e-05, "shld": 1.6191316596909077e-05, "cvtsi2sd": 8.095658298454539e-06, "psubq": 8.095658298454539e-06}