{"xor": 0.033630448993991965, "mov": 0.3691100019715475, "pop": 0.02347179130651337, "and": 0.010620414855091262, "push": 0.023969866453601187, "lea": 0.05594006495730043, "call": 0.058477135237779, "hlt": 5.188282782164759e-06, "nop": 0.0189476087204657, "cmp": 0.0613773853130091, "jz": 0.056697554243496484, "test": 0.05479345446244202, "jmp": 0.03918191157090826, "ret": 0.00796920235340507, "sub": 0.01217689968974069, "sar": 0.0006744767616814187, "shr": 0.0047628435940272485, "add": 0.05222525448527047, "jnz": 0.033168691826379305, "repz ": 1.0376565564329519e-05, "ja": 0.004430793495968704, "movsxd": 0.006599495698913573, "movzx": 0.012555644332838718, "movsx": 0.0011881167571157298, "bt": 0.0011310456465119176, "jb": 0.004285521578068091, "jnb": 0.004856232684106215, "setz": 0.0015149785723921096, "jl": 0.0011102925153832583, "jle": 0.0013022589783233546, "cdqe": 0.00021790787685091988, "adc": 4.669454503948283e-05, "cmovnz": 0.001224434736590883, "or": 0.005836818129935354, "xchg": 0.0018989114982723018, "shl": 0.0045345591516119995, "cmovz": 0.002085689678430233, "cmova": 0.00048769858152348736, "cmovbe": 0.0002282844424152494, "js": 0.0012815058471946955, "movq": 0.00039949777422668647, "neg": 0.0007938072656712081, "movdqa": 0.0008041838312355376, "pshufd": 0.000430627470919675, "pmuludq": 2.0753131128659037e-05, "paddq": 0.0005032634298699816, "psrlq": 1.0376565564329519e-05, "psllq": 1.0376565564329519e-05, "movdqu": 0.000990962011393469, "imul": 0.0017536395803716886, "setnz": 0.0009235143352253272, "cqo": 3.631797947515331e-05, "idiv": 3.631797947515331e-05, "div": 0.0010428448392151165, "setnb": 6.744767616814187e-05, "jbe": 0.0017484512975895238, "xorps": 0.0010947276670367641, "movups": 0.004819914704631062, "jnl": 0.0015772379657780868, "movaps": 0.002391798362577954, "cmovl": 3.631797947515331e-05, "not": 0.0006796650444635834, "jns": 0.00025941413910823797, "cmovge": 2.0753131128659037e-05, "cmovns": 0.0001400836351184485, "pcmpeqb": 5.188282782164759e-05, "pmovmskb": 5.188282782164759e-05, "inc": 3.112969669298856e-05, "cmovs": 0.00010895393842545994, "cmovae": 0.0001919664629400961, "cmovb": 0.0006692884788992539, "jg": 0.002090877961212398, "seta": 0.00015564848346494276, "sbb": 0.00020753131128659037, "fld": 1.0376565564329519e-05, "fstp": 1.0376565564329519e-05, "movsd": 2.0753131128659037e-05, "cmovg": 0.00024903757354390846, "setnl": 1.0376565564329519e-05, "mul": 0.0001660250490292723, "jo": 2.0753131128659037e-05, "jno": 5.188282782164759e-06, "bswap": 7.263595895030663e-05, "rol": 2.0753131128659037e-05, "setl": 3.112969669298856e-05, "setg": 5.188282782164759e-05, "sets": 1.0376565564329519e-05, "setle": 2.0753131128659037e-05, "pxor": 0.00011933050398978946, "pcmpeqd": 9.338909007896566e-05, "setb": 9.338909007896566e-05, "bsf": 5.188282782164759e-06, "bsr": 5.188282782164759e-06, "bts": 1.0376565564329519e-05, "movd": 4.1506262257318074e-05, "pextrw": 3.112969669298856e-05, "setbe": 2.5941413910823796e-05, "cwde": 1.0376565564329519e-05, "cmovle": 0.00014527191790061325, "pand": 5.188282782164759e-05, "pcmpgtd": 5.188282782164759e-05, "punpckldq": 1.0376565564329519e-05, "pandn": 1.0376565564329519e-05, "ror": 6.225939338597711e-05, "setns": 1.0376565564329519e-05, "pshufhw": 4.1506262257318074e-05, "pshuflw": 4.669454503948283e-05, "punpcklwd": 2.0753131128659037e-05, "punpckhwd": 2.0753131128659037e-05, "por": 4.1506262257318074e-05, "psubd": 4.1506262257318074e-05, "pslld": 4.1506262257318074e-05, "psrad": 4.1506262257318074e-05, "packssdw": 2.0753131128659037e-05, "cvtsi2sd": 1.0376565564329519e-05, "divsd": 5.188282782164759e-06, "psubq": 1.0376565564329519e-05}