{"xor": 0.04227343692494838, "mov": 0.36068399908572846, "pop": 0.023158963154081873, "and": 0.010239066513255, "push": 0.022876158819814897, "lea": 0.06576944086096487, "call": 0.06211622870735175, "hlt": 3.874031976259932e-06, "nop": 0.018932394267982287, "cmp": 0.061457643271387564, "jz": 0.05223357313591266, "test": 0.050904780168055504, "jmp": 0.03963134711713911, "ret": 0.00907685692037702, "sub": 0.01138577997822794, "sar": 0.0006082230202728093, "shr": 0.00397475680764269, "add": 0.05010672958094596, "jnz": 0.03078693211533768, "repz ": 7.748063952519864e-06, "imul": 0.0015883531102665722, "xorps": 0.0011195952411391203, "movups": 0.004656586435464439, "inc": 3.874031976259932e-05, "jle": 0.0012784305521657776, "xchg": 0.0019641342119637857, "cmovnz": 0.0011234692731153803, "ja": 0.005055611729019211, "movsxd": 0.0065083737201166855, "jns": 0.00024018998252811578, "jg": 0.0017278182614119298, "jl": 0.0009413897702311635, "jnl": 0.0012861786161182975, "or": 0.006004749563202895, "js": 0.0019021497003436267, "setnz": 0.0008716571946584847, "cmovns": 0.00016270934300291714, "shl": 0.005381030415025046, "movzx": 0.011885530103165471, "jnb": 0.006717571446834722, "movq": 0.0003254186860058343, "cmovle": 0.00012009499126405789, "neg": 0.0006934517237505278, "movdqa": 0.000627593180154109, "pshufd": 0.0003602849737921737, "pmuludq": 1.5496127905039728e-05, "paddq": 0.00040677335750729284, "psrlq": 7.748063952519864e-06, "psllq": 7.748063952519864e-06, "movdqu": 0.0008329168748958854, "pxor": 0.00013559111916909761, "setz": 0.0013985255434298355, "cmovz": 0.002111347427061663, "bt": 0.000914271546397344, "jb": 0.004493877092461521, "div": 0.0009530118661599433, "jbe": 0.002332167249708479, "cmovae": 0.000228567886599336, "cmova": 0.0004958760929612713, "cmovg": 0.00020919772671803633, "setbe": 2.3244191857559594e-05, "sbb": 0.00019757563078925654, "cmovb": 0.0006508373720116686, "cmovbe": 0.0001937015988129966, "cdqe": 0.0002324419185755959, "seta": 0.00014333918312161748, "movaps": 0.0019525121160350058, "cmovl": 4.261435173885925e-05, "mul": 0.0001472132150978774, "movsx": 0.0011195952411391203, "cqo": 2.7118223833819525e-05, "idiv": 2.7118223833819525e-05, "btc": 3.874031976259932e-06, "cmovs": 0.00011622095928779796, "not": 0.0006004749563202895, "cmovge": 1.937015988129966e-05, "setg": 4.648838371511919e-05, "pcmpeqd": 0.00010072483138275823, "pandn": 3.0992255810079456e-05, "setl": 3.486628778633939e-05, "movsd": 4.648838371511919e-05, "adc": 3.874031976259932e-05, "ud2": 3.874031976259932e-06, "bswap": 8.52287034777185e-05, "setle": 1.937015988129966e-05, "rol": 1.937015988129966e-05, "setb": 7.36066075489387e-05, "setns": 1.1622095928779797e-05, "pcmpeqb": 3.874031976259932e-05, "pmovmskb": 3.874031976259932e-05, "fld": 7.748063952519864e-06, "fstp": 7.748063952519864e-06, "setnl": 7.748063952519864e-06, "jo": 1.5496127905039728e-05, "jno": 3.874031976259932e-06, "ror": 5.0362415691379115e-05, "sets": 7.748063952519864e-06, "setnb": 4.261435173885925e-05, "bsf": 3.874031976259932e-06, "bsr": 3.874031976259932e-06, "bts": 7.748063952519864e-06, "movd": 3.0992255810079456e-05, "pextrw": 2.3244191857559594e-05, "cwde": 7.748063952519864e-06, "pand": 3.874031976259932e-05, "pcmpgtd": 3.874031976259932e-05, "punpckldq": 7.748063952519864e-06, "pshufhw": 3.0992255810079456e-05, "pshuflw": 3.486628778633939e-05, "punpcklwd": 1.5496127905039728e-05, "punpckhwd": 1.5496127905039728e-05, "por": 3.0992255810079456e-05, "psubd": 3.0992255810079456e-05, "pslld": 3.0992255810079456e-05, "psrad": 3.0992255810079456e-05, "packssdw": 1.5496127905039728e-05, "cvtsi2sd": 7.748063952519864e-06, "divsd": 3.874031976259932e-06, "psubq": 7.748063952519864e-06}