{"xor": 0.03388886333553092, "mov": 0.3693789000812597, "pop": 0.023539753358988905, "and": 0.01052798348230941, "push": 0.02422458335249835, "lea": 0.05586986185854683, "call": 0.058941375486152636, "hlt": 5.1106715933540824e-06, "nop": 0.019369445338811974, "cmp": 0.06096520143712085, "jz": 0.05650869580771609, "test": 0.05464330067614185, "jmp": 0.039260179180146064, "ret": 0.008018643729972555, "sub": 0.01211740234784253, "sar": 0.0006848299935094471, "shr": 0.004696707194292402, "add": 0.05203174749193792, "jnz": 0.03300982782147402, "repz ": 1.0221343186708165e-05, "jns": 0.00028108693763447456, "jb": 0.004262300108857305, "jl": 0.0011396797653179605, "movsxd": 0.0066336517281735995, "jg": 0.0020851540100884657, "shl": 0.004451394957811406, "movzx": 0.012664244208331416, "cmova": 0.0004804031297752838, "not": 0.0006899406651028012, "cmovbe": 0.00022486955010757962, "jnb": 0.004788699282972776, "neg": 0.0007972647685632369, "movups": 0.004967572788740169, "ja": 0.004451394957811406, "setz": 0.0014463200609192053, "or": 0.005780169572083467, "jle": 0.001303221256305291, "cmovz": 0.002023825950968217, "jbe": 0.0017631816997071585, "cmovnz": 0.0012061184960315634, "jnl": 0.0015587548359729951, "js": 0.0012470038687783962, "bt": 0.0011396797653179605, "xchg": 0.0018960591611343646, "cmovae": 0.0002044268637341633, "movsx": 0.0012061184960315634, "cmovb": 0.0006643873071360307, "cdqe": 0.00021464820692087148, "cmovg": 0.00025553357966770414, "cmovl": 4.088537274683266e-05, "xorps": 0.0010783517061977114, "setg": 6.132805912024899e-05, "movaps": 0.0023560196045362323, "cmovge": 2.044268637341633e-05, "cmovns": 0.00013798813302056022, "setnz": 0.0008790355140569022, "movdqa": 0.0007206046946629256, "pcmpeqb": 5.1106715933540826e-05, "pmovmskb": 5.1106715933540826e-05, "adc": 4.088537274683266e-05, "inc": 3.066402956012449e-05, "cmovs": 0.00010732410346043574, "seta": 0.0001533201478006225, "sbb": 0.0002044268637341633, "fld": 1.0221343186708165e-05, "fstp": 1.0221343186708165e-05, "movsd": 2.044268637341633e-05, "setnl": 1.0221343186708165e-05, "div": 0.0010221343186708166, "mul": 0.00016354149098733064, "jo": 2.044268637341633e-05, "imul": 0.0017120749837736178, "jno": 5.1106715933540824e-06, "bswap": 7.154940230695716e-05, "rol": 2.044268637341633e-05, "movq": 0.00038841104109491026, "pshufd": 0.0004139643990616807, "paddq": 0.00044973910021515925, "movdqu": 0.0009454742447705053, "cqo": 3.066402956012449e-05, "idiv": 3.066402956012449e-05, "setl": 3.066402956012449e-05, "sets": 1.0221343186708165e-05, "setle": 2.044268637341633e-05, "pxor": 0.0001175454466471439, "pcmpeqd": 9.199208868037349e-05, "setb": 9.199208868037349e-05, "setnb": 5.6217387526894906e-05, "bsf": 5.1106715933540824e-06, "bsr": 5.1106715933540824e-06, "bts": 1.0221343186708165e-05, "movd": 4.088537274683266e-05, "pextrw": 3.066402956012449e-05, "setbe": 2.5553357966770413e-05, "cwde": 1.0221343186708165e-05, "cmovle": 0.00014309880461391432, "pand": 5.1106715933540826e-05, "pcmpgtd": 5.1106715933540826e-05, "punpckldq": 1.0221343186708165e-05, "pandn": 1.0221343186708165e-05, "ror": 6.132805912024899e-05, "setns": 1.0221343186708165e-05, "pshufhw": 4.088537274683266e-05, "pshuflw": 4.5996044340186746e-05, "punpcklwd": 2.044268637341633e-05, "punpckhwd": 2.044268637341633e-05, "por": 4.088537274683266e-05, "psubd": 4.088537274683266e-05, "pslld": 4.088537274683266e-05, "psrad": 4.088537274683266e-05, "packssdw": 2.044268637341633e-05, "cvtsi2sd": 1.0221343186708165e-05, "divsd": 5.1106715933540824e-06, "psubq": 1.0221343186708165e-05}