{"xor": 0.07333078883539972, "mov": 0.30334519397692716, "pop": 0.011228623139335887, "and": 0.010022038635328303, "push": 0.011868851651666441, "lea": 0.1273192893463513, "call": 0.07235813398012829, "hlt": 1.2312086775587594e-05, "nop": 0.015069994213319216, "cmp": 0.05966437251449748, "jz": 0.036320655987983404, "test": 0.03316876177343298, "jmp": 0.07121310990999864, "ret": 0.01100700557737531, "sub": 0.00849533987515544, "sar": 0.0002954900826141023, "shr": 0.003804434813656567, "add": 0.04500067716477266, "jnz": 0.018517378510483743, "repz ": 2.4624173551175188e-05, "jbe": 0.003742874379778629, "jb": 0.00491252262345945, "imul": 0.0013666416320902229, "jnb": 0.012779946073059923, "shl": 0.008877014565198656, "xorps": 0.00032011425616527744, "movups": 0.0035705051649204023, "ja": 0.007756614668620185, "div": 0.0005417318181258541, "bswap": 0.00014774504130705114, "cmovz": 0.002006870144420778, "js": 0.003545880991369227, "jl": 0.0002216175619605767, "movsxd": 0.0053188214870538405, "jnl": 0.00012312086775587594, "cdqe": 0.0002216175619605767, "setnz": 0.00027086590906292706, "xchg": 0.0017113800618066756, "movaps": 0.0016744438014799129, "or": 0.004444663325987122, "movzx": 0.012496768077221408, "setz": 0.0010834636362517082, "jle": 0.0011327119833540588, "jg": 0.0012681449378855222, "movsx": 0.00035705051649204025, "bt": 0.0004678592974723286, "cmovnz": 0.0004186109503699782, "neg": 0.0006525405991061425, "mul": 0.0002339296487361643, "xorpd": 7.387252065352557e-05, "movapd": 0.0005171076445746789, "movupd": 3.6936260326762785e-05, "jns": 0.00030780216938968986, "not": 0.0004924834710235038, "adc": 1.2312086775587594e-05, "movq": 0.0002216175619605767, "movdqa": 0.00027086590906292706, "punpckldq": 0.0001969933884094015, "subpd": 0.00012312086775587594, "unpckhpd": 0.00012312086775587594, "addsd": 0.00012312086775587594, "mulsd": 7.387252065352557e-05, "divsd": 7.387252065352557e-05, "movsd": 9.849669420470075e-05, "cmova": 0.0005540439049014417, "cmovns": 0.00011080878098028835, "cmovae": 0.00025855382228733947, "cmovb": 0.0006156043387793797, "setns": 1.2312086775587594e-05, "cmovbe": 0.0002093054751849891, "sbb": 6.156043387793797e-05, "setbe": 1.2312086775587594e-05, "cmovl": 6.156043387793797e-05, "rol": 1.2312086775587594e-05, "pxor": 0.00012312086775587594, "paddq": 0.00016005712808263872, "movd": 8.618460742911317e-05, "punpcklbw": 7.387252065352557e-05, "punpcklwd": 7.387252065352557e-05, "psllq": 0.00014774504130705114, "pshufd": 0.00018468130163381392, "orpd": 8.618460742911317e-05, "por": 1.2312086775587594e-05, "cqo": 1.2312086775587594e-05, "idiv": 1.2312086775587594e-05, "btc": 1.2312086775587594e-05, "cmovs": 6.156043387793797e-05, "seta": 9.849669420470075e-05, "cmovge": 1.2312086775587594e-05, "setg": 1.2312086775587594e-05, "pcmpeqd": 7.387252065352557e-05, "pandn": 7.387252065352557e-05, "movdqu": 0.00018468130163381392, "inc": 6.156043387793797e-05, "setl": 3.6936260326762785e-05, "pshuflw": 1.2312086775587594e-05}