{"xor": 0.03351861825901891, "mov": 0.36957806282257094, "pop": 0.023384596077118968, "and": 0.010688308224872801, "push": 0.023996402369834288, "lea": 0.055956744772193666, "call": 0.05833599146608658, "hlt": 5.229113612951469e-06, "nop": 0.01890847482443251, "cmp": 0.061363648247985486, "jz": 0.05655286372407013, "test": 0.05468607016424646, "jmp": 0.03903533312068271, "ret": 0.007948252691686232, "sub": 0.012241354967919388, "sar": 0.0006745556560707395, "shr": 0.0047794098422376426, "add": 0.052458467765129135, "jnz": 0.0331107473972087, "repz ": 1.0458227225902938e-05, "ja": 0.004460433911847602, "movsxd": 0.006640974288448365, "movsx": 0.0011451758812363716, "jg": 0.002117791013245345, "jnl": 0.0015948796519501978, "cdqe": 0.00021439365813101023, "jl": 0.0011138011995586628, "cmovz": 0.002222373285504374, "jle": 0.0012759037215601583, "js": 0.0012602163807213039, "cmovbe": 0.0002300809989698646, "cmova": 0.0004915366796174381, "jbe": 0.001762211287564645, "xchg": 0.0018720226734366258, "movaps": 0.002410621375570627, "xorps": 0.0010981138587198083, "movups": 0.004852617432818963, "cmovl": 3.660379529066028e-05, "not": 0.0006850138832966424, "shl": 0.00452318327520302, "movzx": 0.012596934693600088, "jns": 0.0002614556806475734, "jnb": 0.00484215920559306, "cmovge": 2.0916454451805876e-05, "cmovns": 0.00014118606754968965, "or": 0.0058722945873444996, "setnz": 0.0008994075414276526, "setz": 0.0014536935844005083, "movdqa": 0.000737305019426157, "pcmpeqb": 5.229113612951469e-05, "pmovmskb": 5.229113612951469e-05, "adc": 4.183290890361175e-05, "jb": 0.004287873162620204, "inc": 3.137468167770881e-05, "neg": 0.0007843670419427202, "cmovs": 0.00010981138587198083, "cmovnz": 0.0012131543582047408, "bt": 0.0011242594267845657, "cmovae": 0.00019347720367920434, "cmovb": 0.0006745556560707395, "seta": 0.00015687340838854407, "sbb": 0.00020916454451805875, "fld": 1.0458227225902938e-05, "fstp": 1.0458227225902938e-05, "movsd": 2.0916454451805876e-05, "cmovg": 0.00025099745342167047, "setnl": 1.0458227225902938e-05, "div": 0.0010458227225902937, "mul": 0.000167331635614447, "jo": 2.0916454451805876e-05, "imul": 0.001751753060338742, "jno": 5.229113612951469e-06, "bswap": 7.320759058132056e-05, "rol": 2.0916454451805876e-05, "movq": 0.0003974126345843116, "pshufd": 0.00042355820264906895, "paddq": 0.0004601619979397292, "movdqu": 0.0009673860183960217, "cqo": 3.137468167770881e-05, "idiv": 3.137468167770881e-05, "setl": 3.137468167770881e-05, "setg": 5.229113612951469e-05, "sets": 1.0458227225902938e-05, "setle": 2.0916454451805876e-05, "pxor": 0.00012026961309788378, "pcmpeqd": 9.412404503312643e-05, "setb": 9.412404503312643e-05, "setnb": 5.752024974246615e-05, "bsf": 5.229113612951469e-06, "bsr": 5.229113612951469e-06, "bts": 1.0458227225902938e-05, "movd": 4.183290890361175e-05, "pextrw": 3.137468167770881e-05, "setbe": 2.6145568064757344e-05, "cwde": 1.0458227225902938e-05, "cmovle": 0.00014641518116264112, "pand": 5.229113612951469e-05, "pcmpgtd": 5.229113612951469e-05, "punpckldq": 1.0458227225902938e-05, "pandn": 1.0458227225902938e-05, "ror": 6.274936335541762e-05, "setns": 1.0458227225902938e-05, "pshufhw": 4.183290890361175e-05, "pshuflw": 4.706202251656322e-05, "punpcklwd": 2.0916454451805876e-05, "punpckhwd": 2.0916454451805876e-05, "por": 4.183290890361175e-05, "psubd": 4.183290890361175e-05, "pslld": 4.183290890361175e-05, "psrad": 4.183290890361175e-05, "packssdw": 2.0916454451805876e-05, "cvtsi2sd": 1.0458227225902938e-05, "divsd": 5.229113612951469e-06, "psubq": 1.0458227225902938e-05}