{"xor": 0.03627192151024353, "mov": 0.37180915744649373, "pop": 0.024657508911934828, "and": 0.009801972415770079, "push": 0.02440321245775211, "lea": 0.05545512129940865, "call": 0.06135479903644762, "hlt": 4.62357189423117e-06, "nop": 0.018401816139040055, "cmp": 0.059334298118668596, "jz": 0.056315105671735644, "test": 0.055177706985754776, "jmp": 0.03981820115311883, "ret": 0.007836954360721833, "sub": 0.011350869000337521, "sar": 0.0006981593560289066, "shr": 0.004327663293000375, "add": 0.049842105019812004, "jnz": 0.032956820462079775, "repz ": 9.24714378846234e-06, "jns": 0.0002681671698654078, "jl": 0.001035680104307782, "cdqe": 0.0002126843071346338, "setz": 0.00150266086562513, "ja": 0.004244438998904213, "movsxd": 0.006306552063731315, "xorps": 0.0013547065650097326, "movups": 0.0052662483875293015, "or": 0.005506674126029323, "cmovz": 0.002071360208615564, "jnl": 0.0014656722904712806, "jle": 0.0013038472741731897, "movzx": 0.011757743327029864, "setnz": 0.001012562244836626, "xchg": 0.001909535192317473, "bt": 0.0010680451075674002, "jb": 0.003985518972827268, "jnb": 0.00466518404127925, "jg": 0.0019187823361059354, "shl": 0.004198203279961902, "neg": 0.0007443950749712183, "cmovnz": 0.0011697636892404857, "movsx": 0.0012344936957597223, "js": 0.0012206229800770286, "cmovge": 2.7741431365387015e-05, "not": 0.0006473000651923637, "jbe": 0.0016691094538174522, "mul": 0.00015257787250962858, "rol": 2.311785947115585e-05, "cmovb": 0.0006103114900385143, "cmovae": 0.0001849428757692468, "cmovbe": 0.00020806073524040262, "xorpd": 6.01064346250052e-05, "movdqa": 0.0007813836501250676, "paddd": 4.62357189423117e-05, "movd": 9.24714378846234e-05, "pxor": 0.00015257787250962858, "punpcklbw": 5.548286273077403e-05, "punpcklwd": 7.397715030769871e-05, "punpckldq": 6.473000651923638e-05, "movss": 5.548286273077403e-05, "psllq": 0.00011096572546154806, "psrlq": 5.548286273077403e-05, "movsd": 0.00010171858167308572, "orpd": 6.473000651923638e-05, "pshufd": 0.0003883800391154182, "por": 4.62357189423117e-05, "movq": 0.0003606386077500312, "cmova": 0.00043461575805772994, "div": 0.0009894443853654701, "imul": 0.0015905087316155223, "sbb": 0.00020806073524040262, "cmovns": 0.00014333072872116625, "movdqu": 0.0009524558102116209, "pcmpeqd": 9.24714378846234e-05, "adc": 4.62357189423117e-05, "movaps": 0.002186949505971343, "ud2": 4.62357189423117e-06, "setb": 9.24714378846234e-05, "cmovl": 3.698857515384936e-05, "pcmpeqb": 4.62357189423117e-05, "pmovmskb": 4.62357189423117e-05, "inc": 2.7741431365387015e-05, "cmovs": 9.709500977885456e-05, "seta": 0.00013870715682693508, "fld": 9.24714378846234e-06, "fstp": 9.24714378846234e-06, "setns": 9.24714378846234e-06, "cmovg": 0.00022193145092309612, "setnl": 9.24714378846234e-06, "jo": 1.849428757692468e-05, "jno": 4.62357189423117e-06, "bswap": 6.473000651923638e-05, "ror": 6.01064346250052e-05, "paddq": 0.0004068743266923429, "cqo": 2.7741431365387015e-05, "idiv": 2.7741431365387015e-05, "setl": 2.7741431365387015e-05, "setg": 4.62357189423117e-05, "sets": 9.24714378846234e-06, "setle": 1.849428757692468e-05, "setnb": 5.085929083654286e-05, "bsf": 4.62357189423117e-06, "bsr": 4.62357189423117e-06, "bts": 9.24714378846234e-06, "pextrw": 2.7741431365387015e-05, "setbe": 2.311785947115585e-05, "cwde": 9.24714378846234e-06, "cmovle": 0.00012946001303847275, "pand": 4.62357189423117e-05, "pcmpgtd": 4.62357189423117e-05, "pandn": 9.24714378846234e-06, "pshufhw": 3.698857515384936e-05, "pshuflw": 4.161214704808053e-05, "punpckhwd": 1.849428757692468e-05, "psubd": 3.698857515384936e-05, "pslld": 3.698857515384936e-05, "psrad": 3.698857515384936e-05, "packssdw": 1.849428757692468e-05, "cvtsi2sd": 9.24714378846234e-06, "divsd": 4.62357189423117e-06, "psubq": 9.24714378846234e-06}