{"xor": 0.03351946536321913, "mov": 0.36957761810312795, "pop": 0.02333540922007714, "and": 0.010702155607772539, "push": 0.02393724193151667, "lea": 0.055766342374779544, "call": 0.058131806597133184, "hlt": 5.233327925561144e-06, "nop": 0.018955113746382462, "cmp": 0.061381703238906654, "jz": 0.05658797485909264, "test": 0.05469351015003951, "jmp": 0.03917669285075072, "ret": 0.007923258479299571, "sub": 0.012240754017887516, "sar": 0.0006750993023973875, "shr": 0.0048041950356651295, "add": 0.052474579109601585, "jnz": 0.03317929904805765, "repz ": 1.0466655851122288e-05, "ja": 0.004479728704280339, "movsxd": 0.006667259777164897, "movzx": 0.01267512023570909, "movsx": 0.001161798799474574, "jle": 0.0012873986696880413, "bt": 0.0011408654877723293, "jb": 0.004307028882736821, "jnl": 0.001606631673147271, "jl": 0.001130398831921207, "js": 0.0012559987021346745, "xchg": 0.0018839980532020116, "or": 0.0059136605558840925, "shl": 0.004537295311461511, "jnb": 0.004856528314920741, "rol": 3.139996755336686e-05, "bswap": 8.37332468089783e-05, "jg": 0.002114264481926702, "jbe": 0.0017636315109141054, "movaps": 0.002412564173683687, "xorps": 0.0010989988643678402, "movups": 0.004856528314920741, "cmovl": 3.663329547892801e-05, "not": 0.0006855659582485098, "jns": 0.00026166639627805716, "cmovge": 2.0933311702244576e-05, "cdqe": 0.00020933311702244574, "cmovz": 0.0020619312026710908, "cmovns": 0.00014129985399015087, "cmova": 0.0004866994970771864, "setz": 0.001454865163305998, "cmovb": 0.0006750993023973875, "seta": 0.00015699983776683432, "setnz": 0.0009001324031965167, "neg": 0.0007849991888341716, "cmovnz": 0.0012141320787301853, "cmovs": 0.00010989988643678401, "sbb": 0.00020933311702244574, "fld": 1.0466655851122288e-05, "fstp": 1.0466655851122288e-05, "movsd": 2.0933311702244576e-05, "cmovg": 0.0002511997404269349, "setnl": 1.0466655851122288e-05, "div": 0.0010466655851122286, "inc": 3.139996755336686e-05, "mul": 0.0001674664936179566, "jo": 2.0933311702244576e-05, "imul": 0.001753164855062983, "jno": 5.233327925561144e-06, "cmovbe": 0.0002250331007991292, "movq": 0.0003977329223426469, "pshufd": 0.00042389956197045264, "paddq": 0.00046053285744938064, "movdqu": 0.0009681656662288116, "movdqa": 0.0007378992375041213, "cqo": 3.139996755336686e-05, "idiv": 3.139996755336686e-05, "setl": 3.139996755336686e-05, "cmovae": 0.00019363313324576232, "setg": 5.2333279255611435e-05, "sets": 1.0466655851122288e-05, "setle": 2.0933311702244576e-05, "pxor": 0.0001203665422879063, "pcmpeqd": 9.419990266010058e-05, "adc": 4.186662340448915e-05, "setb": 9.419990266010058e-05, "setnb": 5.756660718117258e-05, "bsf": 5.233327925561144e-06, "bsr": 5.233327925561144e-06, "bts": 1.0466655851122288e-05, "movd": 4.186662340448915e-05, "pextrw": 3.139996755336686e-05, "setbe": 2.6166639627805717e-05, "cwde": 1.0466655851122288e-05, "cmovle": 0.00014653318191571203, "pand": 5.2333279255611435e-05, "pcmpgtd": 5.2333279255611435e-05, "punpckldq": 1.0466655851122288e-05, "pandn": 1.0466655851122288e-05, "ror": 6.279993510673372e-05, "pcmpeqb": 5.2333279255611435e-05, "pmovmskb": 5.2333279255611435e-05, "setns": 1.0466655851122288e-05, "pshufhw": 4.186662340448915e-05, "pshuflw": 4.709995133005029e-05, "punpcklwd": 2.0933311702244576e-05, "punpckhwd": 2.0933311702244576e-05, "por": 4.186662340448915e-05, "psubd": 4.186662340448915e-05, "pslld": 4.186662340448915e-05, "psrad": 4.186662340448915e-05, "packssdw": 2.0933311702244576e-05, "cvtsi2sd": 1.0466655851122288e-05, "divsd": 5.233327925561144e-06, "psubq": 1.0466655851122288e-05}