{"or": 0.1101996857049962, "bal": 0.02527568548824103, "nop": 0.024666061558469708, "lui": 0.010888560745637802, "addiu": 0.06819321014414219, "daddu": 0.025888696217622197, "ld": 0.24750054188793758, "daddiu": 0.08721686355261732, "and": 0.0033563184133521187, "jalr": 0.03491113037823778, "b": 0.0469918445865395, "beq": 0.056000731548715724, "jr": 0.010360220006502656, "dsubu": 0.003779668364582204, "dsra": 0.00026078356995773276, "dsrl32": 0.00011515118673458329, "sd": 0.0749126205700661, "lbu": 0.00880567898558578, "bne": 0.03031524330768397, "sltu": 0.006990354394711173, "sb": 0.007389996748672374, "dsll": 0.009063075755933674, "andi": 0.010360220006502656, "lb": 0.0051445486073480005, "lw": 0.02822897474802211, "sw": 0.011328844694917092, "sdl": 0.0005825295328925978, "sdr": 0.0005825295328925978, "ldl": 0.0006401051262598895, "ldr": 0.0006401051262598895, "ori": 0.0028144304757776093, "sltiu": 0.007156307575593367, "dext": 0.005964154112929446, "slt": 0.0010363606806112495, "movz": 0.0011142570716375854, "bgtz": 0.00013885878400346808, "seb": 9.483038907553917e-05, "slti": 0.0009991058849030021, "blez": 0.000558821935623713, "dmult": 0.0008196055055814458, "mfhi": 0.0002980383656659803, "dsra32": 0.00011515118673458329, "ext": 0.001290370651349301, "ins": 0.002289476536252303, "sll": 0.003207299230519129, "movn": 0.0011786062642245583, "addu": 0.0017171074021892273, "xori": 0.0008873414977782594, "lhu": 0.0033156768180340307, "mul": 0.00019643437737075972, "srl": 0.00046737834615801453, "multu": 1.354719843936274e-05, "sh": 0.0015342202232578302, "bltz": 0.0007450959141649506, "subu": 0.0015748618185759185, "nor": 0.0004707651457678552, "xor": 0.0010770022759293378, "lwu": 0.0014360030345724505, "clz": 2.032079765904411e-05, "ddiv": 6.434919258697301e-05, "teq": 0.0004809255445973773, "sllv": 0.0008636339005093747, "bgez": 0.00014224558361330877, "dsll32": 0.0005114067410859434, "dins": 5.418879375745096e-05, "dmultu": 7.789639102633576e-05, "dsrl": 0.0013039178497886636, "ddivu": 0.0003725479570824753, "mflo": 0.0011786062642245583, "sra": 0.00023030237346916658, "dsllv": 0.0003623875582529533, "seh": 0.0001117643871247426, "dsrlv": 0.00035900075864311263, "lh": 0.00017611357971171563, "dclz": 3.386799609840685e-06, "dsrav": 2.032079765904411e-05, "dextu": 0.0002912647664462989, "srlv": 9.821718868537986e-05, "srav": 8.805678985585781e-05, "div": 2.709439687872548e-05, "ldc1": 3.386799609840685e-06, "sdc1": 3.386799609840685e-06, "ldxc1": 3.386799609840685e-06, "dmfc1": 3.386799609840685e-06, "dextm": 6.77359921968137e-06, "divu": 1.6933998049203424e-05, "dinsm": 3.386799609840685e-06, "dmtc1": 1.0160398829522055e-05, "cvt.d.l": 6.77359921968137e-06, "div.d": 3.386799609840685e-06}