{"daddiu": 0.11441224073852056, "sd": 0.041242057307277306, "lui": 0.005095312312672341, "daddu": 0.021947308476201893, "ld": 0.21552421771969787, "sw": 0.006788754346001679, "addiu": 0.06435079726651481, "jalr": 0.0462399592375015, "or": 0.09436818127322863, "lw": 0.01368241218079367, "slti": 0.0002697518283179475, "bne": 0.026150941134156575, "nop": 0.0441718618870639, "beq": 0.05665537705311114, "slt": 0.00016484833952763457, "dsll": 0.014379271070615034, "b": 0.06335421412300683, "bltz": 0.000681872677137034, "ori": 0.0019107421172521281, "andi": 0.01912240738520561, "jr": 0.010063241817527874, "lb": 0.0027799424529432923, "sll": 0.005627322862966072, "bgez": 0.013405167246133557, "sb": 0.006069416137153819, "bal": 0.0037240738520561084, "sltu": 0.02651810334492267, "dext": 0.0057097470327298885, "lbu": 0.020695959717060303, "xori": 0.0017384006713823282, "movz": 0.0005020381249250689, "movn": 0.0006968588898213643, "and": 0.0012138832274307637, "dsubu": 0.003851456659872917, "dsra": 0.0002997242536866083, "dsrl32": 0.00021730008392279102, "sltiu": 0.00989839347800024, "addu": 0.0008991727610598249, "lwu": 0.001191403908404268, "xor": 0.0007717899532430165, "subu": 0.0017309075650401632, "nor": 0.00021730008392279102, "lhu": 0.0018882627982256324, "blez": 0.0002023138712384606, "sllv": 0.0002772449346601127, "ext": 0.0002622587219757823, "dsrlv": 0.00022479319026495623, "srl": 0.0007343244215321904, "dsll32": 0.006961095791871479, "seb": 0.011621807936698238, "sh": 0.0011464452703512768, "sdl": 0.0013262798225632418, "sdr": 0.0013262798225632418, "dsrl": 0.0008167485912960077, "dmult": 0.0003896415297925908, "mflo": 0.0006593933581105383, "ddivu": 0.0001873276585541302, "teq": 0.0002622587219757823, "dmultu": 0.0001948207648962954, "mfhi": 0.00039713463613475603, "dsllv": 0.0005619829756623905, "dsra32": 4.4958638052991246e-05, "multu": 8.991727610598249e-05, "mul": 0.0001873276585541302, "dextu": 7.493106342165208e-05, "ins": 0.00022479319026495623, "sdc1": 2.997242536866083e-05, "ldc1": 7.493106342165208e-05, "cvt.d.l": 0.00013487591415897374, "dmtc1": 0.00011988970147464332, "mul.d": 5.994485073732166e-05, "div.d": 5.994485073732166e-05, "dmfc1": 5.994485073732166e-05, "mov.d": 1.4986212684330415e-05, "add.d": 5.994485073732166e-05, "srav": 7.493106342165208e-06, "wsbh": 5.994485073732166e-05, "lh": 2.997242536866083e-05, "sra": 1.4986212684330415e-05, "ldl": 0.00023228629660712144, "ldr": 0.00023228629660712144, "ddiv": 7.493106342165208e-06, "divu": 4.4958638052991246e-05, "div": 1.4986212684330415e-05, "mult": 1.4986212684330415e-05, "dinsu": 3.746553171082604e-05, "bgtz": 7.493106342165208e-06, "dsbh": 7.493106342165208e-06, "dshd": 7.493106342165208e-06, "lwl": 8.991727610598249e-05, "lwr": 8.991727610598249e-05, "rotr": 4.4958638052991246e-05, "dins": 7.493106342165208e-06, "srlv": 3.746553171082604e-05}