{"daddiu": 0.07755978566811918, "sd": 0.08139607614202614, "lui": 0.010111961303504785, "daddu": 0.027583762483581093, "ld": 0.2512249025290328, "sw": 0.011420261451535558, "addiu": 0.06107833121364385, "jalr": 0.03441715489022788, "or": 0.10715551571002647, "bal": 0.014495548652085983, "nop": 0.04744282050747451, "lw": 0.02316368867668828, "beq": 0.05811250338802827, "sltiu": 0.005446906990805412, "dext": 0.006979338239893251, "dsll": 0.010033776035694181, "jr": 0.014485123949711236, "bne": 0.034505764860413235, "subu": 0.0021214269332610553, "blez": 0.000443049850926756, "ext": 0.001787836457269145, "bltz": 0.0006723933031711945, "bgtz": 0.00011988407730959282, "b": 0.03159727289785877, "andi": 0.011560994933594646, "sltu": 0.008709838834101286, "lbu": 0.010033776035694181, "dsllv": 0.0006046327377353377, "and": 0.003940537497654442, "xor": 0.0012196901778454225, "dsubu": 0.003877989283405959, "lb": 0.004378374997393825, "movn": 0.001146717261222192, "dsra": 0.00026061755936868, "dsrl32": 0.0002189187498696912, "sb": 0.007766403269186665, "sdl": 0.0006254821424848321, "sdr": 0.0006254821424848321, "slti": 0.0006046327377353377, "sll": 0.0031847465754852697, "slt": 0.0010998061005358297, "movz": 0.0011102308029105768, "nor": 0.0003335904759919104, "addu": 0.002163125742760044, "lwu": 0.0016366782728353105, "ori": 0.0024602297604403396, "dsrl": 0.0014438212789024873, "xori": 0.000703667410295436, "lhu": 0.0024445927068782185, "bgez": 0.0001928569939328232, "sra": 0.0002814669641181744, "ins": 0.0021683380939474177, "dsll32": 0.00078185267810604, "ldc1": 5.2123511873736e-06, "sdc1": 5.2123511873736e-06, "sh": 0.0016783770823342993, "sllv": 0.0005160227675499864, "ddivu": 0.0005316598211121072, "teq": 0.0008287638387924024, "mfhi": 0.00039613869024039363, "srl": 0.000573358630611096, "dextm": 1.04247023747472e-05, "dmult": 0.0009642849696641161, "dmultu": 0.00010424702374747201, "mflo": 0.0015167941955257177, "wsbh": 6.77605654358568e-05, "rotr": 3.6486458311615204e-05, "seh": 0.0002189187498696912, "lwl": 4.16988094989888e-05, "lwr": 4.16988094989888e-05, "seb": 9.38223213727248e-05, "ddiv": 3.6486458311615204e-05, "divu": 2.08494047494944e-05, "dsrlv": 0.000495173362800492, "ldl": 0.0008235514876050289, "ldr": 0.0008235514876050289, "lh": 0.00017721994037070242, "mul": 0.0002814669641181744, "dextu": 0.00030231636886766884, "div": 2.08494047494944e-05, "multu": 7.297291662323041e-05, "dinsu": 2.6061755936868003e-05, "dsra32": 0.0001094593749348456, "mult": 1.04247023747472e-05, "dsbh": 5.2123511873736e-06, "dshd": 5.2123511873736e-06, "dsrav": 5.2123511873736e-06, "clz": 5.2123511873736e-06, "srlv": 6.254821424848321e-05, "srav": 0.00011988407730959282, "dmtc1": 1.5637053562120803e-05, "cvt.d.l": 1.04247023747472e-05, "div.d": 5.2123511873736e-06}