{"daddiu": 0.0773213628320686, "sd": 0.0735805811868372, "lui": 0.007083734131366751, "daddu": 0.026865343736268955, "ld": 0.23355243625826833, "sw": 0.01197050126474046, "addiu": 0.06732813186552186, "jalr": 0.03880912513211491, "or": 0.10806405643236311, "nop": 0.04406700155569014, "lw": 0.020589143420380727, "beq": 0.059837661952094244, "sltiu": 0.006451363900863349, "dext": 0.007736886482121439, "dsll": 0.012466303276449701, "jr": 0.011578609854287648, "bne": 0.0315413207928082, "slt": 0.0010598881328155616, "b": 0.03488724215326517, "bal": 0.010952177372427471, "bgtz": 8.906622964836653e-05, "sll": 0.00483332739558469, "bgez": 0.005421164511263909, "lb": 0.005323191658650706, "sltu": 0.014805776241880128, "blez": 0.000409704656382486, "and": 0.0026838623867374446, "dsubu": 0.0038446922464878217, "dsra": 0.00021079007683446745, "dsrl32": 0.00015735033904544754, "lbu": 0.013511347037657202, "sb": 0.010886862137352002, "andi": 0.014879998099920435, "ext": 0.001199425225931336, "ddivu": 0.00038001591316636385, "teq": 0.0006501834764330756, "mflo": 0.0011370788651774793, "xor": 0.0008669113019107675, "movn": 0.0009381642856294607, "bltz": 0.0007451874547246666, "lhu": 0.0025769829111594047, "slti": 0.0011816119800016627, "movz": 0.0009322265369862363, "ldl": 0.0004987708860308526, "ldr": 0.0004987708860308526, "sdl": 0.00045126889688505706, "sdr": 0.00045126889688505706, "dsll32": 0.003218259764627644, "srl": 0.0004572066455282815, "subu": 0.0018674219482940847, "dmult": 0.0006650278480411368, "divu": 5.640861211063213e-05, "addu": 0.002113838516987899, "xori": 0.0005522106238198724, "lwu": 0.0011964563516097236, "nor": 0.00022563444844252853, "mul": 0.0002196966997993041, "dsllv": 0.00047798876577956703, "ins": 0.001377557685228069, "sh": 0.0019891457954801855, "dsrl": 0.0009589464058807462, "seb": 0.0045720664552828146, "ori": 0.0019297683090479414, "dmultu": 0.00010687947557803983, "mfhi": 0.00031173180376928283, "lh": 0.0001187549728644887, "dsra32": 7.125298371869322e-05, "sra": 0.00022266557412091632, "ddiv": 2.375099457289774e-05, "div": 1.7813245929673304e-05, "mult": 1.187549728644887e-05, "dinsu": 0.00012469272150771314, "multu": 5.04708634674077e-05, "sdc1": 1.4844371608061087e-05, "mov.d": 1.187549728644887e-05, "dmfc1": 5.937748643224435e-06, "ldc1": 1.4844371608061087e-05, "dins": 9.500397829159096e-05, "dsrlv": 0.00041861127934732267, "srav": 8.015960668352987e-05, "dsbh": 5.937748643224435e-06, "dshd": 5.937748643224435e-06, "wsbh": 5.937748643224435e-05, "lwl": 5.937748643224435e-05, "lwr": 5.937748643224435e-05, "rotr": 3.8595366180958825e-05, "sllv": 0.00036220266723669054, "srlv": 6.234636075385657e-05, "dextm": 5.937748643224435e-06, "seh": 0.00013359934447254977, "dextu": 0.00029688743216122176, "dsrav": 2.9688743216122176e-06, "clz": 2.9688743216122176e-06, "dmtc1": 8.906622964836652e-06, "cvt.d.l": 5.937748643224435e-06, "div.d": 2.9688743216122176e-06}