{"daddiu": 0.07924576487613859, "sd": 0.08143355750404359, "lui": 0.009483272324848897, "daddu": 0.025985357963735422, "ld": 0.25264322805822764, "sw": 0.011347578105048097, "addiu": 0.061207116710649524, "jalr": 0.035191963905678046, "or": 0.11743849493487699, "nop": 0.04469651825998127, "lw": 0.021950285179194687, "bltz": 0.0006342044777389972, "beq": 0.05787860730399251, "sltiu": 0.005533327658125479, "dext": 0.006946454413892909, "dsll": 0.009547118413211883, "jr": 0.013965267727930535, "bal": 0.01767685366476547, "b": 0.0322890950881076, "bne": 0.03314888907806248, "bgez": 0.0002085638886524219, "movz": 0.0010428194432621095, "slt": 0.0009917425725717204, "subu": 0.0017706648506001532, "blez": 0.00042138418319570954, "sltu": 0.007955222610028092, "bgtz": 0.00012343577083510684, "sll": 0.0030944070826594023, "slti": 0.0006299480718481315, "and": 0.0033497914361113475, "dsubu": 0.0034774836128373204, "dsra": 0.00023835872988848216, "dsrl32": 0.00017876904741636162, "lbu": 0.008546863028858431, "sb": 0.007350812973525155, "andi": 0.010313271473567719, "lb": 0.004779943815442241, "dsrlv": 0.0004171277773048438, "ori": 0.0022644079339405807, "ddivu": 0.0004639482421043671, "teq": 0.0007108197837745807, "mflo": 0.0012896909849323232, "ext": 0.0015025112794756108, "mfhi": 0.0003405124712692602, "srl": 0.0004724610538860986, "addu": 0.0018515365625266025, "sra": 0.00023835872988848216, "dmult": 0.0008257427428279561, "lwu": 0.0015025112794756108, "nor": 0.0002894356005788712, "ins": 0.001843023750744871, "lh": 0.00018302545330722738, "sh": 0.0014684600323486847, "movn": 0.001034306631480378, "dsll32": 0.0006639993189750575, "dsllv": 0.0005448199540308164, "dsrl": 0.001204562867115008, "xori": 0.0006427172895207287, "seh": 0.00018302545330722738, "lhu": 0.0022133310632501913, "dsra32": 9.789733548991231e-05, "xor": 0.0010215374138077807, "ldc1": 2.1282029454328764e-05, "sdc1": 1.702562356346301e-05, "mov.d": 8.512811781731506e-06, "seb": 8.08717119264493e-05, "mul": 0.00023835872988848216, "srav": 0.00010641014727164382, "sdl": 0.0005150251127947561, "sdr": 0.0005150251127947561, "dmfc1": 4.256405890865753e-06, "ddiv": 2.979484123606027e-05, "sllv": 0.00042138418319570954, "dextm": 8.512811781731506e-06, "dmultu": 8.512811781731506e-05, "wsbh": 5.5333276581254786e-05, "rotr": 2.979484123606027e-05, "lwl": 3.405124712692602e-05, "lwr": 3.405124712692602e-05, "divu": 1.702562356346301e-05, "ldl": 0.000672512130756789, "ldr": 0.000672512130756789, "dextu": 0.0002468715416702137, "div": 1.702562356346301e-05, "multu": 5.958968247212054e-05, "dinsu": 2.1282029454328764e-05, "mult": 8.512811781731506e-06, "dsbh": 4.256405890865753e-06, "dshd": 4.256405890865753e-06, "dsrav": 4.256405890865753e-06, "clz": 4.256405890865753e-06, "srlv": 5.1076870690389034e-05, "dmtc1": 1.2769217672597258e-05, "cvt.d.l": 8.512811781731506e-06, "div.d": 4.256405890865753e-06}