{"daddiu": 0.07770234227244072, "sd": 0.07967120896173803, "lui": 0.00989282769991756, "daddu": 0.027059793414480383, "ld": 0.2533582270500946, "sw": 0.011284612773386354, "jalr": 0.0357887590320547, "or": 0.10613452305901751, "nop": 0.0471509626109306, "lw": 0.023723388778429756, "addiu": 0.061558605305271324, "beq": 0.05682071674506571, "sltiu": 0.00520828281848601, "dext": 0.00695892536734397, "dsll": 0.0104456621890306, "jr": 0.014077881771010135, "bal": 0.014650113961495563, "ori": 0.0025507977304689393, "bne": 0.03445031763735997, "andi": 0.011619223122060035, "slt": 0.0011008195528829834, "b": 0.03151641530478638, "sll": 0.0031618253236991418, "blez": 0.0004364482808787159, "bltz": 0.0006983172494059454, "lb": 0.004160806944377092, "slti": 0.0005673827651423306, "and": 0.00376315406624315, "nor": 0.00030551379661510113, "dsubu": 0.003976528781339412, "dsra": 0.0002909655205858106, "dsrl32": 0.00020852528975316424, "lbu": 0.009655205858105814, "sltu": 0.008932641481984385, "sb": 0.007322632268076233, "subu": 0.002007662092042093, "sh": 0.001571213811163377, "addu": 0.0021191988749333203, "lwu": 0.0017409436981717667, "sdc1": 0.00019397701372387373, "ldc1": 0.0005964793172009117, "dmtc1": 0.00035885747538916637, "cvt.d.l": 0.0002812666698996169, "mul.d": 9.698850686193686e-05, "div.d": 0.00021822414043935794, "dmfc1": 0.00021822414043935794, "bgtz": 0.00011638620823432423, "movz": 0.0010911207021967898, "dsrl": 0.001483924154987634, "add.d": 0.00018427816303768002, "sub.d": 3.879540274477474e-05, "c.lt.d": 9.698850686193686e-05, "bc1t": 0.00012123563357742108, "bgez": 0.00022792299112555162, "c.eq.d": 3.879540274477474e-05, "bc1f": 4.849425343096843e-05, "mov.d": 1.939770137238737e-05, "ins": 0.002094951748217836, "trunc.l.d": 4.849425343096843e-05, "movn": 0.0011687115076863392, "sra": 0.00026671839387032637, "dsra32": 0.00011153678289122739, "dextu": 0.0002861160952427137, "dmultu": 0.0001018379322050337, "mfhi": 0.0003734057514184569, "dsll32": 0.0007662092042093012, "lhu": 0.002293778187284807, "seb": 0.00010668735754813055, "xori": 0.0007856069055816885, "dmult": 0.0009456379419038844, "mflo": 0.0014693758789583434, "dsllv": 0.0005819310411716212, "xor": 0.0011638620823432424, "ddiv": 3.879540274477474e-05, "teq": 0.0007807574802385917, "c.le.d": 3.39459774016779e-05, "dextm": 1.4548276029290528e-05, "ddivu": 0.0004994908103389749, "sdl": 0.000586780466514718, "sdr": 0.000586780466514718, "ext": 0.001668202318025314, "srl": 0.0005431356384268464, "sllv": 0.00048009310896658745, "wsbh": 6.304252946025896e-05, "rotr": 3.39459774016779e-05, "seh": 0.0002036758644100674, "lwl": 3.879540274477474e-05, "lwr": 3.879540274477474e-05, "divu": 1.939770137238737e-05, "dsrlv": 0.0004606954075942001, "ldl": 0.0007662092042093012, "ldr": 0.0007662092042093012, "lh": 0.00016488046166529267, "mul": 0.0002618689685272295, "div": 1.939770137238737e-05, "multu": 6.78919548033558e-05, "dinsu": 2.4247126715484216e-05, "mult": 9.698850686193686e-06, "dsbh": 4.849425343096843e-06, "dshd": 4.849425343096843e-06, "dsrav": 4.849425343096843e-06, "clz": 4.849425343096843e-06, "srlv": 5.8193104117162113e-05, "srav": 0.00011153678289122739}