{"daddiu": 0.07051177462337521, "sd": 0.0807409220282446, "lui": 0.008701800184913254, "daddu": 0.030034807200739654, "ld": 0.23806221787132212, "sw": 0.01278983339678396, "or": 0.10113576621163503, "jalr": 0.03618498576893095, "bal": 0.010546400536611012, "nop": 0.046835626620257066, "addiu": 0.07047551712260473, "lw": 0.024052319573611793, "beq": 0.0597161037689672, "sltiu": 0.005982487627127862, "dext": 0.007459980783524591, "dsll": 0.011575207120973152, "jr": 0.012164391508493319, "ori": 0.0025561538043182685, "b": 0.03245046318957234, "and": 0.003748119142147532, "slt": 0.001373252841681623, "bne": 0.03570004169612589, "slti": 0.0014185747176447127, "andi": 0.01278530120918765, "lhu": 0.0034671235111763746, "sb": 0.013134279654103442, "dsubu": 0.004092565399467014, "dsra": 0.0002764634433748482, "dsrl32": 0.00021754500462283134, "lbu": 0.010777542104022769, "sltu": 0.008574898932216602, "lb": 0.005021663856710357, "sll": 0.004378093218034481, "movz": 0.0011511756494624826, "blez": 0.0005302659487681514, "subu": 0.0025198963035477965, "bltz": 0.0008565834557023984, "nor": 0.0003036565689527021, "addu": 0.002964050687986077, "lwu": 0.0014865575315893475, "sdl": 0.0005665234495386233, "sdr": 0.0005665234495386233, "dsrl": 0.001350591903700078, "xori": 0.0006616993890611121, "movn": 0.0011919653378292634, "xor": 0.0012191584634071173, "bgez": 0.00026286688058592124, "sra": 0.000335381882126865, "ins": 0.001994162542375954, "dsll32": 0.0007206178278131288, "ldc1": 4.5321875963089865e-06, "sdc1": 4.5321875963089865e-06, "dsllv": 0.0006254418882906402, "ext": 0.0016905059734232519, "sh": 0.0027374413081706277, "sllv": 0.0004668153224198256, "ddivu": 0.0004940084479976795, "teq": 0.0008157937673356176, "mfhi": 0.00036257500770471893, "srl": 0.000666231576657421, "dextm": 9.064375192617973e-06, "dmultu": 0.00010877250231141567, "dmult": 0.0008475190805097805, "mflo": 0.0013959137796631677, "wsbh": 5.891843875201682e-05, "rotr": 3.1725313174162905e-05, "seh": 0.0002039484418339044, "lwl": 3.625750077047189e-05, "lwr": 3.625750077047189e-05, "seb": 0.00011783687750403364, "dins": 8.611156432987075e-05, "dinsu": 0.00011330468990772466, "ddiv": 3.1725313174162905e-05, "divu": 1.8128750385235946e-05, "dsrlv": 0.0006299740758869491, "ldl": 0.0007160856402168199, "ldr": 0.0007160856402168199, "lh": 0.00015409437827450554, "mul": 0.00024927031779699424, "bgtz": 9.064375192617973e-05, "dextu": 0.0004532187596308986, "div": 1.8128750385235946e-05, "multu": 6.79828139446348e-05, "dsra32": 9.517593952248872e-05, "mult": 9.064375192617973e-06, "dsbh": 4.5321875963089865e-06, "dshd": 4.5321875963089865e-06, "dsrav": 4.5321875963089865e-06, "clz": 4.5321875963089865e-06, "srlv": 5.4386251155707835e-05, "srav": 0.00011330468990772466, "dmtc1": 1.3596562788926959e-05, "cvt.d.l": 9.064375192617973e-06, "div.d": 4.5321875963089865e-06}