{"daddiu": 0.071521047569727, "sd": 0.08191536583561441, "lui": 0.008108308056521418, "daddu": 0.028035066952726197, "ld": 0.24176222534586078, "sw": 0.013268476733002885, "addiu": 0.06992675889620478, "jalr": 0.03785233409780277, "or": 0.10968410150181253, "nop": 0.04441814011984908, "lw": 0.022897092550122067, "bltz": 0.0007915957682917808, "beq": 0.05906636087889325, "sltiu": 0.006136716727084412, "dext": 0.007664422578974625, "dsll": 0.011008359843160464, "jr": 0.011740770881112673, "bal": 0.01330916623511134, "b": 0.03308796330546719, "bne": 0.03416808463416439, "bgez": 0.000270030332174299, "movz": 0.001106014648220759, "slt": 0.001202189835022564, "subu": 0.002115854109639713, "blez": 0.0004919730709476955, "sltu": 0.0079307538655027, "bgtz": 0.00010357327809425168, "sll": 0.004050454982614486, "slti": 0.0012798697935932528, "and": 0.003192276392690686, "dsubu": 0.0036694532810534882, "dsra": 0.00024783605829695936, "dsrl32": 0.00017755419101871716, "lbu": 0.00936598357623733, "sb": 0.012458385736479989, "andi": 0.01142265295553747, "lb": 0.005267441000221943, "dsrlv": 0.000525264481763705, "ori": 0.0023377968484131094, "dsll32": 0.0006214396685655101, "ddivu": 0.0004475845231930162, "teq": 0.0007139158097210919, "mflo": 0.0012095879263150106, "ext": 0.0014204335281497373, "mfhi": 0.00031071983428275507, "srl": 0.0005474587556410447, "addu": 0.0025227491307242733, "sra": 0.0002774284234667456, "dmult": 0.0007324110379522083, "lwu": 0.001350151660871495, "ins": 0.0017348524080787156, "movn": 0.0010690241917585264, "xori": 0.0006029444403343937, "nor": 0.0002589331952356292, "lh": 0.00015535991714137753, "sh": 0.002385884441814012, "dsllv": 0.0005770511208108308, "dsrl": 0.0011245098764518754, "seh": 0.00017015609972627062, "lhu": 0.0030628097950728714, "dsra32": 8.507804986313531e-05, "dins": 0.00011836946067914478, "dinsu": 0.00014056373455648442, "xor": 0.0010209365983576237, "ldc1": 1.4796182584893097e-05, "sdc1": 1.4796182584893097e-05, "mov.d": 7.398091292446549e-06, "seb": 9.987423244802841e-05, "mul": 0.00021084560183472664, "srav": 9.987423244802841e-05, "sdl": 0.0004808759340090257, "sdr": 0.0004808759340090257, "dmfc1": 3.6990456462232743e-06, "ddiv": 2.589331952356292e-05, "sllv": 0.00038100170156099724, "dextm": 7.398091292446549e-06, "dmultu": 8.877709550935858e-05, "wsbh": 4.808759340090257e-05, "rotr": 2.589331952356292e-05, "lwl": 2.9592365169786195e-05, "lwr": 2.9592365169786195e-05, "divu": 1.4796182584893097e-05, "ldl": 0.0005844492121032773, "ldr": 0.0005844492121032773, "dextu": 0.00036990456462232746, "div": 1.4796182584893097e-05, "multu": 5.548568469334912e-05, "mult": 7.398091292446549e-06, "dsbh": 3.6990456462232743e-06, "dshd": 3.6990456462232743e-06, "dsrav": 3.6990456462232743e-06, "clz": 3.6990456462232743e-06, "srlv": 4.438854775467929e-05, "dmtc1": 1.1097136938669823e-05, "cvt.d.l": 7.398091292446549e-06, "div.d": 3.6990456462232743e-06}