{"or": 0.11344514978912126, "bal": 0.01750076090264794, "nop": 0.02690334362363581, "lui": 0.01077764250619592, "addiu": 0.06407887299447802, "daddu": 0.029066481151354406, "ld": 0.23610265663724508, "daddiu": 0.07931323101004391, "and": 0.0033044914996304187, "jalr": 0.03736032001391365, "b": 0.04646941171355276, "beq": 0.06032327492499674, "jr": 0.010837427714248445, "dsubu": 0.003907778599069525, "dsra": 0.00021196573764076698, "dsrl32": 0.00016305056741597462, "sd": 0.08421018305143702, "lbu": 0.010772207487282056, "bne": 0.03042523587982086, "sltu": 0.008554719770424801, "sb": 0.008288403843645376, "dsll": 0.010277620766120266, "lw": 0.024403234923257532, "lb": 0.004201269620418279, "xori": 0.000994608461237445, "sltiu": 0.00550023914083221, "dext": 0.006967694247575981, "sw": 0.011375494586721161, "ori": 0.0029512152702291404, "slt": 0.000967433366668116, "slti": 0.0006467672507500326, "andi": 0.011685290664811514, "lhu": 0.0028914300621766162, "sdl": 0.0006250271750945694, "sdr": 0.0006250271750945694, "sll": 0.003168616026783773, "movz": 0.0011250489151702248, "subu": 0.0018968216009391712, "bltz": 0.0007772077046828123, "nor": 0.00028805600243488847, "addu": 0.0022500978303404496, "lwu": 0.0020435671116135483, "dsrl": 0.0015272403147962954, "movn": 0.0014565850689160398, "xor": 0.001331579633897126, "sra": 0.00032610113483194924, "ins": 0.002755554589329971, "ldc1": 5.43501891386582e-06, "sdc1": 5.43501891386582e-06, "ldxc1": 5.43501891386582e-06, "dmfc1": 5.43501891386582e-06, "ext": 0.001842471411800513, "sh": 0.0016142006174181486, "sllv": 0.0005924170616113745, "blez": 0.0005380668724727162, "ddivu": 0.0005380668724727162, "teq": 0.0006413322318361668, "mfhi": 0.0003532762294012783, "srl": 0.0006685073264054959, "dextm": 1.087003782773164e-05, "dsll32": 0.0006304621940084351, "dmult": 0.001119613896256359, "dmultu": 0.0001087003782773164, "mflo": 0.0016794208443845385, "dsllv": 0.00042393147528153397, "seb": 9.783034044958476e-05, "bgez": 0.0001358754728466455, "ddiv": 3.804513239706074e-05, "divu": 2.71750945693291e-05, "dsrlv": 0.0004674116265924605, "ldl": 0.0009022131397017261, "ldr": 0.0009022131397017261, "lh": 0.00016848558632984043, "dextu": 0.00046197660767859474, "mul": 0.0002608809078655594, "bgtz": 0.00011957041610504805, "dinsm": 5.43501891386582e-06, "div": 3.804513239706074e-05, "dsra32": 0.00014131049176051131, "seh": 0.0001304404539327797, "dsrav": 5.43501891386582e-06, "clz": 5.43501891386582e-06, "multu": 1.087003782773164e-05, "srlv": 6.522022696638984e-05, "srav": 0.00012500543501891388, "dmtc1": 1.630505674159746e-05, "cvt.d.l": 1.087003782773164e-05, "div.d": 5.43501891386582e-06}