{"daddiu": 0.0775203082691106, "sd": 0.08141012289106436, "lui": 0.010107269318891898, "daddu": 0.02758279525098938, "ld": 0.25109872943136846, "sw": 0.01146636117475526, "addiu": 0.06119037700479067, "jalr": 0.0343418037908769, "or": 0.10720683191001874, "bal": 0.014465736304936472, "sb": 0.007784836492397417, "nop": 0.04740158300354093, "lw": 0.023125390543636742, "beq": 0.0580920641533014, "sltiu": 0.005451989168923141, "dext": 0.006988127473443032, "dsll": 0.010065611330972715, "jr": 0.014491772547385961, "bne": 0.03451885023953343, "blez": 0.0004478233701312227, "lbu": 0.010039575088523224, "andi": 0.01159133513851281, "dsllv": 0.0006040408248281608, "slt": 0.0011351801707977505, "b": 0.03161320558217038, "bltz": 0.0006613205582170381, "sll": 0.003192043324307436, "xori": 0.0007081857946261195, "lb": 0.004410539470943553, "dsll32": 0.0007915017704644866, "and": 0.003947094355342637, "dsubu": 0.00386377837950427, "dsra": 0.00026556967298479485, "dsrl32": 0.0002187044365757134, "sltu": 0.008690897729639659, "lhu": 0.0024526140387419286, "slti": 0.0006144553218079567, "sdl": 0.0006248698187877526, "sdr": 0.0006248698187877526, "movz": 0.0011091439283482608, "subu": 0.0021141428868985627, "nor": 0.000333263903353468, "addu": 0.0021610081233076443, "lwu": 0.0016350760258279525, "ori": 0.0024578212872318267, "dsrl": 0.001442407831701729, "movn": 0.0011403874192876483, "xor": 0.0012132888981462196, "bgez": 0.0001926681941262237, "sra": 0.00028119141845448864, "ins": 0.0021662153717975424, "ldc1": 5.207248489897938e-06, "sdc1": 5.207248489897938e-06, "ext": 0.0017808789835450948, "sh": 0.001676734013747136, "sllv": 0.0005155176004998959, "ddivu": 0.0005311393459695897, "teq": 0.0008279525098937721, "mfhi": 0.0003957508852322433, "srl": 0.0005727973338887732, "dextm": 1.0414496979795876e-05, "dmult": 0.0009633409706311185, "dmultu": 0.00010414496979795876, "mflo": 0.0015153093105603, "wsbh": 6.76942303686732e-05, "rotr": 3.645073942928557e-05, "seh": 0.0002187044365757134, "lwl": 4.16579879191835e-05, "lwr": 4.16579879191835e-05, "seb": 9.373047281816288e-05, "ddiv": 3.645073942928557e-05, "divu": 2.082899395959175e-05, "dsrlv": 0.0004946886065403041, "ldl": 0.0008227452614038742, "ldr": 0.0008227452614038742, "lh": 0.00017704644865652988, "bgtz": 0.0001093522182878567, "mul": 0.00028119141845448864, "dextu": 0.0003020204124140804, "div": 2.082899395959175e-05, "multu": 7.290147885857113e-05, "dinsu": 2.603624244948969e-05, "dsra32": 0.0001093522182878567, "mult": 1.0414496979795876e-05, "dsbh": 5.207248489897938e-06, "dshd": 5.207248489897938e-06, "dsrav": 5.207248489897938e-06, "clz": 5.207248489897938e-06, "srlv": 6.248698187877525e-05, "srav": 0.00011976671526765257, "dmtc1": 1.5621745469693813e-05, "cvt.d.l": 1.0414496979795876e-05, "div.d": 5.207248489897938e-06}