{"or": 0.10070819868654227, "bal": 0.013349577817158344, "nop": 0.13365214218701135, "lui": 0.008196080475346607, "addiu": 0.03684327113520275, "daddu": 0.020245882414260397, "ld": 0.2945051078911706, "daddiu": 0.058196731992077554, "and": 0.003169628896070051, "jalr": 0.021708537475242363, "b": 0.030256436985301782, "beq": 0.028080371103929948, "jr": 0.006720395079745648, "dsubu": 0.002280308558323778, "dsra": 0.00014659126446367143, "dsrl32": 0.00018893985197539873, "sd": 0.07623397268841864, "lbu": 0.0076650943396226415, "bne": 0.02661771604294798, "sltu": 0.004752814552277703, "sb": 0.003707130199103513, "dsll": 0.00874986969665381, "sll": 0.004690920462837486, "sw": 0.019734441780464924, "lw": 0.04050153757948504, "ext": 0.0013258365474825393, "mtlo": 0.0006971229021161264, "mflo": 0.0017232617533618263, "andi": 0.012525409152507036, "bgez": 0.0003257583654748254, "blez": 0.00018893985197539873, "bgtz": 0.00010750026060669238, "sltiu": 0.002205384134264568, "dsllv": 0.0002638642760346086, "xor": 0.0007264411550088607, "lb": 0.0038048577087459604, "ori": 0.0023031116439070154, "ins": 0.0016743979985406026, "lwu": 0.0026060669237986034, "subu": 0.0011857604503283643, "slti": 0.0006124257270926718, "dext": 0.0034660690086521424, "slt": 0.0005993953924736787, "dsrl": 0.0009056082560200146, "lhu": 0.002153262795788596, "sra": 0.00020522777024914, "ldc1": 6.515167309496508e-06, "sdc1": 6.515167309496508e-06, "addu": 0.0013942458042322527, "xori": 0.00017265193370165745, "sh": 0.001192275617637861, "sllv": 0.0003550766183675597, "bltz": 0.0002345460231418743, "ddivu": 0.0003192431981653289, "teq": 0.0003746221202960492, "mfhi": 0.0004723496299384968, "srl": 0.0009153810069842594, "dsll32": 0.0005668195559261962, "dmultu": 7.81820077139581e-05, "dmult": 0.0006319712290211612, "nor": 0.00015962159908266445, "movz": 0.00010424267695194412, "seb": 0.0008502293338892942, "ddiv": 1.6287918273741268e-05, "divu": 1.9545501928489525e-05, "dsrlv": 0.00018242468466590222, "seh": 0.0005505316376524549, "lh": 0.00012704576253518192, "ldl": 0.00012053059522568539, "ldr": 0.00012053059522568539, "mult": 0.0001335609298446784, "div": 1.9545501928489525e-05, "sdl": 0.00010424267695194412, "sdr": 0.00010424267695194412, "movn": 9.772750964244762e-06, "dsrav": 3.257583654748254e-06, "dsra32": 1.6287918273741268e-05, "multu": 6.515167309496508e-06, "mul": 9.772750964244762e-06, "srlv": 1.6287918273741268e-05, "srav": 7.81820077139581e-05, "dmtc1": 9.772750964244762e-06, "cvt.d.l": 6.515167309496508e-06, "div.d": 3.257583654748254e-06}