{"daddiu": 0.12009521330010786, "sd": 0.045728418938520476, "lui": 0.006285565514932867, "daddu": 0.022724736861680365, "ld": 0.23696396027820135, "sw": 0.007466433592442445, "addiu": 0.07157734220998996, "jalr": 0.04763454457544538, "or": 0.09323278908022464, "lw": 0.012673410942090972, "slti": 0.00032543608435303304, "bne": 0.03141852940082568, "nop": 0.045291404768103546, "beq": 0.04963365195075687, "slt": 0.00020455982445047793, "dsll": 0.008135902108825827, "b": 0.06981998735448358, "bltz": 0.0005950831256741176, "ori": 0.0021664745044073343, "andi": 0.00967010079220441, "lb": 0.0013575333804440807, "sll": 0.0047420686577156245, "bgez": 0.0035426042325287315, "sb": 0.006638896120801875, "bal": 0.008591512626920072, "jr": 0.012970952504928033, "and": 0.0014319187711533455, "dsubu": 0.004351545356491985, "dsra": 0.00017666530293450366, "dsrl32": 0.00016736712909584558, "lbu": 0.012134116859448804, "sltu": 0.014942165358723546, "sltiu": 0.01176218990590248, "dext": 0.008052218544277904, "addu": 0.0008182392978019117, "lwu": 0.0018317402462156432, "xor": 0.0007066612117380146, "subu": 0.0016271804217651653, "nor": 0.0003068397366757169, "movn": 0.0005392940826421691, "dmult": 0.00048350503961022055, "dsra32": 2.7894521515974263e-05, "mfhi": 0.00039052330122363966, "lhu": 0.001710863986313088, "blez": 0.00011157808606389705, "sllv": 0.00031613791051437497, "xori": 0.001915423810763566, "ext": 0.00024175251980511028, "mflo": 0.0008275374716405697, "ddivu": 0.0002231561721277941, "teq": 0.00031613791051437497, "dsrl": 0.0009298173838658087, "dsll32": 0.0004928032134488787, "dmultu": 0.0001487707814185294, "sdl": 0.0016457767694424816, "sdr": 0.0016457767694424816, "dsrlv": 0.0002789452151597426, "sh": 0.0011901662513482353, "movz": 0.0004742068657715625, "dextu": 0.00015806895525718748, "srl": 0.0005578904303194852, "sdc1": 3.719269535463235e-05, "ldc1": 9.298173838658088e-05, "cvt.d.l": 0.00016736712909584558, "dmtc1": 0.0001487707814185294, "mul.d": 7.43853907092647e-05, "div.d": 7.43853907092647e-05, "dmfc1": 7.43853907092647e-05, "mov.d": 1.8596347677316176e-05, "add.d": 7.43853907092647e-05, "ins": 0.0002789452151597426, "dsllv": 0.0019433183322795403, "seb": 0.00316137910514375, "multu": 0.00011157808606389705, "mul": 0.0002231561721277941, "srav": 9.298173838658088e-06, "wsbh": 5.5789043031948526e-05, "lh": 3.719269535463235e-05, "sra": 1.8596347677316176e-05, "divu": 5.5789043031948526e-05, "bgtz": 9.298173838658088e-06, "dinsu": 3.719269535463235e-05, "div": 1.8596347677316176e-05, "mult": 1.8596347677316176e-05, "ldl": 0.0002882433889984007, "ldr": 0.0002882433889984007, "ddiv": 9.298173838658088e-06, "dsbh": 9.298173838658088e-06, "dshd": 9.298173838658088e-06, "lwl": 7.43853907092647e-05, "lwr": 7.43853907092647e-05, "rotr": 3.719269535463235e-05, "srlv": 4.649086919329044e-05}