{"or": 0.10077105420823673, "bal": 0.01335669071869546, "nop": 0.13362551772643205, "lui": 0.008195707103597384, "addiu": 0.03692463987079632, "daddu": 0.020269478235953008, "ld": 0.2942574695876423, "daddiu": 0.0582002657011123, "and": 0.0031682252728646226, "jalr": 0.021676131183411915, "b": 0.0302788559222694, "beq": 0.028071192268618615, "jr": 0.0067206751934147805, "dsubu": 0.0022727864752924015, "dsra": 0.0001562947719398786, "dsrl32": 0.00018885618276068665, "sd": 0.07615788376878793, "lbu": 0.007658443825054052, "bne": 0.02663849019250306, "sltu": 0.004740941415509651, "sb": 0.0037185131157362787, "dsll": 0.008781812498371929, "sll": 0.004698611581442601, "sw": 0.01980059392013337, "lw": 0.04050639506108521, "sltiu": 0.0022076636536507853, "dext": 0.0034743025345802185, "lb": 0.0038389903357732686, "bgtz": 0.00010419651462658575, "slt": 0.000615410664513272, "andi": 0.012555680012503581, "bgez": 0.0003223579671259996, "bltz": 0.00024095444007397952, "slti": 0.0006251790877595144, "lhu": 0.002165333819583735, "subu": 0.001181979212795332, "ori": 0.002298835603949048, "dsrl": 0.0009052072208184637, "sra": 0.00020513688817109068, "mtlo": 0.0006935580504832113, "mflo": 0.0017192424913386648, "lwu": 0.0026016567245825627, "ldc1": 6.512282164161609e-06, "sdc1": 6.512282164161609e-06, "addu": 0.0013936283831305844, "ext": 0.0013187371382427258, "ins": 0.0016704003751074527, "xori": 0.00017257547735028263, "sh": 0.0011917476360415744, "sllv": 0.0003549193779468077, "xor": 0.0007228633202219386, "ddivu": 0.00031910182604391883, "teq": 0.0003744562244392925, "mfhi": 0.0004721404569017166, "srl": 0.000914975644064706, "dsll32": 0.00056656854828206, "dmultu": 7.81473859699393e-05, "dmult": 0.0006316913699236761, "nor": 0.00015955091302195942, "dsllv": 0.00026049128656646436, "movz": 0.00010419651462658575, "seb": 0.0008498528224230899, "ddiv": 1.6280705410404023e-05, "divu": 1.9536846492484825e-05, "dsrlv": 0.00018234390059652505, "seh": 0.0005502878428716559, "lh": 0.00012698950220115136, "ldl": 0.00012047722003698976, "ldr": 0.00012047722003698976, "blez": 0.00018234390059652505, "mult": 0.00013350178436531297, "div": 1.9536846492484825e-05, "sdl": 0.00010419651462658575, "sdr": 0.00010419651462658575, "movn": 9.768423246242413e-06, "dsrav": 3.2561410820808046e-06, "dsra32": 1.6280705410404023e-05, "multu": 6.512282164161609e-06, "mul": 9.768423246242413e-06, "srlv": 1.6280705410404023e-05, "srav": 7.81473859699393e-05, "dmtc1": 9.768423246242413e-06, "cvt.d.l": 6.512282164161609e-06, "div.d": 3.2561410820808046e-06}