{"daddiu": 0.07064440553821691, "sd": 0.07906422064905737, "lui": 0.008529767493001108, "daddu": 0.0294207201035244, "ld": 0.24088452462510468, "sw": 0.012598005632945117, "jalr": 0.037261170739133744, "or": 0.10040766960154948, "nop": 0.046848172675987246, "lw": 0.024502465470723062, "addiu": 0.07032723520506119, "beq": 0.05837625705175374, "sltiu": 0.005713294934578333, "dext": 0.007451388360271667, "dsll": 0.012217401233158256, "jr": 0.01187485727335008, "bal": 0.010957177776086202, "ori": 0.002600796731876887, "bne": 0.03559919819339778, "andi": 0.012746018455084452, "slt": 0.0013405732748048346, "b": 0.032431723799616015, "sll": 0.004262769277612849, "blez": 0.0005159304085999678, "bltz": 0.0008753901195097815, "lb": 0.0047913864995390455, "slti": 0.0013194285859277866, "and": 0.0035776813579964984, "nor": 0.00028333883095244135, "dsubu": 0.0043600348464472695, "dsra": 0.0003044835198294892, "dsrl32": 0.00021144688877047864, "lbu": 0.010348210736427225, "sltu": 0.008775045883974862, "sb": 0.012310437864217266, "subu": 0.002385120905330999, "sh": 0.002562736291898201, "lwu": 0.0016112252924310472, "sdc1": 0.00017761538656720205, "bgtz": 0.00010149450660982974, "ldc1": 0.0006554853551884838, "dmtc1": 0.00031294139538030837, "cvt.d.l": 0.0002452783909737552, "mul.d": 0.00012686813326228717, "div.d": 0.00019030219989343077, "dmfc1": 0.00019030219989343077, "movz": 0.0011291263860343558, "dsrl": 0.0013870915903343398, "add.d": 0.00016492857324097333, "sub.d": 3.383150220327658e-05, "c.lt.d": 0.00013532600881310632, "bc1t": 0.00013532600881310632, "bgez": 0.0002875677687278509, "c.eq.d": 3.383150220327658e-05, "bc1f": 0.00010572344438523932, "mov.d": 1.691575110163829e-05, "addu": 0.0028545329984014617, "ins": 0.0019368535011375842, "trunc.l.d": 4.2289377754095726e-05, "movn": 0.0012010183282163186, "dsra32": 9.726556883442017e-05, "sra": 0.00031717033315571794, "dextu": 0.00042712271531636684, "dmultu": 0.00010572344438523932, "mfhi": 0.0003425439598081754, "dsll32": 0.0007062326084933987, "lhu": 0.003247824211514552, "seb": 0.0001226391954868776, "xori": 0.0007316062351458561, "dmult": 0.0008331007417556858, "mflo": 0.0013532600881310632, "dsllv": 0.0006047381018835689, "xor": 0.001167186826013042, "ddiv": 3.383150220327658e-05, "teq": 0.0007696666751245422, "c.le.d": 7.189194218196273e-05, "dextm": 1.2686813326228718e-05, "ddivu": 0.000465183155295053, "sdl": 0.0005328461597016061, "sdr": 0.0005328461597016061, "ext": 0.0015858516657785897, "srl": 0.0006385696040868455, "sllv": 0.000435580590867186, "wsbh": 5.4976191080324445e-05, "rotr": 2.960256442786701e-05, "seh": 0.00019030219989343077, "lwl": 3.383150220327658e-05, "lwr": 3.383150220327658e-05, "dins": 8.034981773278188e-05, "dinsu": 0.00010572344438523932, "divu": 1.691575110163829e-05, "dsrlv": 0.0005878223507819306, "ldl": 0.0006681721685147125, "ldr": 0.0006681721685147125, "lh": 0.00014378388436392546, "mul": 0.0002325915776475265, "div": 1.691575110163829e-05, "multu": 6.343406663114359e-05, "mult": 8.457875550819145e-06, "dsbh": 4.228937775409572e-06, "dshd": 4.228937775409572e-06, "dsrav": 4.228937775409572e-06, "clz": 4.228937775409572e-06, "srlv": 5.074725330491487e-05, "srav": 0.00010572344438523932}