{"daddiu": 0.07766641688522542, "sd": 0.08135589692352525, "lui": 0.010131759710253528, "daddu": 0.02766329461720994, "ld": 0.25131135256650433, "sw": 0.011411889596602972, "addiu": 0.06112880396319887, "jalr": 0.03388181174805378, "or": 0.10713021939136588, "bal": 0.015064943174722118, "lw": 0.023156821114857833, "beq": 0.05805336996794472, "sltiu": 0.0054431539069980436, "dext": 0.006967861454560593, "dsll": 0.010017276549685691, "jr": 0.014539361392115233, "nop": 0.0473960284750843, "bne": 0.034495857791099455, "b": 0.03154011073643895, "lb": 0.004371175221681029, "slti": 0.0006140460430456684, "sll": 0.0032055284958994214, "slt": 0.0011136089255235004, "and": 0.003928853919487115, "dsubu": 0.0038612047791515757, "dsra": 0.00026018900129053747, "dsrl32": 0.00021855876108405146, "lbu": 0.010012072769659881, "sltu": 0.00868510886307814, "sb": 0.007753632238458016, "andi": 0.011568002997377294, "ext": 0.001784896548853087, "bltz": 0.0006660838433037759, "blez": 0.0004371175221681029, "sdl": 0.0006244536030972898, "sdr": 0.0006244536030972898, "movz": 0.0011084051454976894, "subu": 0.002112734690479164, "nor": 0.00033304192165188796, "addu": 0.0021595687107114608, "lwu": 0.0016339869281045752, "ori": 0.0024561841721826736, "dsrl": 0.0014414470671495773, "xori": 0.000702510303484451, "movn": 0.001139627825652554, "xor": 0.0012124807460139045, "ins": 0.0021647724907372717, "dsll32": 0.0007805670038716124, "bgez": 0.0001925398609549977, "lhu": 0.0024405728321052413, "ddiv": 3.642646018067524e-05, "teq": 0.000827401024103909, "mfhi": 0.0003954872819616169, "sh": 0.0016756171683110612, "sra": 0.00028100412139378045, "ldc1": 5.203780025810749e-06, "sdc1": 5.203780025810749e-06, "dsllv": 0.0005984347029682361, "sllv": 0.0005151742225552641, "ddivu": 0.0005307855626326964, "srl": 0.0005724158028391823, "dextm": 1.0407560051621499e-05, "dmult": 0.0009626993047749886, "dmultu": 0.00010407560051621498, "mflo": 0.0015142999875109278, "wsbh": 6.764914033553974e-05, "rotr": 3.642646018067524e-05, "seh": 0.00021855876108405146, "lwl": 4.1630240206485995e-05, "lwr": 4.1630240206485995e-05, "seb": 9.366804046459348e-05, "divu": 2.0815120103242997e-05, "dsrlv": 0.0004943591024520211, "ldl": 0.0008221972440780983, "ldr": 0.0008221972440780983, "lh": 0.00017692852087756547, "bgtz": 0.00010927938054202573, "mul": 0.00028100412139378045, "dextu": 0.00030181924149702343, "div": 2.0815120103242997e-05, "multu": 7.285292036135049e-05, "dinsu": 2.6018900129053746e-05, "dsra32": 0.00010927938054202573, "mult": 1.0407560051621499e-05, "dsbh": 5.203780025810749e-06, "dshd": 5.203780025810749e-06, "dsrav": 5.203780025810749e-06, "clz": 5.203780025810749e-06, "srlv": 6.244536030972898e-05, "srav": 0.00011968694059364722, "dmtc1": 1.5611340077432246e-05, "cvt.d.l": 1.0407560051621499e-05, "div.d": 5.203780025810749e-06}