{"or": 0.11144793152639088, "bal": 0.009413891485070588, "nop": 0.16146268876973782, "lui": 0.007058881400954301, "addiu": 0.03198017610310394, "daddu": 0.020795415416400218, "ld": 0.230569629593192, "daddiu": 0.09041271090560284, "and": 0.001076048994047912, "jalr": 0.037280486005214226, "b": 0.05703059668453933, "beq": 0.03365881253381868, "jr": 0.004002902257858232, "dsubu": 0.0031728073195927, "dsra": 0.00011067932510207093, "dsrl32": 0.00011067932510207093, "sd": 0.03893452703035073, "lbu": 0.009856608785478872, "bne": 0.016030055585616605, "sltu": 0.00769836194598849, "sb": 0.007464705592995229, "dsll": 0.008540754587043141, "sltiu": 0.008005804515716464, "ori": 0.003707757390919376, "sll": 0.0034863987407152343, "sw": 0.017622608096807515, "lw": 0.04377367307786906, "sllv": 0.0002029120960204634, "mtlo": 0.00020906094741502288, "mflo": 0.000891583452211127, "andi": 0.006111958286192139, "dmult": 0.0003627822322790103, "ddivu": 0.00020906094741502288, "teq": 0.0002644006099660583, "mfhi": 0.0004488661518028432, "lwu": 0.006284126125239806, "addu": 0.0007686064243199371, "bgez": 0.00020906094741502288, "subu": 0.000830094938265532, "lb": 0.0009100300063948054, "lhu": 0.0018815485267352058, "slt": 0.00021520979880958237, "dext": 0.004500959220817551, "seb": 5.5339662551035465e-05, "sra": 4.304195976191648e-05, "dmultu": 9.223277091839244e-05, "dsrl": 0.0006333316936396282, "dsll32": 0.0003504845294898913, "slti": 0.0011190909538098283, "xor": 0.0007132667617689016, "sdl": 0.0015064685916670766, "sdr": 0.0015064685916670766, "ext": 4.304195976191648e-05, "nor": 0.0001660189876531064, "srl": 0.0010084116287077574, "sh": 0.000830094938265532, "bltz": 0.00025210290717693934, "bgtz": 4.304195976191648e-05, "xori": 0.0010637512912587928, "ins": 0.0001844655418367849, "dsra32": 1.2297702789118992e-05, "seh": 6.148851394559496e-06, "lh": 4.919081115647597e-05, "dmtc1": 0.00014757243346942792, "cvt.d.l": 0.00014757243346942792, "add.d": 7.378621673471396e-05, "ldc1": 3.689310836735698e-05, "mul.d": 3.689310836735698e-05, "div.d": 3.689310836735698e-05, "dmfc1": 3.689310836735698e-05, "movn": 2.4595405578237984e-05, "blez": 3.689310836735698e-05, "dsrlv": 0.00011067932510207093, "multu": 7.993506812927345e-05, "mul": 7.378621673471396e-05, "dsllv": 0.00023365635299326087, "srav": 6.148851394559496e-06, "movz": 1.2297702789118992e-05, "divu": 3.689310836735698e-05, "div": 1.2297702789118992e-05, "ddiv": 6.148851394559496e-06, "mult": 0.00014757243346942792, "srlv": 1.844655418367849e-05}