{"or": 0.10517476429815052, "bal": 0.016291761111658618, "nop": 0.13738255970566013, "lui": 0.008177704411813015, "addiu": 0.042007489898492165, "daddu": 0.018324381590617916, "ld": 0.28144402286390063, "daddiu": 0.06567417299037483, "and": 0.0028436155185440687, "jalr": 0.022032374100719423, "b": 0.029401136624946617, "beq": 0.030672037712295916, "jr": 0.006641946716599323, "dsubu": 0.0022071383988699453, "dsra": 0.00018888998390328832, "dsrl32": 0.00014166748792746625, "sd": 0.06945607897243848, "lbu": 0.0060465326369041755, "bne": 0.0256212837948819, "sltu": 0.003915360861995335, "sb": 0.003851713150027923, "dsll": 0.007506323708156762, "sll": 0.004991212509444499, "sw": 0.019800597877862095, "lb": 0.0049049801254886505, "andi": 0.010750303866495845, "lw": 0.04675232416806281, "slti": 0.0008294734075753096, "sdl": 6.775401596530994e-05, "sdr": 6.775401596530994e-05, "ldl": 8.828553595479781e-05, "ldr": 8.828553595479781e-05, "ori": 0.0021188528629151474, "sltiu": 0.002007982654971913, "dext": 0.00260544988666601, "seb": 0.0007658256956078973, "slt": 0.0006980716796425873, "blez": 0.00018273052790644196, "ext": 0.0009362373115206465, "ins": 0.0014146217272757136, "lwu": 0.001989504286981374, "dmult": 0.00048043756775401596, "mfhi": 0.00038188627180447423, "dsra32": 3.079727998423179e-05, "addu": 0.0010676390394533687, "lhu": 0.0021496501428993793, "mult": 0.0001026575999474393, "mflo": 0.00133660195131566, "srl": 0.0006549554876646628, "multu": 8.212607995795144e-06, "sh": 0.0011169146874281397, "subu": 0.0009670345915048783, "mtlo": 0.0005830951677014553, "xor": 0.0005440852797214283, "nor": 0.0002361124798791104, "bltz": 0.00023200617588121285, "bgtz": 0.00013961433592851746, "xori": 0.00015809270391905654, "bgez": 0.00033261062382970334, "ddiv": 3.695673598107815e-05, "teq": 0.0002874412798528301, "sllv": 0.0003900988798002694, "dmultu": 5.7488255970566014e-05, "dsrl": 0.0006960185276436385, "ddivu": 0.0002237935678854177, "seh": 0.0003962583357971157, "sra": 0.00014577379192536383, "dsllv": 0.00022789987188331527, "lh": 0.00017246476791169804, "movn": 1.0265759994743932e-05, "dsrlv": 0.0001334548799316711, "dclz": 2.053151998948786e-06, "dsrav": 1.6425215991590288e-05, "movz": 6.775401596530994e-05, "srlv": 2.0531519989487863e-05, "dsll32": 0.00042089615978450114, "srav": 5.5435103971617225e-05, "div": 1.4372063992641504e-05, "ldc1": 4.106303997897572e-06, "sdc1": 4.106303997897572e-06, "divu": 1.2318911993692718e-05, "mul": 6.159455996846359e-06, "dmtc1": 6.159455996846359e-06, "cvt.d.l": 4.106303997897572e-06, "div.d": 2.053151998948786e-06}