{"or": 0.10857454942654288, "bal": 0.01526260695430548, "nop": 0.13919761514655016, "lui": 0.0070953941379938105, "addiu": 0.03564309120699072, "daddu": 0.019786546513744768, "ld": 0.28414345530675406, "daddiu": 0.06313945020935736, "and": 0.002389404696886947, "jalr": 0.024417440378663755, "b": 0.03307618787547788, "beq": 0.02815856544693246, "jr": 0.0061373566357181865, "dsubu": 0.0024804296377207353, "dsra": 0.0001228836701256144, "dsrl32": 0.00014563990533406152, "sd": 0.06998225013653742, "lbu": 0.006392226470052794, "bne": 0.02599899872565083, "sltu": 0.0053204077917349355, "sb": 0.0033337884580375023, "dsll": 0.008415255780083742, "sll": 0.004528490806480976, "sw": 0.020544329146186056, "lw": 0.040781449117058076, "lwu": 0.004080192972874567, "ddivu": 0.00028672856362643365, "teq": 0.0003663753868559985, "mfhi": 0.00044374658656471874, "mflo": 0.001577007099945385, "andi": 0.009898962315674494, "bgez": 0.0003458947751683961, "ori": 0.0018227744401966138, "slt": 0.0005256690333151283, "ext": 0.001026306207900965, "mtlo": 0.0005780083742945567, "lb": 0.003729746950664482, "xor": 0.0005802839978154014, "bgtz": 9.330056435463317e-05, "blez": 0.0001820498816675769, "sltiu": 0.00354997269251775, "dext": 0.003672856362643364, "slti": 0.0005711815037320226, "dmult": 0.0005939377389404697, "divu": 4.778809393773894e-05, "bltz": 0.0002161842344802476, "mult": 0.00014791552885490625, "lhu": 0.001743127616967049, "seb": 0.0005984889859821591, "nor": 0.00013426178772983798, "srl": 0.0007190970325869288, "addu": 0.0010513380666302566, "dsllv": 0.00020253049335517933, "subu": 0.0009398325141088659, "ins": 0.0011924267249226288, "sh": 0.0009534862552339341, "movz": 7.737119970872018e-05, "dsll32": 0.0004938103040233024, "xori": 0.00016839614054250864, "mul": 2.2756235208447114e-05, "div": 1.820498816675769e-05, "movn": 1.1378117604223557e-05, "ddiv": 1.3653741125068269e-05, "lh": 0.00010695430547970144, "dmultu": 5.91662115419625e-05, "dsrl": 0.0006849626797742582, "sdl": 7.96468232295649e-05, "sdr": 7.96468232295649e-05, "sdc1": 1.592936464591298e-05, "dsra32": 1.592936464591298e-05, "ldc1": 9.102494083378845e-06, "mov.d": 4.5512470416894226e-06, "sra": 0.00015019115237575095, "srav": 5.91662115419625e-05, "srlv": 1.592936464591298e-05, "sllv": 0.00027307482250136535, "dsrlv": 0.00012743491716730383, "seh": 0.0003845803750227562, "ldl": 8.419807027125432e-05, "ldr": 8.419807027125432e-05, "dsrav": 2.2756235208447113e-06, "multu": 4.5512470416894226e-06, "dmtc1": 6.826870562534134e-06, "cvt.d.l": 4.5512470416894226e-06, "div.d": 2.2756235208447113e-06}