{"daddiu": 0.0764466335270899, "sd": 0.07634994483056728, "lui": 0.009031861769289395, "daddu": 0.026592235328912195, "ld": 0.24417877171229993, "jalr": 0.03468564798489381, "sw": 0.012626406251777366, "addiu": 0.07228617579142542, "or": 0.10026617829395638, "lw": 0.027792312679869414, "beq": 0.056847265984916566, "nop": 0.044545051245009154, "slti": 0.001438955307071925, "bne": 0.03540228185323793, "b": 0.034492270591848576, "dsll": 0.010004436304899273, "lb": 0.006347328548190784, "sdl": 0.0007905722833320062, "sdr": 0.0007905722833320062, "sltiu": 0.007081025127685955, "dext": 0.006574831363538124, "jr": 0.011551455449261184, "sb": 0.010556130632116573, "sll": 0.004009737120496866, "slt": 0.0013280476845900968, "bal": 0.016411484342118733, "ori": 0.0027158148582088703, "andi": 0.01245293535507502, "lbu": 0.009208176451183584, "ins": 0.0018626793006563456, "movn": 0.0010209188838711878, "addu": 0.00224374651636314, "and": 0.004021112261264233, "dsubu": 0.004006893335305024, "dsra": 0.00029290987475970017, "dsrl32": 0.0001564081855512962, "sltu": 0.007055431060959379, "dins": 0.00011375140767366996, "dinsu": 9.100112613893597e-05, "ldl": 0.0004919748381886226, "ldr": 0.0004919748381886226, "movz": 0.00120292113614906, "bgtz": 0.00011943897805735345, "seb": 0.0001564081855512962, "blez": 0.0004948186233804644, "dmult": 0.0006199451718215013, "dsra32": 6.825084460420197e-05, "mfhi": 0.0003213477266781176, "ext": 0.0011972335657653764, "lhu": 0.004180364232007371, "mul": 0.00018200225227787194, "srl": 0.00046069320107836335, "multu": 5.118813345315148e-05, "sh": 0.0025110623243962643, "bgez": 0.00024172174130654867, "bltz": 0.0007649782166054305, "xori": 0.0007166338683441207, "subu": 0.0020418377677423757, "nor": 0.0005545381124091411, "xor": 0.0010066999579119791, "lwu": 0.0010664194469406558, "clz": 1.9906496342892245e-05, "ddiv": 5.687570383683498e-05, "teq": 0.0006313203125888683, "sllv": 0.0009270739725404102, "dsll32": 0.000622788957013343, "ddivu": 0.00036969207493942735, "mflo": 0.0010152313134875043, "dmultu": 9.668869652261947e-05, "dsrl": 0.0012541092696022114, "dsllv": 0.0005602256827928246, "seh": 0.0001620957559349797, "lwl": 2.559406672657574e-05, "lwr": 2.559406672657574e-05, "dsrlv": 0.00048344348261309734, "dextu": 0.0002900660895678584, "lh": 0.0002132838893881312, "dclz": 1.4218925959208745e-05, "dsrav": 1.7062711151050493e-05, "srlv": 0.0001165951928655117, "sra": 0.0002331903857310234, "srav": 0.00013081411882472045, "div": 1.4218925959208745e-05, "ldc1": 2.843785191841749e-06, "sdc1": 2.843785191841749e-06, "dextm": 5.687570383683498e-06, "wsbh": 3.696920749394274e-05, "rotr": 1.9906496342892245e-05, "divu": 1.1375140767366996e-05, "mult": 5.687570383683498e-06, "dsbh": 2.843785191841749e-06, "dshd": 2.843785191841749e-06, "dmtc1": 8.531355575525246e-06, "cvt.d.l": 5.687570383683498e-06, "div.d": 2.843785191841749e-06}