{"daddiu": 0.09581395348837209, "sd": 0.07465116279069768, "lui": 0.011627906976744186, "daddu": 0.024186046511627906, "ld": 0.26930232558139533, "sw": 0.007674418604651163, "addiu": 0.0672093023255814, "jalr": 0.056511627906976745, "or": 0.1313953488372093, "bal": 0.019767441860465116, "nop": 0.044186046511627906, "lw": 0.008604651162790697, "beq": 0.03813953488372093, "sltiu": 0.0032558139534883722, "dext": 0.003953488372093023, "dsll": 0.008837209302325582, "jr": 0.022325581395348838, "bgez": 0.0009302325581395349, "bltz": 0.0013953488372093023, "bne": 0.020930232558139535, "and": 0.0009302325581395349, "slt": 0.0011627906976744186, "b": 0.026046511627906978, "ori": 0.00046511627906976747, "andi": 0.004883720930232558, "slti": 0.00046511627906976747, "movz": 0.0016279069767441861, "xori": 0.0020930232558139536, "dsubu": 0.0025581395348837207, "dsra": 0.0009302325581395349, "dsrl32": 0.0013953488372093023, "lbu": 0.008372093023255815, "sltu": 0.0025581395348837207, "sb": 0.008372093023255815, "sh": 0.0009302325581395349, "lwu": 0.00023255813953488373, "lhu": 0.0025581395348837207, "ldl": 0.0009302325581395349, "ldr": 0.0009302325581395349, "dsbh": 0.00023255813953488373, "dshd": 0.00023255813953488373, "wsbh": 0.0011627906976744186, "lwl": 0.0018604651162790699, "lwr": 0.0018604651162790699, "rotr": 0.0009302325581395349, "dsll32": 0.0030232558139534882, "lb": 0.0065116279069767444, "dmult": 0.0006976744186046512, "mflo": 0.0006976744186046512, "dsrl": 0.0020930232558139536, "xor": 0.00046511627906976747, "sdl": 0.00046511627906976747, "sdr": 0.00046511627906976747, "movn": 0.00023255813953488373, "sll": 0.00046511627906976747, "dsrlv": 0.00023255813953488373, "subu": 0.00023255813953488373}