{"or": 0.10060386473429951, "bal": 0.013307873090481787, "nop": 0.13358140749445097, "lui": 0.008215824520172346, "addiu": 0.036949993471732605, "daddu": 0.020296383339861602, "ld": 0.2942779736257997, "daddiu": 0.05822235278757018, "and": 0.0031792662227444835, "jalr": 0.0216575270923097, "b": 0.030265047656352004, "beq": 0.028100927013970493, "jr": 0.00672737955346651, "dsubu": 0.0022783653218435827, "dsra": 0.00014688601645123384, "dsrl32": 0.00018931975453714584, "sd": 0.07622405013709362, "lbu": 0.007677242459851155, "bne": 0.02665165165165165, "sltu": 0.004752578665622144, "sb": 0.0037211124167645907, "dsll": 0.008767463115289201, "sw": 0.019764329546938242, "lb": 0.003822300561430996, "lw": 0.04055033294163729, "lwu": 0.002617835226530879, "sll": 0.004697088392740567, "sltiu": 0.0022098185141663403, "dext": 0.003479566523044784, "ori": 0.002314270792531662, "slt": 0.0006103930016973495, "slti": 0.0006201854027940984, "seb": 0.0008552030291160726, "andi": 0.012540801671236454, "lhu": 0.0021608565086825957, "bgez": 0.0003198851024937981, "subu": 0.0011848805327066196, "dsrl": 0.0009074291682987335, "sra": 0.00020564042303172737, "mtlo": 0.0006952604778691735, "mflo": 0.0017234625930278105, "ldc1": 6.528267397832616e-06, "sdc1": 6.528267397832616e-06, "addu": 0.0013970492231361797, "ext": 0.0013219741480611047, "ins": 0.001674500587544066, "xori": 0.0001729990860425643, "sh": 0.0011946729338033685, "sllv": 0.00035579057318187754, "xor": 0.0007246376811594203, "bltz": 0.00023501762632197415, "ddivu": 0.0003198851024937981, "teq": 0.00037537537537537537, "mfhi": 0.0004732993863428646, "srl": 0.0009172215693954824, "dsll32": 0.0005679592636114375, "dmultu": 7.833920877399138e-05, "dmult": 0.0006332419375897636, "nor": 0.00015994255124689906, "dsllv": 0.0002611306959133046, "movz": 0.00010445227836532185, "ddiv": 1.632066849458154e-05, "divu": 1.9584802193497844e-05, "dsrlv": 0.00018279148713931323, "seh": 0.000551638595116856, "lh": 0.000127301214257736, "ldl": 0.00012077294685990338, "ldr": 0.00012077294685990338, "blez": 0.00018279148713931323, "mult": 0.00013382948165556861, "div": 1.9584802193497844e-05, "bgtz": 0.00010118814466640553, "sdl": 0.00010445227836532185, "sdr": 0.00010445227836532185, "movn": 9.792401096748922e-06, "dsrav": 3.264133698916308e-06, "dsra32": 1.632066849458154e-05, "multu": 6.528267397832616e-06, "mul": 9.792401096748922e-06, "srlv": 1.632066849458154e-05, "srav": 7.833920877399138e-05, "dmtc1": 9.792401096748922e-06, "cvt.d.l": 6.528267397832616e-06, "div.d": 3.264133698916308e-06}