{"daddiu": 0.08345659458610398, "sd": 0.0762638096235405, "lui": 0.010308131315775695, "daddu": 0.024965312320016756, "ld": 0.25332478140216763, "jalr": 0.03243298078433426, "sw": 0.011633462484946856, "addiu": 0.06563498088905179, "or": 0.10526074663594953, "lw": 0.027939944499712027, "beq": 0.05495379339232421, "nop": 0.04536559505733284, "slti": 0.0009326404523797057, "bne": 0.03388593643646264, "b": 0.03371249803654642, "dsll": 0.008822451437248023, "lb": 0.005481307921880727, "sdl": 0.0005726739619875386, "sdr": 0.0005726739619875386, "sltiu": 0.006881904811770249, "dext": 0.006053981883868265, "jr": 0.013783444159380072, "bal": 0.02112676056338028, "lbu": 0.008249777475260485, "andi": 0.010903712236242735, "ins": 0.0019732708518770616, "sb": 0.007055343211686476, "movn": 0.0009359128750196346, "ori": 0.002470679093146238, "sll": 0.0031906120739305724, "slt": 0.0011518927692549348, "addu": 0.0016983873501230432, "and": 0.0038450966019163307, "dsubu": 0.003776375726477826, "dsra": 0.00027815592439394733, "dsrl32": 0.0001603487093565108, "sltu": 0.007042253521126761, "ldl": 0.0005628566940677522, "ldr": 0.0005628566940677522, "movz": 0.0011060788522959317, "bgtz": 0.00013744175087700928, "seb": 0.00011780721503743651, "blez": 0.0004450494790303157, "dmult": 0.0007166605581444055, "dsra32": 7.8538143358291e-05, "mfhi": 0.0003206974187130216, "ext": 0.0012664275616524425, "lhu": 0.0031742499607309285, "mul": 0.0002061626263155139, "srl": 0.000409052829991099, "multu": 5.5631184878789466e-05, "sh": 0.0017343839991622598, "bgez": 0.00019307293575579875, "bltz": 0.0006250327242263993, "xori": 0.0007166605581444055, "subu": 0.001731111576522331, "nor": 0.0004810461280695324, "xor": 0.0009588198334991361, "lwu": 0.0011715273050945075, "clz": 1.963453583957275e-05, "ddiv": 6.217603015864705e-05, "teq": 0.000615215456306613, "sllv": 0.0008148332373422693, "dsll32": 0.0006512121053458296, "dins": 4.908633959893188e-05, "ddivu": 0.0003665113356720247, "mflo": 0.0010831718938164301, "dmultu": 8.18105659982198e-05, "dsrl": 0.001256610293732656, "dsllv": 0.0005366773129483219, "seh": 0.000157076286716582, "mtlo": 3.2724226399287922e-06, "lwl": 2.9451803759359128e-05, "lwr": 2.9451803759359128e-05, "dsrlv": 0.000409052829991099, "dextu": 0.00019634535839572752, "dinsu": 1.963453583957275e-05, "lh": 0.0002028902036755851, "dclz": 3.2724226399287922e-06, "dsrav": 1.963453583957275e-05, "srlv": 9.490025655793497e-05, "sra": 0.0002028902036755851, "srav": 8.50829886381486e-05, "div": 1.636211319964396e-05, "ldc1": 3.2724226399287922e-06, "sdc1": 3.2724226399287922e-06, "dextm": 6.5448452798575845e-06, "wsbh": 4.25414943190743e-05, "rotr": 2.2906958479501544e-05, "divu": 1.3089690559715169e-05, "mult": 6.5448452798575845e-06, "dsbh": 3.2724226399287922e-06, "dshd": 3.2724226399287922e-06, "dmtc1": 9.817267919786375e-06, "cvt.d.l": 6.5448452798575845e-06, "div.d": 3.2724226399287922e-06}