{"daddiu": 0.07064559819413092, "sd": 0.08065011286681716, "lui": 0.008686230248306998, "daddu": 0.03000451467268623, "ld": 0.2384650112866817, "sw": 0.012799097065462754, "addiu": 0.07037020316027089, "jalr": 0.035756207674943565, "or": 0.10113318284424379, "bal": 0.011178329571106095, "lw": 0.024121896162528217, "beq": 0.05966139954853273, "sltiu": 0.005977426636568849, "dext": 0.007422121896162528, "dsll": 0.011530474040632054, "jr": 0.012167042889390519, "nop": 0.046866817155756205, "bne": 0.03563431151241535, "b": 0.032446952595936794, "lb": 0.004993227990970655, "slti": 0.0014130925507900678, "sll": 0.00437020316027088, "slt": 0.0013679458239277652, "and": 0.0037246049661399548, "dsubu": 0.004076749435665914, "dsra": 0.00027539503386004514, "dsrl32": 0.00021670428893905193, "lbu": 0.01073589164785553, "sltu": 0.00854627539503386, "sb": 0.013069977426636568, "andi": 0.012762979683972912, "ext": 0.0016884875846501128, "bltz": 0.0008623024830699775, "blez": 0.0005327313769751693, "movz": 0.0011467268623024831, "subu": 0.002510158013544018, "nor": 0.0003024830699774266, "addu": 0.0029525959367945826, "lwu": 0.0014808126410835215, "sdl": 0.000564334085778781, "sdr": 0.000564334085778781, "ori": 0.0025327313769751693, "dsrl": 0.001345372460496614, "xori": 0.0006591422121896163, "movn": 0.0011873589164785553, "xor": 0.0012144469525959367, "dsll32": 0.0007178329571106095, "bgez": 0.0002618510158013544, "ins": 0.0019864559819413093, "bgtz": 9.029345372460496e-05, "lhu": 0.00344920993227991, "ddiv": 3.160270880361174e-05, "teq": 0.0008126410835214447, "mfhi": 0.00036117381489841985, "sh": 0.00272686230248307, "sra": 0.0003340857787810384, "ldc1": 4.5146726862302485e-06, "sdc1": 4.5146726862302485e-06, "dsllv": 0.0006230248306997743, "sllv": 0.00046501128668171557, "ddivu": 0.0004920993227990971, "srl": 0.0006636568848758465, "dextm": 9.029345372460497e-06, "dmultu": 0.00010835214446952596, "dmult": 0.0008442437923250564, "mflo": 0.0013905191873589166, "wsbh": 5.8690744920993226e-05, "rotr": 3.160270880361174e-05, "seh": 0.00020316027088036116, "lwl": 3.611738148984199e-05, "lwr": 3.611738148984199e-05, "seb": 0.00011738148984198645, "dins": 8.577878103837471e-05, "dinsu": 0.0001128668171557562, "divu": 1.8058690744920994e-05, "dsrlv": 0.0006275395033860045, "ldl": 0.0007133182844243792, "ldr": 0.0007133182844243792, "lh": 0.00015349887133182845, "mul": 0.00024830699774266367, "dextu": 0.0004514672686230248, "div": 1.8058690744920994e-05, "multu": 6.772009029345373e-05, "dsra32": 9.480812641083521e-05, "mult": 9.029345372460497e-06, "dsbh": 4.5146726862302485e-06, "dshd": 4.5146726862302485e-06, "dsrav": 4.5146726862302485e-06, "clz": 4.5146726862302485e-06, "srlv": 5.417607223476298e-05, "srav": 0.0001128668171557562, "dmtc1": 1.3544018058690746e-05, "cvt.d.l": 9.029345372460497e-06, "div.d": 4.5146726862302485e-06}