{"or": 0.11364227642276423, "bal": 0.017577235772357723, "nop": 0.026905149051490516, "lui": 0.010747967479674797, "addiu": 0.06405420054200542, "daddu": 0.029008130081300813, "ld": 0.23629268292682926, "daddiu": 0.07919783197831978, "and": 0.0032899728997289974, "jalr": 0.03738753387533875, "b": 0.04642818428184282, "beq": 0.060292682926829266, "jr": 0.010823848238482385, "dsubu": 0.003897018970189702, "dsra": 0.00021680216802168022, "dsrl32": 0.00016260162601626016, "sd": 0.08413550135501355, "lbu": 0.01075880758807588, "bne": 0.030363143631436315, "sltu": 0.00853658536585366, "sb": 0.008276422764227642, "dsll": 0.010287262872628726, "lw": 0.02440108401084011, "blez": 0.0005528455284552846, "andi": 0.011712737127371274, "slt": 0.000975609756097561, "sw": 0.011447154471544716, "lb": 0.004222222222222222, "dext": 0.006948509485094851, "sltiu": 0.005501355013550135, "lhu": 0.0028888888888888888, "slti": 0.0006449864498644987, "sll": 0.0031761517615176153, "bltz": 0.0007804878048780488, "sdl": 0.0006233062330623306, "sdr": 0.0006233062330623306, "movz": 0.001121951219512195, "subu": 0.00189159891598916, "nor": 0.00028726287262872627, "addu": 0.00224390243902439, "lwu": 0.002037940379403794, "ori": 0.002926829268292683, "dsrl": 0.0015230352303523035, "xori": 0.000986449864498645, "movn": 0.0014525745257452575, "xor": 0.0013279132791327913, "sra": 0.0003252032520325203, "ins": 0.002747967479674797, "ldc1": 5.420054200542005e-06, "sdc1": 5.420054200542005e-06, "ldxc1": 5.420054200542005e-06, "dmfc1": 5.420054200542005e-06, "ext": 0.0018373983739837399, "sh": 0.0016097560975609755, "sllv": 0.0005907859078590786, "ddivu": 0.0005365853658536586, "teq": 0.0006395663956639566, "mfhi": 0.00035230352303523035, "srl": 0.0006666666666666666, "dextm": 1.084010840108401e-05, "dsll32": 0.0006287262872628726, "dmult": 0.001116531165311653, "dmultu": 0.00010840108401084011, "mflo": 0.0016747967479674797, "dsllv": 0.0004227642276422764, "seb": 9.75609756097561e-05, "bgez": 0.00013550135501355014, "ddiv": 3.794037940379404e-05, "divu": 2.7100271002710027e-05, "dsrlv": 0.0004661246612466125, "ldl": 0.0008997289972899729, "ldr": 0.0008997289972899729, "lh": 0.00016802168021680218, "dextu": 0.00046070460704607046, "mul": 0.00026016260162601624, "bgtz": 0.00011924119241192411, "dinsm": 5.420054200542005e-06, "div": 3.794037940379404e-05, "dsra32": 0.00014092140921409215, "seh": 0.00013008130081300812, "dsrav": 5.420054200542005e-06, "clz": 5.420054200542005e-06, "multu": 1.084010840108401e-05, "srlv": 6.504065040650406e-05, "srav": 0.00012466124661246613, "dmtc1": 1.6260162601626015e-05, "cvt.d.l": 1.084010840108401e-05, "div.d": 5.420054200542005e-06}