{"daddiu": 0.0775122425027318, "sd": 0.08178194180258205, "lui": 0.01019365413412117, "daddu": 0.027742927678173945, "ld": 0.2528734469221741, "sw": 0.011615200938929135, "addiu": 0.060833097252013434, "jalr": 0.03426888987818204, "or": 0.10753166862276903, "bal": 0.015303128414747662, "lw": 0.02312416528390465, "bltz": 0.0006627139908535352, "nop": 0.04693633898579465, "slti": 0.0006424784491480837, "bne": 0.03416771216965478, "b": 0.03156744506050427, "slt": 0.0010927192520943786, "beq": 0.05755999838115666, "dsll": 0.010087417540167551, "subu": 0.002079201910235137, "lb": 0.0043455825812457, "sltiu": 0.005367477437370999, "dsllv": 0.0005868307094580922, "and": 0.003829576267756688, "dext": 0.006809259783884415, "jr": 0.01453923671536687, "bgez": 0.00021247318790724027, "nor": 0.000333886438139949, "addu": 0.002160144077056943, "blez": 0.0004704763446517463, "sb": 0.007674329191792464, "sll": 0.0031618033914767897, "sltu": 0.008493868630863249, "bgtz": 0.00013153102108543445, "xori": 0.0006981261888380751, "ins": 0.002129790764498766, "andi": 0.01125096118823101, "dsubu": 0.0038143996114775995, "dsra": 0.0002580031567445061, "dsrl32": 0.00021247318790724027, "lbu": 0.00985976769598122, "movz": 0.0010977781375207415, "srl": 0.0005665951677526407, "ori": 0.0023979116920959972, "movn": 0.0011180136792261928, "sh": 0.001639078878141568, "lh": 0.00027317981302359465, "lhu": 0.002443441660933263, "sra": 0.0002934153547290461, "sdl": 0.0006070662511635436, "sdr": 0.0006070662511635436, "lwu": 0.0015884900238779393, "dsrl": 0.0014013112631025132, "xor": 0.0011787203043425473, "ext": 0.0017301388158160993, "dsll32": 0.0007588328139544295, "ddiv": 3.5412197984540043e-05, "teq": 0.0008043627827916954, "mfhi": 0.00038447529240357765, "ldc1": 5.058885426362864e-06, "sdc1": 5.058885426362864e-06, "sllv": 0.0005008296572099235, "ddivu": 0.0005160063134890122, "dextm": 1.0117770852725728e-05, "dmult": 0.0009358938038771298, "dmultu": 0.00010117770852725727, "mflo": 0.0014721356590715934, "wsbh": 6.576551054271722e-05, "rotr": 3.5412197984540043e-05, "seh": 0.00021247318790724027, "lwl": 4.047108341090291e-05, "lwr": 4.047108341090291e-05, "seb": 9.105993767453155e-05, "divu": 2.0235541705451456e-05, "dsrlv": 0.0004805941155044721, "ldl": 0.0007993038973653324, "ldr": 0.0007993038973653324, "mul": 0.00027317981302359465, "dextu": 0.0002934153547290461, "div": 2.0235541705451456e-05, "multu": 7.082439596908009e-05, "dinsu": 2.529442713181432e-05, "dsra32": 0.00010623659395362014, "mult": 1.0117770852725728e-05, "dsbh": 5.058885426362864e-06, "dshd": 5.058885426362864e-06, "dsrav": 5.058885426362864e-06, "clz": 5.058885426362864e-06, "srlv": 6.070662511635436e-05, "srav": 0.00011635436480634586, "dmtc1": 1.517665627908859e-05, "cvt.d.l": 1.0117770852725728e-05, "div.d": 5.058885426362864e-06}