{"daddiu": 0.07779732872342615, "sd": 0.08122903418328498, "lui": 0.010140766808668272, "daddu": 0.027530818464324668, "ld": 0.2522895186351382, "sw": 0.011349838447449117, "addiu": 0.06081887592352493, "jalr": 0.0341472700705892, "or": 0.10704142742483176, "bal": 0.014982198349488588, "nop": 0.04741104319729991, "lw": 0.02323990039307691, "beq": 0.05805601860426828, "sltiu": 0.00542281492457451, "dext": 0.0069200057623839805, "dsll": 0.009981272252063139, "jr": 0.014550019550945648, "bne": 0.03438908439834537, "b": 0.0315850671935132, "lb": 0.004445267642155954, "sb": 0.007686608631228005, "subu": 0.002104299150048363, "slti": 0.0006019633265419522, "slt": 0.0010958819534481693, "and": 0.003925624086765039, "dsubu": 0.0038381593299170627, "dsra": 0.0002623942705439279, "dsrl32": 0.00021608939927147004, "lbu": 0.009919532423699862, "sltu": 0.008679590870737379, "movz": 0.0011216068819328681, "movn": 0.0011318968533267477, "andi": 0.011457883147084852, "bltz": 0.0006894280833899282, "lwu": 0.0016309604659299048, "blez": 0.00043732378423987984, "ext": 0.0017698750797472784, "dmult": 0.0009672573110246753, "mflo": 0.00151777078059723, "ddiv": 4.11598855755181e-05, "teq": 0.000823197711510362, "xori": 0.0006997180547838077, "bgtz": 0.00011833467102961453, "dsll32": 0.0007820378259348439, "dsllv": 0.0005968183408450124, "lh": 0.00018521948508983145, "lhu": 0.002423288263258628, "sdl": 0.0006173982836327715, "sdr": 0.0006173982836327715, "sll": 0.003143586260830195, "nor": 0.0003292790846041448, "addu": 0.0021351690642300017, "ori": 0.0024284332489555678, "dsrl": 0.0014251610380523142, "xor": 0.0011987816673869646, "ins": 0.0021403140499269414, "bgez": 0.00019036447078677122, "mfhi": 0.00039101891296742196, "sh": 0.0016566853944146036, "sra": 0.00027782922763474715, "ldc1": 5.144985696939762e-06, "sdc1": 5.144985696939762e-06, "sllv": 0.0005093535839970365, "ddivu": 0.0005247885410878558, "srl": 0.0005659484266633738, "dextm": 1.0289971393879525e-05, "dmultu": 0.00010289971393879525, "wsbh": 6.688481406021692e-05, "rotr": 3.6014899878578335e-05, "seh": 0.00021608939927147004, "lwl": 4.11598855755181e-05, "lwr": 4.11598855755181e-05, "seb": 9.260974254491573e-05, "divu": 2.057994278775905e-05, "dsrlv": 0.0004887736412092775, "ldl": 0.0008129077401164825, "ldr": 0.0008129077401164825, "mul": 0.00027782922763474715, "dextu": 0.0002984091704225062, "div": 2.057994278775905e-05, "multu": 7.202979975715667e-05, "dinsu": 2.5724928484698814e-05, "dsra32": 0.00010804469963573502, "mult": 1.0289971393879525e-05, "dsbh": 5.144985696939762e-06, "dshd": 5.144985696939762e-06, "dsrav": 5.144985696939762e-06, "clz": 5.144985696939762e-06, "srlv": 6.173982836327716e-05, "srav": 0.00011833467102961453, "dmtc1": 1.543495709081929e-05, "cvt.d.l": 1.0289971393879525e-05, "div.d": 5.144985696939762e-06}