{"or": 0.1244036421100158, "bal": 0.020919557528783203, "nop": 0.023286176536985476, "lui": 0.009233200391301075, "addiu": 0.06385356309729852, "daddu": 0.027236812401234104, "ld": 0.23936714575965085, "daddiu": 0.08600722401986606, "and": 0.002535931973812928, "jalr": 0.040608774174128975, "b": 0.048656783806155464, "beq": 0.05886823688765144, "jr": 0.011152080668221837, "dsubu": 0.004214011588531868, "dsra": 0.00017683798630446234, "dsrl32": 0.00013545037248852433, "sd": 0.0773496877116412, "lbu": 0.00878922417036647, "bne": 0.029362630747234556, "sltu": 0.009756189329520656, "sb": 0.007028369328015652, "dsll": 0.009594401384603808, "blez": 0.00047783881405673865, "lw": 0.021269470991045224, "slt": 0.0008315147866656634, "andi": 0.009462713522462187, "ext": 0.0014297539318233125, "dext": 0.007487395590337873, "ddivu": 0.00044773873128151103, "teq": 0.0005794265934231319, "mflo": 0.001474904055986154, "bltz": 0.0007600270900744977, "xor": 0.0010234028143577395, "sltiu": 0.006761231093385507, "sw": 0.010595229136880126, "sll": 0.0040522236436150195, "lb": 0.004247874181654, "movn": 0.0012077658213560088, "bgez": 0.00013545037248852433, "lhu": 0.0023026563323049138, "addu": 0.001708179697494168, "slti": 0.0007525020693806908, "movz": 0.0010008277522763189, "lwu": 0.0025547445255474453, "subu": 0.001474904055986154, "dmult": 0.0009594401384603807, "divu": 6.772518624426217e-05, "ldl": 0.000654676800361201, "ldr": 0.000654676800361201, "sdl": 0.00047031379336293175, "sdr": 0.00047031379336293175, "xori": 0.0008879524418692152, "bgtz": 0.00013545037248852433, "dsllv": 0.00033110091052750395, "mul": 0.0002558507035894349, "nor": 0.00025208819324253144, "srl": 0.0004816013244036421, "ins": 0.0019452178493490858, "dsll32": 0.0006020016555045527, "dsrl": 0.0011249905937241328, "ori": 0.002347806456467755, "dextu": 0.00032357588983369706, "dmultu": 8.277522763187599e-05, "mfhi": 0.00030100082775227633, "lh": 0.00014297539318233125, "sh": 0.0012416284144781398, "seb": 8.653773797877945e-05, "div": 3.386259312213108e-05, "ddiv": 3.010008277522763e-05, "sdc1": 1.881255173451727e-05, "mov.d": 1.5050041387613815e-05, "dmfc1": 1.1287531040710362e-05, "ldc1": 1.881255173451727e-05, "dsra32": 0.00010535028971329671, "sra": 0.0002370381518549176, "dsrlv": 0.00033110091052750395, "srav": 9.406275867258635e-05, "sllv": 0.0004853638347505456, "srlv": 8.277522763187599e-05, "ldxc1": 3.762510346903454e-06, "dextm": 7.525020693806908e-06, "dinsm": 3.762510346903454e-06, "seh": 9.030024832568289e-05, "dsrav": 3.762510346903454e-06, "clz": 3.762510346903454e-06, "multu": 7.525020693806908e-06, "dmtc1": 1.1287531040710362e-05, "cvt.d.l": 7.525020693806908e-06, "div.d": 3.762510346903454e-06}