{"or": 0.10097292288685267, "bal": 0.013773422217646453, "nop": 0.13375115824153197, "lui": 0.008210645526613816, "addiu": 0.03664547513641511, "daddu": 0.020253140121486667, "ld": 0.2948979460516833, "daddiu": 0.058307809121795534, "and": 0.0031433388242561515, "jalr": 0.021501467105940492, "b": 0.030197930608462886, "beq": 0.028051966436734275, "jr": 0.006749974261299289, "dsubu": 0.0022617883249253577, "dsra": 0.0001479975290847318, "dsrl32": 0.000186605580150314, "sd": 0.07614151137650571, "lbu": 0.007576830021620509, "bne": 0.02658486049624215, "sltu": 0.0047552249562442086, "sb": 0.003674199526407907, "dsll": 0.008712550190466385, "sll": 0.004655487490991455, "sw": 0.01966115000514774, "lw": 0.04034219602594461, "lb": 0.0038511530937918254, "sltiu": 0.0022103109235045815, "dext": 0.0034393338824256154, "lwu": 0.002634999485225986, "bgez": 0.00034103778441264284, "lhu": 0.0021363121589622154, "sra": 0.00020590960568310512, "andi": 0.012418923092762277, "dmult": 0.0006338155049933079, "mflo": 0.0017148409348296098, "xori": 0.00017373622979511994, "ori": 0.0022907443632245446, "ddiv": 1.9304025532791105e-05, "teq": 0.000373211160300628, "mfhi": 0.0004697312879645835, "subu": 0.0011775455575002574, "slt": 0.0006016421291053228, "ext": 0.0013094563986409966, "mtlo": 0.0006885102440028827, "blez": 0.000186605580150314, "bgtz": 0.00010295480284155256, "ins": 0.001653711520642438, "lh": 0.0001319108411407392, "slti": 0.0006080768042829198, "dsrl": 0.0008944198496859878, "xor": 0.0007142489447132708, "sdl": 0.00010295480284155256, "sdr": 0.00010295480284155256, "dsll32": 0.0005598167404509421, "addu": 0.0013770204880057654, "sh": 0.0011775455575002574, "bltz": 0.00023164830639349325, "ldc1": 6.434675177597035e-06, "sdc1": 6.434675177597035e-06, "sllv": 0.0003506897971790384, "ddivu": 0.0003152990837022547, "srl": 0.0009040718624523834, "dmultu": 7.721610213116442e-05, "nor": 0.00015764954185112736, "dsllv": 0.0002573870071038814, "movz": 0.00010295480284155256, "seb": 0.0008397251106764131, "divu": 1.9304025532791105e-05, "dsrlv": 0.00018017090497271697, "seh": 0.0005437300525069495, "ldl": 0.00011904149078554514, "ldr": 0.00011904149078554514, "mult": 0.0001319108411407392, "div": 1.9304025532791105e-05, "movn": 9.652012766395553e-06, "dsrav": 3.2173375887985175e-06, "dsra32": 1.6086687943992586e-05, "multu": 6.434675177597035e-06, "mul": 9.652012766395553e-06, "srlv": 1.6086687943992586e-05, "srav": 7.721610213116442e-05, "dmtc1": 9.652012766395553e-06, "cvt.d.l": 6.434675177597035e-06, "div.d": 3.2173375887985175e-06}