{"or": 0.11248451146906827, "bal": 0.01764433296060121, "nop": 0.026458944059959504, "lui": 0.01046672106540945, "addiu": 0.06457835937421298, "daddu": 0.028362900057420894, "ld": 0.2405381445999174, "daddiu": 0.07932646297359647, "and": 0.003127927710115144, "jalr": 0.03887495340848419, "b": 0.045961900732368256, "beq": 0.05888663906434163, "jr": 0.010476794906665862, "dsubu": 0.004014425740679178, "dsra": 0.00024680911078203227, "dsrl32": 0.00015614453947434696, "sd": 0.08165352030382705, "lbu": 0.010300502684678695, "bne": 0.030241671451741264, "sltu": 0.008718909607422406, "sb": 0.0077618946880635056, "dsll": 0.010753825541217121, "lw": 0.02484209253830578, "subu": 0.0017981806642690923, "sltiu": 0.0052283236120765205, "slt": 0.0009670887606153103, "dext": 0.006966061228807156, "andi": 0.011685655857435, "movz": 0.0011131594588332477, "sw": 0.011202111477127344, "sh": 0.0015060392678332174, "sll": 0.0031531123132561675, "addu": 0.002196097393897267, "lwu": 0.0021255805051024006, "sdc1": 0.0001964399044999849, "blez": 0.0005490243484743167, "ldc1": 0.0006094673960127736, "dsrl": 0.0015614453947434695, "dmtc1": 0.00041302749151278875, "cvt.d.l": 0.00031228907894869393, "add.d": 0.0001964399044999849, "dmfc1": 0.0002115506663845991, "bgtz": 0.00012088609507691378, "mov.d": 1.5110761884614223e-05, "mul.d": 0.00010073841256409481, "div.d": 0.00022666142826921332, "bltz": 0.0008512395861666012, "sub.d": 4.0295365025637924e-05, "c.lt.d": 9.570149193589008e-05, "bc1t": 0.00010073841256409481, "lb": 0.003979167296281745, "movn": 0.0014506331409229654, "c.eq.d": 4.0295365025637924e-05, "bc1f": 6.547996816666163e-05, "ins": 0.0026494202504356934, "trunc.l.d": 5.0369206282047404e-05, "dsra32": 0.000135996856961528, "sra": 0.0003072521583204892, "dextu": 0.0004331751740256077, "ori": 0.003047336980063868, "dmultu": 0.00010577533319229955, "mfhi": 0.0003324367614615129, "dsll32": 0.0006145043166409784, "lhu": 0.0026947525360895364, "seb": 0.00010577533319229955, "xori": 0.0010577533319229956, "dmult": 0.001087974855692224, "mflo": 0.0016168515216537218, "xor": 0.0012693039983075946, "slti": 0.0005943566341281594, "nor": 0.0002619198726666465, "ddiv": 4.0295365025637924e-05, "teq": 0.0006044304753845689, "c.le.d": 3.0221523769228446e-05, "dextm": 1.5110761884614223e-05, "ddivu": 0.0005036920628204741, "sdl": 0.0005893197134999547, "sdr": 0.0005893197134999547, "ext": 0.0017175899342178167, "srl": 0.0006296150785255926, "ldxc1": 5.0369206282047404e-06, "sllv": 0.0005490243484743167, "dsllv": 0.0003928798089999698, "bgez": 0.00012592301570511853, "divu": 2.5184603141023702e-05, "dsrlv": 0.0004331751740256077, "ldl": 0.000836128824281987, "ldr": 0.000836128824281987, "lh": 0.00015614453947434696, "mul": 0.00024177219015382757, "dinsm": 5.0369206282047404e-06, "div": 3.5258444397433186e-05, "seh": 0.00012088609507691378, "dsrav": 5.0369206282047404e-06, "clz": 5.0369206282047404e-06, "multu": 1.0073841256409481e-05, "srlv": 6.044304753845689e-05, "srav": 0.00011584917444870904}