{"or": 0.10073685305862307, "bal": 0.013712750874728476, "nop": 0.13365135729243896, "lui": 0.008207489496754724, "addiu": 0.03693695451411922, "daddu": 0.020281343895110625, "ld": 0.29440303846203875, "daddiu": 0.058262119379300474, "and": 0.003160728918718539, "jalr": 0.021364186209856792, "b": 0.030238290344818616, "beq": 0.02812788595361663, "jr": 0.006731181956530222, "dsubu": 0.002269741548627099, "dsra": 0.0001463300425332657, "dsrl32": 0.00018860316593176466, "sd": 0.07620218259387886, "lbu": 0.0076481835564053535, "bne": 0.026576787502764012, "sltu": 0.0047378415993548475, "sb": 0.0037005241867301415, "dsll": 0.00873102587115152, "sll": 0.004685813139787463, "sw": 0.019741548627099023, "lw": 0.04053667356043756, "slti": 0.0006308450722545232, "lb": 0.003798077548418985, "slt": 0.0006048308424708316, "ext": 0.0013202221615223528, "mtlo": 0.0006958806467137524, "mflo": 0.0017201909444466122, "andi": 0.01251609630467866, "bgez": 0.0003284296510191075, "bgtz": 0.00010405691913476672, "sltiu": 0.0022014541954449083, "dext": 0.0034598925612309935, "subu": 0.0011803956764350099, "ori": 0.0022957557784107907, "dsrl": 0.0009039944849832858, "ins": 0.001668162484879229, "xor": 0.0007218948764974441, "lhu": 0.002149425735877525, "sdl": 0.00010405691913476672, "sdr": 0.00010405691913476672, "lwu": 0.0025981711996462065, "blez": 0.00018209960848584176, "dsll32": 0.000565809497795294, "addu": 0.0013917612934275048, "sh": 0.0011901510126038942, "bltz": 0.00023412806805322512, "xori": 0.00017234427231695737, "sra": 0.00020486205954657198, "ldc1": 6.50355744592292e-06, "sdc1": 6.50355744592292e-06, "sllv": 0.00035444388080279915, "ddivu": 0.00031867431485022306, "teq": 0.00037395455314056787, "mfhi": 0.0004715079148294117, "srl": 0.0009137498211521703, "dmultu": 7.804268935107504e-05, "dmult": 0.0006308450722545232, "nor": 0.00015933715742511153, "dsllv": 0.0002601422978369168, "movz": 0.00010405691913476672, "seb": 0.000848714246692941, "ddiv": 1.62588936148073e-05, "divu": 1.951067233776876e-05, "dsrlv": 0.00018209960848584176, "seh": 0.0005495506041804868, "lh": 0.00012681937019549694, "ldl": 0.00012031581274957401, "ldr": 0.00012031581274957401, "mult": 0.00013332292764141985, "div": 1.951067233776876e-05, "movn": 9.75533616888438e-06, "dsrav": 3.25177872296146e-06, "dsra32": 1.62588936148073e-05, "multu": 6.50355744592292e-06, "mul": 9.75533616888438e-06, "srlv": 1.62588936148073e-05, "srav": 7.804268935107504e-05, "dmtc1": 9.75533616888438e-06, "cvt.d.l": 6.50355744592292e-06, "div.d": 3.25177872296146e-06}