{"or": 0.1082828360801266, "bal": 0.012920220772704466, "nop": 0.012891273302713342, "lui": 0.008722837623991663, "addiu": 0.06853795978231503, "daddu": 0.025386931182214675, "ld": 0.24100698598942452, "daddiu": 0.12380832915203212, "and": 0.0012350920529545719, "jalr": 0.05589756455285808, "b": 0.07889150488247328, "beq": 0.04908525994828052, "jr": 0.011984252576324829, "dsubu": 0.004834227488517503, "dsra": 0.00016403566328302907, "dsrl32": 0.00013508819329190628, "sd": 0.04091242425412019, "lbu": 0.013499170172526921, "bne": 0.027615886371531128, "sltu": 0.013151800532633448, "sb": 0.010884248716662165, "dsll": 0.00869389015400054, "sltiu": 0.013643907522482535, "lw": 0.011588637153112818, "lhu": 0.0015728125361843374, "sll": 0.005586861708286696, "andi": 0.007391254004400016, "dsrl": 0.0009070207263885136, "ori": 0.0035798371222355166, "dext": 0.006715813037940484, "xori": 0.0017464973561310741, "lwu": 0.0036570303755451773, "lb": 0.0008780732563973909, "ext": 0.00027982554324752014, "sw": 0.0051044038751013165, "dmult": 0.0005596510864950403, "mflo": 0.0008780732563973909, "ddivu": 0.0002412289165926898, "teq": 0.00032807132656605814, "dsrlv": 0.0002315797599289822, "addu": 0.0009263190397159288, "bgez": 0.0001447373499556139, "dsll32": 0.0005017561465127947, "movz": 0.0005403527731676251, "sh": 0.000685090123123239, "movn": 0.0005789493998224556, "dsra32": 3.859662665483037e-05, "slti": 0.00041491373653942644, "dmultu": 0.0001447373499556139, "mfhi": 0.0003763171098845961, "bltz": 0.0005693002431587479, "xor": 0.0007140375931143618, "subu": 0.0012736886796094022, "nor": 0.00032807132656605814, "slt": 0.00017368481994673666, "blez": 0.00017368481994673666, "sdl": 0.0026824655525107106, "sdr": 0.0026824655525107106, "sllv": 0.0003570187965571809, "seb": 0.00010614072330078351, "sdc1": 2.8947469991122774e-05, "srl": 0.0005017561465127947, "dmtc1": 0.00019298313327415184, "cvt.d.l": 0.00019298313327415184, "add.d": 9.649156663707592e-05, "mul.d": 5.789493998224555e-05, "dmfc1": 5.789493998224555e-05, "div.d": 5.789493998224555e-05, "ldc1": 6.754409664595314e-05, "mov.d": 1.9298313327415185e-05, "ins": 0.0002894746999112278, "dextu": 6.754409664595314e-05, "bgtz": 1.9298313327415185e-05, "multu": 9.649156663707592e-05, "mul": 0.0002508780732563974, "dsllv": 0.0003763171098845961, "sra": 2.8947469991122774e-05, "srav": 9.649156663707593e-06, "lh": 4.824578331853796e-05, "divu": 5.789493998224555e-05, "div": 1.9298313327415185e-05, "ldl": 0.00027982554324752014, "ldr": 0.00027982554324752014, "ddiv": 9.649156663707593e-06, "srlv": 4.824578331853796e-05}