{"or": 0.15958451369216242, "bal": 0.026203966005665724, "nop": 0.021010387157695938, "lui": 0.011095372993389991, "addiu": 0.07318224740321058, "daddu": 0.02525967894239849, "ld": 0.23748819641170915, "daddiu": 0.091123701605288, "and": 0.0009442870632672333, "jalr": 0.06444759206798867, "b": 0.037535410764872525, "beq": 0.040132200188857416, "jr": 0.014164305949008499, "dsubu": 0.0025967894239848914, "dsra": 0.0009442870632672333, "dsrl32": 0.00141643059490085, "sd": 0.07530689329556185, "lbu": 0.01959395656279509, "bne": 0.018649669499527857, "sltu": 0.0028328611898017, "sb": 0.008734655335221907, "dsll": 0.014636449480642116, "slti": 0.00047214353163361664, "sltiu": 0.0028328611898017, "movz": 0.0011803588290840415, "xori": 0.0018885741265344666, "dext": 0.0018885741265344666, "lw": 0.007554296506137866, "sh": 0.0009442870632672333, "sw": 0.006373937677053824, "lwu": 0.00023607176581680832, "lhu": 0.0025967894239848914, "andi": 0.005193578847969783, "bltz": 0.00141643059490085, "bgez": 0.0009442870632672333, "slt": 0.0009442870632672333, "ori": 0.00023607176581680832, "sll": 0.000708215297450425, "dsll32": 0.004957507082152974, "lb": 0.005901794145420208, "dmult": 0.000708215297450425, "mflo": 0.000708215297450425, "dsrl": 0.002124645892351275, "xor": 0.0009442870632672333, "ldl": 0.00047214353163361664, "ldr": 0.00047214353163361664, "sdl": 0.00047214353163361664, "sdr": 0.00047214353163361664, "dsrlv": 0.00023607176581680832, "subu": 0.00023607176581680832}