{"daddiu": 0.07048161152537465, "sd": 0.08074368348657063, "lui": 0.008682943603851445, "daddu": 0.02997176572793745, "ld": 0.2383126402664157, "sw": 0.01280949105914718, "addiu": 0.07034134510967929, "jalr": 0.03626113081879389, "or": 0.10117280822413668, "bal": 0.010615000361977846, "nop": 0.04689875479620647, "lw": 0.024085100991819302, "beq": 0.05968109751683197, "sltiu": 0.005977159197857091, "dext": 0.007438644754940997, "dsll": 0.01155614276406284, "jr": 0.01214435676536596, "bne": 0.03565481792514298, "subu": 0.002520270759429523, "blez": 0.0005384420473467024, "ext": 0.0016922464345182076, "bltz": 0.0008687468326938391, "bgtz": 9.954390791283574e-05, "b": 0.0324467892564975, "andi": 0.012768768551364657, "sltu": 0.008574350249764714, "lbu": 0.0107643162238471, "dsllv": 0.0006289365090856439, "and": 0.003737421269818287, "xor": 0.0012216752334757112, "dsubu": 0.0040948743936871064, "lb": 0.005004343734163469, "movn": 0.0011945268949540289, "dsra": 0.0002760081083037718, "dsrl32": 0.00021718670817345978, "sb": 0.013099073336711793, "slti": 0.0014071888800405415, "sll": 0.004370882501990878, "slt": 0.0013574169260841236, "movz": 0.001149279664084558, "nor": 0.0003031564468254543, "addu": 0.0029591688988633894, "lwu": 0.001484109172518642, "sdl": 0.0005655903858683848, "sdr": 0.0005655903858683848, "ori": 0.0025383696517773113, "dsrl": 0.0013483674799102294, "xori": 0.0006606095706942735, "lhu": 0.003456888438427568, "bgez": 0.00026243393904293056, "sra": 0.0003348295084340838, "ins": 0.0019908781582567148, "dsll32": 0.0007194309708245855, "ldc1": 4.524723086947079e-06, "sdc1": 4.524723086947079e-06, "sh": 0.0027329327445160356, "sllv": 0.0004660464779555491, "ddivu": 0.0004931948164772316, "teq": 0.0008144501556504742, "mfhi": 0.0003619778469557663, "srl": 0.0006651342937812205, "dextm": 9.049446173894157e-06, "dmultu": 0.00010859335408672989, "dmult": 0.0008461232172591038, "mflo": 0.0013936147107797003, "wsbh": 5.882140013031203e-05, "rotr": 3.1673061608629554e-05, "seh": 0.00020361253891261854, "lwl": 3.619778469557663e-05, "lwr": 3.619778469557663e-05, "seb": 0.00011764280026062405, "dins": 8.59697386519945e-05, "dinsu": 0.00011311807717367696, "ddiv": 3.1673061608629554e-05, "divu": 1.8098892347788315e-05, "dsrlv": 0.0006289365090856439, "ldl": 0.0007149062477376384, "ldr": 0.0007149062477376384, "lh": 0.00015384058495620067, "mul": 0.00024885976978208935, "dextu": 0.00045247230869470786, "div": 1.8098892347788315e-05, "multu": 6.787084630420618e-05, "dsra32": 9.501918482588865e-05, "mult": 9.049446173894157e-06, "dsbh": 4.524723086947079e-06, "dshd": 4.524723086947079e-06, "dsrav": 4.524723086947079e-06, "clz": 4.524723086947079e-06, "srlv": 5.4296677043364945e-05, "srav": 0.00011311807717367696, "dmtc1": 1.3574169260841236e-05, "cvt.d.l": 9.049446173894157e-06, "div.d": 4.524723086947079e-06}