{"or": 0.11338481199098943, "bal": 0.018221495408074856, "nop": 0.0268638450875065, "lui": 0.01077044706290071, "addiu": 0.06402161670421071, "daddu": 0.02907316756194767, "ld": 0.23667367007451048, "daddiu": 0.0793298388494195, "and": 0.0032814936752729165, "jalr": 0.03683828625888061, "b": 0.04637952694507018, "beq": 0.06020403742852192, "jr": 0.010857087159937618, "dsubu": 0.003893389360596084, "dsra": 0.00021118523652746492, "dsrl32": 0.00016245018194420378, "sd": 0.08412753422283833, "lbu": 0.010732542020447064, "bne": 0.030383599029630913, "sltu": 0.008528634552070698, "sb": 0.008247054236700744, "dsll": 0.010239776468549644, "lw": 0.024443337376537862, "andi": 0.011674753075723444, "sll": 0.0031731935539767806, "slt": 0.000963871079535609, "sw": 0.01144732282100156, "ext": 0.0018411020620343094, "bltz": 0.000785175879396985, "slti": 0.0006443857217120083, "sltiu": 0.005485401143649281, "blez": 0.0005415006064806793, "lb": 0.004174969675966037, "dext": 0.0069257927568878875, "sdl": 0.0006227256974527812, "sdr": 0.0006227256974527812, "movz": 0.001120906255415006, "subu": 0.0018898371166175705, "nor": 0.00028699532143476, "addu": 0.002241812510830012, "lwu": 0.002036042280367354, "ori": 0.002924103274995668, "dsrl": 0.0015216167042107088, "xori": 0.0009855311037948362, "movn": 0.0014512216253682205, "xor": 0.0013266764858776642, "ins": 0.0027454080748570437, "dsll32": 0.000628140703517588, "bgez": 0.0001353751516201698, "lhu": 0.0028753682204124068, "ddiv": 3.790504245364755e-05, "teq": 0.0006389707156472015, "mfhi": 0.00035197539421244153, "bgtz": 0.00011913013342574943, "sh": 0.0016082568012476175, "sra": 0.00032490036388840756, "ldc1": 5.415006064806793e-06, "sdc1": 5.415006064806793e-06, "ldxc1": 5.415006064806793e-06, "dmfc1": 5.415006064806793e-06, "sllv": 0.0005902356610639404, "ddivu": 0.0005360856004158725, "srl": 0.0006660457459712355, "dextm": 1.0830012129613586e-05, "dmult": 0.0011154912493501993, "dmultu": 0.00010830012129613586, "mflo": 0.001673236874025299, "dsllv": 0.00042237047305492985, "seb": 9.747010916652227e-05, "divu": 2.7075030324033965e-05, "dsrlv": 0.00046569052157338414, "ldl": 0.0008988910067579275, "ldr": 0.0008988910067579275, "lh": 0.00016786518800901057, "dextu": 0.00046027551550857735, "mul": 0.00025992029111072604, "dinsm": 5.415006064806793e-06, "div": 3.790504245364755e-05, "dsra32": 0.0001407901576849766, "seh": 0.00012996014555536302, "dsrav": 5.415006064806793e-06, "clz": 5.415006064806793e-06, "multu": 1.0830012129613586e-05, "srlv": 6.498007277768151e-05, "srav": 0.00012454513949055623, "dmtc1": 1.6245018194420377e-05, "cvt.d.l": 1.0830012129613586e-05, "div.d": 5.415006064806793e-06}