{"daddiu": 0.08313291818767447, "sd": 0.07664089900508196, "lui": 0.00861427242144442, "daddu": 0.025595877174146447, "ld": 0.24938086035358958, "sw": 0.011022833011237564, "addiu": 0.0631307708825424, "jalr": 0.036582921766516355, "or": 0.1158650060840312, "nop": 0.04475699663588863, "lw": 0.020188247083243863, "beq": 0.05703958199126762, "sltiu": 0.006441915396177797, "dext": 0.00790924056975163, "dsll": 0.009097416076157756, "jr": 0.014494309641400043, "bne": 0.03316870660654212, "slt": 0.0009197623648987187, "xor": 0.0009197623648987187, "bal": 0.01642330541836662, "b": 0.03486149881898218, "sll": 0.0038436761863860852, "bgtz": 0.00010736525660296328, "bgez": 0.001431536754706177, "lb": 0.004545129196192112, "sltu": 0.010378641471619784, "and": 0.002948965714694725, "dsubu": 0.00396535681053611, "dsra": 0.00021115167131916112, "dsrl32": 0.0001682055686779758, "lbu": 0.009022260396535682, "sb": 0.006474124973158686, "blez": 0.0003757783981103715, "andi": 0.010589793142938946, "ext": 0.001342065707537041, "ddivu": 0.0004330398682986186, "teq": 0.0007086106935795576, "mflo": 0.0013205926562164484, "movn": 0.000905446997351657, "bltz": 0.000622718488297187, "lhu": 0.002004151456588648, "slti": 0.000719347219239854, "movz": 0.0009627084675399041, "ldl": 0.0006012454369765944, "ldr": 0.0006012454369765944, "sdl": 0.00046524944527950754, "sdr": 0.00046524944527950754, "dsll32": 0.0007050318516927922, "srl": 0.0004187245007515568, "subu": 0.0016069000071576838, "dmult": 0.0008123971082957555, "divu": 6.79979958485434e-05, "xori": 0.0006155608045236562, "addu": 0.0016534249516856345, "lwu": 0.0015460596950826713, "nor": 0.00026841314150740823, "mul": 0.0002576766158471119, "dsllv": 0.0010128122539546202, "ins": 0.0015245866437620787, "sh": 0.0013098561305561521, "dsrl": 0.0010557583565958056, "seb": 0.001155965929425238, "lh": 0.0001431536754706177, "ori": 0.001964784195834228, "dmultu": 8.231336339560519e-05, "mfhi": 0.0003364111373559516, "dsra32": 8.589220528237062e-05, "sra": 0.00020041514565886478, "multu": 5.726147018824708e-05, "dinsu": 3.2209576980888986e-05, "div": 2.1473051320592655e-05, "mult": 1.431536754706177e-05, "ddiv": 2.863073509412354e-05, "sdc1": 1.7894209433827213e-05, "mov.d": 1.431536754706177e-05, "dmfc1": 7.157683773530885e-06, "ldc1": 2.1473051320592655e-05, "dsrlv": 0.00034714766301624793, "srav": 8.947104716913607e-05, "dsbh": 7.157683773530885e-06, "dshd": 7.157683773530885e-06, "wsbh": 6.441915396177797e-05, "lwl": 5.726147018824708e-05, "lwr": 5.726147018824708e-05, "rotr": 3.936726075441987e-05, "sllv": 0.00042230334263832224, "srlv": 7.51556796220743e-05, "dextm": 7.157683773530885e-06, "seh": 0.0001503113592441486, "dextu": 0.00020757282943239567, "dsrav": 3.5788418867654425e-06, "clz": 3.5788418867654425e-06, "dmtc1": 1.0736525660296328e-05, "cvt.d.l": 7.157683773530885e-06, "div.d": 3.5788418867654425e-06}