{"or": 0.11355645266310717, "bal": 0.017585840170161047, "nop": 0.026913226548595737, "lui": 0.010754438511959022, "addiu": 0.06395689542909233, "daddu": 0.02900225723835569, "ld": 0.2364348656509094, "daddiu": 0.07924751486738725, "and": 0.0032936146199591962, "jalr": 0.03745604896470894, "b": 0.046425315796327644, "beq": 0.060283457047358595, "jr": 0.010824977210574294, "dsubu": 0.003912184746277727, "dsra": 0.00021161609584581325, "dsrl32": 0.00016278161218908713, "sd": 0.08413096323305987, "lbu": 0.010759864565698659, "bne": 0.030380474888223295, "sltu": 0.008556886747406347, "sb": 0.008263879845465989, "dsll": 0.010260667621652125, "lw": 0.02442809393584234, "andi": 0.011671441593957546, "sw": 0.011400138906975735, "sltiu": 0.005485740330772236, "dext": 0.006939922732994748, "subu": 0.001899118808872683, "blez": 0.0005534574814428962, "ext": 0.0018448582714763208, "bltz": 0.0007922038459868907, "dsllv": 0.00042865824543126277, "xor": 0.0013348092199505144, "movn": 0.0014596084559621479, "movz": 0.0011286191778443373, "lb": 0.004183487433259539, "bgtz": 0.00012479923601163345, "sdl": 0.0006239961800581673, "sdr": 0.0006239961800581673, "slti": 0.0006348482875374397, "sll": 0.0031633893302079265, "slt": 0.0009495594044363415, "nor": 0.0002875808482007206, "addu": 0.002246386248209402, "lwu": 0.0020401962061032254, "ori": 0.002930069019403568, "dsrl": 0.0015247211008377827, "xori": 0.0009875417806137952, "lhu": 0.002881234535746842, "sra": 0.00032556322437817426, "ins": 0.0027510092459955724, "ldc1": 5.426053739636237e-06, "sdc1": 5.426053739636237e-06, "ldxc1": 5.426053739636237e-06, "dmfc1": 5.426053739636237e-06, "sh": 0.0016115379606719625, "sllv": 0.0005914398576203499, "ddivu": 0.0005371793202239875, "teq": 0.000640274341277076, "mfhi": 0.0003526934930763554, "srl": 0.0006674046099752572, "dextm": 1.0852107479272475e-05, "dsll32": 0.0006294222337978035, "dmult": 0.0011177670703650649, "dmultu": 0.00010852107479272475, "mflo": 0.0016766506055475973, "seb": 9.766896731345227e-05, "bgez": 0.00013565134349090594, "ddiv": 3.798237617745366e-05, "divu": 2.7130268698181187e-05, "dsrlv": 0.0004666406216087164, "ldl": 0.0009007249207796154, "ldr": 0.0009007249207796154, "lh": 0.00016820766592872335, "dextu": 0.0004612145678690802, "mul": 0.0002604505795025394, "dinsm": 5.426053739636237e-06, "div": 3.798237617745366e-05, "dsra32": 0.00014107739723054217, "seh": 0.0001302252897512697, "dsrav": 5.426053739636237e-06, "clz": 5.426053739636237e-06, "multu": 1.0852107479272475e-05, "srlv": 6.511264487563485e-05, "srav": 0.00012479923601163345, "dmtc1": 1.6278161218908712e-05, "cvt.d.l": 1.0852107479272475e-05, "div.d": 5.426053739636237e-06}