{"or": 0.1015449917178213, "bal": 0.01343722595732242, "nop": 0.1336810630419955, "lui": 0.00801118094124525, "addiu": 0.03742205008282179, "daddu": 0.020215214849459224, "ld": 0.29454106986261325, "daddiu": 0.058328461463509694, "and": 0.00300228977881711, "jalr": 0.022663329435837473, "b": 0.03006248173048816, "beq": 0.027918859008087302, "jr": 0.006580069180551496, "dsubu": 0.002563821494689662, "dsra": 0.00016747052518756699, "dsrl32": 0.00018574003702621065, "sd": 0.0741742180648933, "lbu": 0.007383927701451817, "bne": 0.025982290753191074, "sltu": 0.004856645230439442, "sb": 0.0035381954594173246, "dsll": 0.009536685179771997, "sw": 0.019453985189515736, "lw": 0.04022642015005359, "subu": 0.0011296648153561336, "sll": 0.0044760304004676996, "andi": 0.012368459514761766, "slti": 0.0005846243788365975, "addu": 0.0013641235506187276, "dext": 0.0034894767611809412, "lwu": 0.0027952353113124815, "sltiu": 0.0021101286173633442, "slt": 0.0006181184838741109, "ori": 0.0023598119458248077, "sh": 0.0011205300594368118, "blez": 0.00017965019974666276, "dmtc1": 0.0002953571080580727, "cvt.d.l": 0.00022532397934327194, "ldc1": 0.0005389505992399883, "mul.d": 6.69882100750268e-05, "div.d": 0.0001339764201500536, "dmfc1": 0.00015833576926824514, "bltz": 0.00028926727077852477, "dsrl": 0.0009408798596901491, "add.d": 0.0001339764201500536, "c.eq.d": 2.4359349118191562e-05, "bc1t": 4.2628860956835236e-05, "sdc1": 0.00014006625742960148, "bc1f": 5.480853551593101e-05, "bgez": 0.00030753678261716846, "sub.d": 2.4359349118191562e-05, "c.lt.d": 5.480853551593101e-05, "lb": 0.0036478125304491866, "mtlo": 0.00066379226347072, "mflo": 0.0016594806586768002, "bgtz": 0.00010657215239208808, "trunc.l.d": 3.0449186397739453e-05, "sra": 0.0001948747929455325, "srl": 0.0008647568936958005, "ins": 0.001619896716359739, "dmultu": 7.612296599434863e-05, "mfhi": 0.00045064795868654387, "lhu": 0.0020248708954496734, "xori": 0.00016747052518756699, "movz": 0.0001278865828705057, "dmult": 0.0006211634025138848, "ext": 0.0012697310727857352, "nor": 0.00015224593198869725, "ddiv": 1.826951183864367e-05, "teq": 0.00035625548085355157, "dextm": 3.0449186397739452e-06, "ddivu": 0.0003014469453376206, "c.le.d": 1.826951183864367e-05, "dsll32": 0.0005419955178797623, "movn": 1.2179674559095781e-05, "mov.d": 3.0449186397739452e-06, "xor": 0.0006911965312286855, "sllv": 0.00033189613173536, "dsllv": 0.00024359349118191563, "seb": 0.0007947237649809997, "divu": 1.826951183864367e-05, "dsrlv": 0.00017051544382734094, "seh": 0.0005145912501217968, "lh": 0.00011875182695118387, "ldl": 0.00011266198967163597, "ldr": 0.00011266198967163597, "mult": 0.00012484166423073174, "div": 1.826951183864367e-05, "sdl": 9.43924778329923e-05, "sdr": 9.43924778329923e-05, "dsrav": 3.0449186397739452e-06, "dsra32": 1.5224593198869727e-05, "multu": 6.0898372795478905e-06, "mul": 9.134755919321835e-06, "srlv": 1.5224593198869727e-05, "srav": 7.307804735457468e-05}