{"or": 0.10153348963943984, "bal": 0.014013687345542107, "nop": 0.13380013940814903, "lui": 0.008225080793359103, "addiu": 0.03657246055383056, "daddu": 0.020445472403523225, "ld": 0.29436664343197516, "daddiu": 0.05835815220835182, "and": 0.0030891578480451176, "jalr": 0.021608263101197643, "b": 0.030143843862873075, "beq": 0.027796083898358786, "jr": 0.0067929788986756225, "dsubu": 0.002259045687852481, "dsra": 0.00014574488308725684, "dsrl32": 0.00018376528737088903, "sd": 0.07598377796083898, "lbu": 0.007543881883277359, "bne": 0.026427349344148025, "sltu": 0.004651162790697674, "sb": 0.003694315949559597, "dsll": 0.008880932767251758, "sw": 0.019967048982954184, "sll": 0.00465433115772131, "lw": 0.040542424434446486, "andi": 0.012226728344211393, "bgtz": 0.00012990304796907674, "sltiu": 0.0022020150814270325, "slti": 0.0006368417717508396, "lb": 0.0037766934921741333, "addu": 0.001406754958494392, "dext": 0.0033933210823141754, "lwu": 0.0025410303529560863, "bgez": 0.0003358469045054179, "slt": 0.0005988213674672074, "subu": 0.0011596223306507825, "blez": 0.0001964387554654331, "xori": 0.00017426018629998098, "nor": 0.0001584183511818009, "srl": 0.0008966478676889931, "ins": 0.0016538875863380013, "ext": 0.0012958621126671313, "ori": 0.0022558773208288447, "seh": 0.000538622394018123, "sh": 0.0011627906976744186, "bltz": 0.00024079589379633737, "lh": 0.00017109181927634496, "lhu": 0.002125974272859768, "sra": 0.00020911222355997718, "seb": 0.0008332805272162727, "mtlo": 0.0006875356441290159, "mflo": 0.0016855712565743617, "dsrl": 0.000880806032570813, "xor": 0.000703377479247196, "sdl": 0.00010138774475635257, "sdr": 0.00010138774475635257, "dsll32": 0.0005512958621126671, "ldc1": 6.336734047272036e-06, "sdc1": 6.336734047272036e-06, "sllv": 0.00034535200557632596, "movz": 0.00010138774475635257, "ddivu": 0.0003104999683163298, "teq": 0.0003643622077181421, "mfhi": 0.0004594132184272226, "dmultu": 7.604080856726444e-05, "dmult": 0.0006146632025853875, "dsllv": 0.00025346936189088145, "ddiv": 1.584183511818009e-05, "divu": 1.901020214181611e-05, "dsrlv": 0.000177428553323617, "ldl": 0.00011722957987453267, "ldr": 0.00011722957987453267, "mult": 0.00012990304796907674, "div": 1.901020214181611e-05, "movn": 9.505101070908055e-06, "dsrav": 3.168367023636018e-06, "dsra32": 1.584183511818009e-05, "multu": 6.336734047272036e-06, "mul": 9.505101070908055e-06, "srlv": 1.584183511818009e-05, "srav": 7.604080856726444e-05, "dmtc1": 9.505101070908055e-06, "cvt.d.l": 6.336734047272036e-06, "div.d": 3.168367023636018e-06}