{"daddiu": 0.07036207048071008, "sd": 0.08114069777660603, "lui": 0.008726601634590034, "daddu": 0.030094911679409437, "ld": 0.24000351524738553, "sw": 0.013023991563406275, "addiu": 0.06983917743211178, "jalr": 0.035991739168643996, "or": 0.1017180771596801, "bal": 0.011604710431496617, "lw": 0.024057474294753495, "bltz": 0.0008524474909921785, "nop": 0.046330960541348096, "slti": 0.0014236751911415766, "bne": 0.03544687582388611, "b": 0.032441339309253886, "slt": 0.0013445821249670445, "beq": 0.05919676597240531, "dsll": 0.011600316372264698, "subu": 0.0024650672291062483, "lb": 0.004974075050531681, "sltiu": 0.005888039370770718, "dsllv": 0.000610774233236664, "and": 0.0036382810440284733, "dext": 0.0072545917918973545, "jr": 0.01216275595395026, "bgez": 0.00027682573161086214, "nor": 0.0003031900870023728, "addu": 0.002952807803849196, "blez": 0.0005624395816855611, "sb": 0.012931716319535987, "sll": 0.004314966165743914, "sltu": 0.008432199666051498, "bgtz": 0.00010985148079796115, "xori": 0.0006635029440196854, "ins": 0.0019553563582037086, "lbu": 0.010646805518938394, "andi": 0.012435187626329202, "dsubu": 0.004020564197205379, "dsra": 0.00027243167237894365, "dsrl32": 0.00021091484313208542, "movz": 0.0011292732226030407, "srl": 0.0006547148255558485, "ori": 0.002473855347570085, "movn": 0.0011688197556903067, "sh": 0.002667193953774497, "lh": 0.00028121979084278056, "dsll32": 0.0007030494771069514, "teq": 0.0007953247209772388, "lhu": 0.0034625186747517358, "dsrl": 0.0013138237103436155, "sra": 0.0003427366200896388, "lwu": 0.0014412514280692503, "sdl": 0.0005492574039898057, "sdr": 0.0005492574039898057, "xor": 0.001182001933386062, "ext": 0.0016389840935055805, "ddiv": 3.075841462342912e-05, "mfhi": 0.0003515247385534757, "ldc1": 4.394059231918446e-06, "sdc1": 4.394059231918446e-06, "sllv": 0.00045258810088759995, "ddivu": 0.0004789524562791106, "dextm": 8.788118463836893e-06, "dmultu": 0.00010545742156604271, "dmult": 0.0008216890763687494, "mflo": 0.0013533702434308814, "wsbh": 5.7122770014939804e-05, "rotr": 3.075841462342912e-05, "seh": 0.00019773266543633009, "lwl": 3.515247385534757e-05, "lwr": 3.515247385534757e-05, "seb": 0.00011424554002987961, "dins": 8.348712540645048e-05, "dinsu": 0.00010985148079796115, "divu": 1.7576236927673785e-05, "dsrlv": 0.000610774233236664, "ldl": 0.0006942613586431145, "ldr": 0.0006942613586431145, "mul": 0.00024167325775551455, "dextu": 0.0004394059231918446, "div": 1.7576236927673785e-05, "multu": 6.59108884787767e-05, "dsra32": 9.227524387028737e-05, "mult": 8.788118463836893e-06, "dsbh": 4.394059231918446e-06, "dshd": 4.394059231918446e-06, "dsrav": 4.394059231918446e-06, "clz": 4.394059231918446e-06, "srlv": 5.2728710783021356e-05, "srav": 0.00010985148079796115, "dmtc1": 1.3182177695755339e-05, "cvt.d.l": 8.788118463836893e-06, "div.d": 4.394059231918446e-06}