{"or": 0.11389198980559008, "bal": 0.018614276386460814, "nop": 0.0266497461928934, "lui": 0.010831560545106051, "addiu": 0.06368346778440087, "daddu": 0.02912462876761379, "ld": 0.23847336605092992, "daddiu": 0.07936474503443773, "and": 0.003201550224319144, "jalr": 0.03731806980222002, "b": 0.04612759862670346, "beq": 0.05972892137245403, "jr": 0.010910546159192873, "dsubu": 0.003849232259831076, "dsra": 0.00021062830423152263, "dsrl32": 0.00015797122817364198, "sd": 0.08404595909598332, "lbu": 0.010557743749605072, "bne": 0.030035596183415128, "sltu": 0.008346146555174084, "sb": 0.008135518250942561, "dsll": 0.010420835351854582, "lw": 0.02428017777028877, "sw": 0.011584556732733745, "sh": 0.0015744465741306317, "addu": 0.00223266002485414, "sltiu": 0.00541841312635592, "lb": 0.004128314762937843, "blez": 0.0005897592518482634, "subu": 0.0018640604924489753, "dext": 0.006771699981043453, "bgtz": 0.0001369083977504897, "lh": 0.00023695684226046295, "movn": 0.0014217410535627777, "lhu": 0.0028382163995197673, "andi": 0.011358131305684858, "slti": 0.0006687448659350844, "sll": 0.003143627440655475, "slt": 0.0009530930766476399, "movz": 0.001105798597215494, "bltz": 0.000795121848473998, "sra": 0.00033173957916464816, "srl": 0.0006582134507235083, "nor": 0.0002896139183183436, "ins": 0.0026960422941634896, "ori": 0.0028540135223371317, "bgez": 0.0001369083977504897, "dsrl": 0.0014849295448322345, "xori": 0.0009688901994650041, "sdl": 0.0006055563746656276, "sdr": 0.0006055563746656276, "lwu": 0.001979906059776313, "xor": 0.0012900983634180762, "ext": 0.0017850748783621543, "dsll32": 0.0006108220822714156, "ddiv": 3.685995324051646e-05, "teq": 0.0006213534974829918, "mfhi": 0.00034227099437622425, "ldc1": 5.265707605788066e-06, "sdc1": 5.265707605788066e-06, "ldxc1": 5.265707605788066e-06, "dmfc1": 5.265707605788066e-06, "sllv": 0.0005739621290308992, "ddivu": 0.0005213050529730186, "dextm": 1.0531415211576131e-05, "dmult": 0.0010847357667923415, "dmultu": 0.00010531415211576131, "mflo": 0.0016271036501885124, "dsllv": 0.00041072519325146916, "seb": 9.478273690418519e-05, "divu": 2.632853802894033e-05, "dsrlv": 0.00045285085409777366, "ldl": 0.0008741074625608189, "ldr": 0.0008741074625608189, "dextu": 0.0004475851464919856, "mul": 0.00025275396507782715, "dinsm": 5.265707605788066e-06, "div": 3.685995324051646e-05, "dsra32": 0.0001369083977504897, "seh": 0.00012637698253891358, "dsrav": 5.265707605788066e-06, "clz": 5.265707605788066e-06, "multu": 1.0531415211576131e-05, "srlv": 6.318849126945679e-05, "srav": 0.00012111127493312551, "dmtc1": 1.5797122817364197e-05, "cvt.d.l": 1.0531415211576131e-05, "div.d": 5.265707605788066e-06}