{"or": 0.15084643288996372, "bal": 0.019800483675937123, "nop": 0.1379987908101572, "lui": 0.008313180169286578, "addiu": 0.0371825876662636, "daddu": 0.01768440145102781, "ld": 0.26118500604594924, "daddiu": 0.08298065296251511, "and": 0.0003022974607013301, "jalr": 0.03975211608222491, "b": 0.026753325272067714, "beq": 0.0190447400241838, "jr": 0.008766626360338573, "dsubu": 0.0013603385731559856, "dsra": 0.0006045949214026602, "dsrl32": 0.0007557436517533253, "sd": 0.06136638452237001, "lbu": 0.014661426844014511, "bne": 0.018742442563482467, "sltu": 0.0016626360338573155, "sb": 0.006197097944377267, "dsll": 0.010882708585247884, "sll": 0.006650544135429262, "sw": 0.014510278113663845, "lw": 0.02418379685610641, "slti": 0.0003022974607013301, "mtlo": 0.0003022974607013301, "mflo": 0.0010580411124546554, "sltiu": 0.002116082224909311, "lhu": 0.0012091898428053204, "andi": 0.004987908101571947, "xori": 0.0006045949214026602, "sh": 0.0006045949214026602, "bgez": 0.0013603385731559856, "ori": 0.00015114873035066505, "lwu": 0.0024183796856106408, "dext": 0.00045344619105199517, "slt": 0.00045344619105199517, "dsrl": 0.0016626360338573155, "dsll32": 0.003022974607013301, "xor": 0.0003022974607013301, "lb": 0.005743651753325272, "dmult": 0.0007557436517533253, "bltz": 0.00015114873035066505, "subu": 0.00015114873035066505}