{"daddiu": 0.09190556492411467, "sd": 0.06639966273187184, "lui": 0.0096964586846543, "daddu": 0.022133220910623946, "ld": 0.26349072512647553, "sw": 0.00906408094435076, "addiu": 0.07377740303541315, "jalr": 0.06176222596964587, "or": 0.12668634064080944, "bal": 0.017284991568296795, "nop": 0.04215851602023609, "lw": 0.008010118043844857, "beq": 0.04784991568296796, "sltiu": 0.003372681281618887, "dext": 0.004005059021922428, "dsll": 0.0096964586846543, "jr": 0.01876053962900506, "bne": 0.02065767284991568, "and": 0.0010539629005059021, "slt": 0.0010539629005059021, "b": 0.03583473861720068, "ori": 0.00042158516020236085, "andi": 0.00505902192242833, "bgez": 0.0006323777403035413, "bltz": 0.0012647554806070826, "slti": 0.00042158516020236085, "movz": 0.0018971332209106238, "xori": 0.002318718381112985, "dsubu": 0.002318718381112985, "dsra": 0.0008431703204047217, "dsrl32": 0.0012647554806070826, "lbu": 0.007166947723440135, "sltu": 0.0027403035413153458, "sb": 0.008010118043844857, "movn": 0.00042158516020236085, "sh": 0.0008431703204047217, "lwu": 0.00021079258010118043, "lhu": 0.002529510961214165, "ldl": 0.0008431703204047217, "ldr": 0.0008431703204047217, "dsbh": 0.00021079258010118043, "dshd": 0.00021079258010118043, "wsbh": 0.001475548060708263, "lwl": 0.002529510961214165, "lwr": 0.002529510961214165, "rotr": 0.0012647554806070826, "dsll32": 0.0027403035413153458, "dsrl": 0.0018971332209106238, "xor": 0.00042158516020236085, "lb": 0.00990725126475548, "sdl": 0.00042158516020236085, "sdr": 0.00042158516020236085, "sll": 0.00042158516020236085, "dsrlv": 0.00021079258010118043, "subu": 0.00021079258010118043, "dmult": 0.00021079258010118043, "mflo": 0.00021079258010118043}