{"or": 0.113371034423666, "bal": 0.018250755092860355, "nop": 0.026845961056487372, "lui": 0.01077480024848446, "addiu": 0.06369020842705053, "daddu": 0.028955936850673693, "ld": 0.23764004027161922, "daddiu": 0.07941327678169784, "and": 0.0032720690615427456, "jalr": 0.03712272133324765, "b": 0.04639269112953324, "beq": 0.060294968189705034, "jr": 0.010844418739155582, "dsubu": 0.003877214403530193, "dsra": 0.00021421074052653, "dsrl32": 0.0001606580553948975, "sd": 0.08393312340680761, "lbu": 0.010635563267142215, "bne": 0.030214424951267055, "sltu": 0.00855236381552171, "sb": 0.008177495019600283, "dsll": 0.010217852323115482, "lw": 0.024516419253261357, "movn": 0.001456633035580404, "andi": 0.011556669451406293, "sltiu": 0.005467729151939678, "lb": 0.004241372662425294, "lh": 0.00017672386093438725, "bltz": 0.0007979350084613242, "lhu": 0.002854358117516012, "ext": 0.0018261465629886683, "sw": 0.011337103442366601, "subu": 0.001885054516633464, "movz": 0.001113895850737956, "xori": 0.000985369406422038, "bgez": 0.00014459224985540774, "dext": 0.0069082963819805925, "lwu": 0.002035002035002035, "slt": 0.0009478825268298953, "bgtz": 0.000128526444315918, "dmult": 0.0011192511192511193, "mflo": 0.0016815543131332605, "blez": 0.0005408821198294883, "ddiv": 4.2842148105306e-05, "teq": 0.0006372769530664268, "slti": 0.0006319216845532635, "sdl": 0.0006158558790137738, "sdr": 0.0006158558790137738, "sll": 0.0031221215431741747, "nor": 0.00028382923119765226, "addu": 0.0022170811644495855, "ori": 0.002891844997108155, "dsrl": 0.0015048304521988732, "xor": 0.0013120407857249963, "ins": 0.0027151211361737676, "dsll32": 0.000621211147526937, "mfhi": 0.00034809245335561123, "sh": 0.0015905147484094853, "sra": 0.000321316110789795, "ldc1": 5.35526851316325e-06, "sdc1": 5.35526851316325e-06, "ldxc1": 5.35526851316325e-06, "dmfc1": 5.35526851316325e-06, "sllv": 0.0005837242679347942, "ddivu": 0.0005301715828031617, "srl": 0.0006586980271190798, "dextm": 1.07105370263265e-05, "dmultu": 0.000107105370263265, "dsllv": 0.0004177109440267335, "seb": 9.63948332369385e-05, "divu": 2.677634256581625e-05, "dsrlv": 0.0004605530921320395, "ldl": 0.0008889745731850995, "ldr": 0.0008889745731850995, "dextu": 0.00045519782361887624, "mul": 0.000257052888631836, "dinsm": 5.35526851316325e-06, "div": 3.748687959214275e-05, "dsra32": 0.0001392369813422445, "seh": 0.000128526444315918, "dsrav": 5.35526851316325e-06, "clz": 5.35526851316325e-06, "multu": 1.07105370263265e-05, "srlv": 6.4263222157959e-05, "srav": 0.00012317117580275475, "dmtc1": 1.606580553948975e-05, "cvt.d.l": 1.07105370263265e-05, "div.d": 5.35526851316325e-06}