{"or": 0.10651824918402279, "bal": 0.016021858620652994, "nop": 0.13682635367163162, "lui": 0.007652111972272722, "addiu": 0.036703026823589446, "daddu": 0.019251214663136968, "ld": 0.2921889452365005, "daddiu": 0.059614178334874916, "and": 0.0026791694574681848, "jalr": 0.022044674087540798, "b": 0.031174581911353513, "beq": 0.027849541245388534, "jr": 0.006519843927747478, "dsubu": 0.002059877311049448, "dsra": 0.00013289531039028694, "dsrl32": 0.00015415856005273286, "sd": 0.07471640140762713, "lbu": 0.006503896490500643, "bne": 0.02672790482569451, "sltu": 0.0042499920262813766, "sb": 0.0035403310687972442, "dsll": 0.00843353639736761, "lw": 0.03914830053477073, "ins": 0.001416664008760459, "sw": 0.01994758608958207, "sll": 0.004550335427763425, "ori": 0.002078482654504088, "sltiu": 0.00242666836772664, "andi": 0.010963863107198673, "lb": 0.004021412092410083, "slti": 0.000590055178132874, "dext": 0.0033728829777054828, "ddivu": 0.00027642224561179687, "teq": 0.00032160665114449444, "mfhi": 0.0004093175560020838, "mflo": 0.001445900977046322, "xori": 0.0001780797159229845, "mtlo": 0.0005847393657172626, "slt": 0.0005661340222626224, "ext": 0.0011774524500579424, "seb": 0.0006990293326529093, "bgez": 0.0003428699008069403, "dsrl": 0.0007654769878480528, "blez": 0.0001780797159229845, "dmultu": 6.644765519514347e-05, "dsll32": 0.00047310730498942153, "subu": 0.0009993727341349578, "dsllv": 0.00023655365249471077, "nor": 0.0001435269352215099, "lwu": 0.0027589066437023572, "lh": 0.00014086902901370415, "sh": 0.001010004358966181, "bltz": 0.00022060621524787633, "bgtz": 0.00010631624831222956, "dmult": 0.0005342391477689535, "srl": 0.0007495295506012183, "addu": 0.001158847106603302, "sra": 0.0001780797159229845, "seh": 0.0004545019615347814, "lhu": 0.0018499027206327944, "dsra32": 1.860534345464017e-05, "sdc1": 1.5947437246834434e-05, "ldc1": 1.0631624831222956e-05, "mov.d": 5.315812415611478e-06, "xor": 0.0006192921464187372, "mul": 1.3289531039028695e-05, "srav": 6.910556140294922e-05, "sdl": 0.00011163206072784104, "sdr": 0.00011163206072784104, "sllv": 0.0002897117766508255, "movz": 8.505299864978365e-05, "ddiv": 1.3289531039028695e-05, "divu": 1.5947437246834434e-05, "dsrlv": 0.00014884274763712137, "ldl": 9.834252968881234e-05, "ldr": 9.834252968881234e-05, "mult": 0.0001089741545200353, "div": 1.5947437246834434e-05, "movn": 7.973718623417217e-06, "dsrav": 2.657906207805739e-06, "multu": 5.315812415611478e-06, "srlv": 1.3289531039028695e-05, "dmtc1": 7.973718623417217e-06, "cvt.d.l": 5.315812415611478e-06, "div.d": 2.657906207805739e-06}