{"or": 0.12434395914054244, "bal": 0.021777034166960196, "nop": 0.02483268756604438, "lui": 0.010025537160972174, "addiu": 0.06427879535047552, "daddu": 0.027280732652342373, "ld": 0.23767611835153224, "daddiu": 0.08203152518492426, "and": 0.0028002817893624517, "jalr": 0.038283726664318424, "b": 0.04667136315604086, "beq": 0.05991106023247622, "jr": 0.010280908770693906, "dsubu": 0.0035135611130679817, "dsra": 0.00019373018668545264, "dsrl32": 0.00013208876364917223, "sd": 0.08191704825642832, "lbu": 0.009131736526946108, "bne": 0.029596688974991195, "sltu": 0.007942937654103558, "sb": 0.007846072560760831, "dsll": 0.009704121169425855, "lw": 0.02305389221556886, "dext": 0.006974286720676294, "ddivu": 0.0004667136315604086, "teq": 0.0005503698485382177, "mflo": 0.001413349771046143, "andi": 0.010206058471292708, "sltiu": 0.005644593166607961, "sll": 0.003051250440295879, "lb": 0.0045218386755899965, "sw": 0.011355230715040507, "movz": 0.0010787249031349066, "ext": 0.0015410355759070094, "mfhi": 0.00030380415639309614, "srl": 0.0005459668897499119, "addu": 0.0018624515674533287, "sra": 0.00028178936245156747, "bltz": 0.000766114829165199, "slt": 0.0008849947164494541, "blez": 0.0005371609721733005, "dmult": 0.0009466361394857344, "lwu": 0.0018712574850299401, "bgez": 0.00014529764001408946, "ori": 0.002672595984501585, "ins": 0.0023071504050722084, "xori": 0.0008805917576611482, "movn": 0.001294469883761888, "slti": 0.0006340260655160267, "dsrlv": 0.000391863332159211, "nor": 0.0002465656921451215, "lh": 0.00017611835153222966, "sh": 0.0013649172243747798, "dsll32": 0.0005327580133849948, "dsllv": 0.00037865445579429377, "subu": 0.0015850651637900669, "dsrl": 0.0012636491722437478, "xor": 0.0011271574498062699, "bgtz": 0.00012328284607256076, "seh": 0.00011007396970764353, "lhu": 0.002514089468122578, "dsra32": 0.00012328284607256076, "sdc1": 1.7611835153222967e-05, "mov.d": 1.3208876364917224e-05, "ldc1": 1.7611835153222967e-05, "seb": 8.805917576611483e-05, "mul": 0.00022014793941528706, "srav": 0.00011007396970764353, "sdl": 0.000510743219443466, "sdr": 0.000510743219443466, "dmfc1": 8.805917576611483e-06, "ddiv": 3.082071151814019e-05, "ldxc1": 4.402958788305742e-06, "sllv": 0.0004799225079253258, "dextm": 8.805917576611483e-06, "dmultu": 8.805917576611483e-05, "divu": 2.2014793941528707e-05, "ldl": 0.0007308911588587531, "ldr": 0.0007308911588587531, "dextu": 0.00037425149700598805, "dinsm": 4.402958788305742e-06, "div": 3.082071151814019e-05, "dsrav": 4.402958788305742e-06, "clz": 4.402958788305742e-06, "multu": 8.805917576611483e-06, "srlv": 5.2835505459668896e-05, "dmtc1": 1.3208876364917224e-05, "cvt.d.l": 8.805917576611483e-06, "div.d": 4.402958788305742e-06}