{"daddiu": 0.07760799632352941, "sd": 0.08139413435828877, "lui": 0.010136405414438502, "daddu": 0.027651863302139038, "ld": 0.25095567346256686, "sw": 0.011394969919786096, "or": 0.10712942847593583, "jalr": 0.034325910762032084, "bal": 0.014423880347593582, "nop": 0.04737111463903743, "addiu": 0.061215324197860965, "lw": 0.023124164438502674, "beq": 0.058149857954545456, "sltiu": 0.005452038770053476, "dext": 0.0070030497994652404, "dsll": 0.010052849264705883, "jr": 0.014512658756684492, "ori": 0.0024805731951871657, "b": 0.03159989137700535, "and": 0.003953250334224599, "slt": 0.0011175635026737967, "bne": 0.03455569017379679, "slti": 0.0006162266042780748, "andi": 0.011577748997326203, "lhu": 0.0024544618983957218, "sb": 0.007796833221925134, "dsubu": 0.0038749164438502673, "dsra": 0.0002611129679144385, "dsrl32": 0.00021933489304812835, "lbu": 0.010047627005347594, "sltu": 0.008710728609625669, "lb": 0.004397142379679145, "sdl": 0.0006266711229946524, "sdr": 0.0006266711229946524, "sll": 0.0031908004679144387, "movz": 0.001112341243315508, "subu": 0.0021202372994652404, "bltz": 0.0006580046791443851, "nor": 0.00033422459893048126, "addu": 0.0021672376336898396, "lwu": 0.0016397894385026738, "dsrl": 0.0014465658422459892, "xori": 0.000705005013368984, "movn": 0.0011436747994652407, "xor": 0.0012167864304812835, "bgez": 0.0001932235962566845, "sra": 0.00028200200534759357, "ins": 0.0021724598930481284, "dsll32": 0.0007833389037433155, "ldc1": 5.22225935828877e-06, "sdc1": 5.22225935828877e-06, "dsllv": 0.0006005598262032086, "ext": 0.0017860127005347593, "sh": 0.001681567513368984, "sllv": 0.0005170036764705882, "blez": 0.0004334475267379679, "ddivu": 0.0005326704545454545, "teq": 0.0008303392379679144, "mfhi": 0.00039689171122994654, "srl": 0.0005744485294117647, "dextm": 1.044451871657754e-05, "dmult": 0.0009661179812834224, "dmultu": 0.0001044451871657754, "mflo": 0.001519677473262032, "wsbh": 6.788937165775401e-05, "rotr": 3.655581550802139e-05, "seh": 0.00021933489304812835, "lwl": 4.177807486631016e-05, "lwr": 4.177807486631016e-05, "seb": 9.400066844919786e-05, "ddiv": 3.655581550802139e-05, "divu": 2.088903743315508e-05, "dsrlv": 0.0004961146390374332, "ldl": 0.0008251169786096257, "ldr": 0.0008251169786096257, "lh": 0.0001775568181818182, "bgtz": 0.00010966744652406418, "mul": 0.00028200200534759357, "dextu": 0.0003028910427807487, "div": 2.088903743315508e-05, "multu": 7.311163101604277e-05, "dinsu": 2.611129679144385e-05, "dsra32": 0.00010966744652406418, "mult": 1.044451871657754e-05, "dsbh": 5.22225935828877e-06, "dshd": 5.22225935828877e-06, "dsrav": 5.22225935828877e-06, "clz": 5.22225935828877e-06, "srlv": 6.266711229946525e-05, "srav": 0.00012011196524064172, "dmtc1": 1.5666778074866312e-05, "cvt.d.l": 1.044451871657754e-05, "div.d": 5.22225935828877e-06}