{"daddiu": 0.07065984947351485, "sd": 0.08054597136063786, "lui": 0.008701753758692815, "daddu": 0.029863954091209753, "ld": 0.23950605145073922, "sw": 0.012733074709047679, "addiu": 0.07005202281137708, "jalr": 0.03590199688935767, "or": 0.10111822228578579, "bal": 0.0112447932495486, "nop": 0.046851815435221766, "lw": 0.02419686432951356, "beq": 0.059660868477036666, "sltiu": 0.0059441872106119386, "dext": 0.0073698982784203655, "dsll": 0.01148166687523464, "jr": 0.012214634320753705, "bne": 0.03556232904875127, "b": 0.03244721740529524, "lb": 0.005072671040635, "lbu": 0.010645905214795215, "andi": 0.01265262706258827, "dsll32": 0.0007195595044424978, "dsllv": 0.0006212346032143304, "and": 0.003722938305593793, "sb": 0.01295654039365715, "subu": 0.00249834635393389, "slti": 0.0013944258719631013, "slt": 0.0013542020487333965, "dsubu": 0.00406260614620019, "dsra": 0.0002770974489157445, "dsrl32": 0.0002145270572250925, "sltu": 0.008554266406850563, "movz": 0.0011620215599692512, "movn": 0.0011798988147380088, "bltz": 0.0008804547973613172, "lwu": 0.0014793428321147005, "blez": 0.0005318483293705418, "ext": 0.0016759926345710353, "dmult": 0.0008491696015159912, "mflo": 0.0013944258719631013, "ddiv": 3.575450953751542e-05, "teq": 0.0008089457782862864, "xori": 0.0006569891127518458, "bgtz": 9.83249012281674e-05, "lh": 0.0001608952929188194, "lhu": 0.0034234942882171012, "sll": 0.004317357026654987, "nor": 0.0002994440173766916, "addu": 0.0029229311546918853, "sdl": 0.0005586642115236784, "sdr": 0.0005586642115236784, "ori": 0.0025072849813182686, "dsrl": 0.0013318554802724493, "xor": 0.0012022453831989559, "bgez": 0.0002592201941469868, "ins": 0.001966498024563348, "mfhi": 0.0003575450953751542, "sh": 0.0026994654700824143, "sra": 0.0003307292132220176, "ldc1": 4.469313692189428e-06, "sdc1": 4.469313692189428e-06, "sllv": 0.000460339310295511, "ddivu": 0.0004871551924486476, "srl": 0.0006569891127518458, "dextm": 8.938627384378855e-06, "dmultu": 0.00010726352861254625, "wsbh": 5.810107799846256e-05, "rotr": 3.128519584532599e-05, "seh": 0.00020111911614852424, "lwl": 3.575450953751542e-05, "lwr": 3.575450953751542e-05, "seb": 0.00011620215599692512, "dins": 8.491696015159912e-05, "dinsu": 0.00011173284230473568, "divu": 1.787725476875771e-05, "dsrlv": 0.0006212346032143304, "ldl": 0.0007061515633659296, "ldr": 0.0007061515633659296, "mul": 0.0002458122530704185, "dextu": 0.0004469313692189427, "div": 1.787725476875771e-05, "multu": 6.70397053828414e-05, "dsra32": 9.385558753597797e-05, "mult": 8.938627384378855e-06, "dsbh": 4.469313692189428e-06, "dshd": 4.469313692189428e-06, "dsrav": 4.469313692189428e-06, "clz": 4.469313692189428e-06, "srlv": 5.3631764306273126e-05, "srav": 0.00011173284230473568, "dmtc1": 1.3407941076568282e-05, "cvt.d.l": 8.938627384378855e-06, "div.d": 4.469313692189428e-06}