{"daddiu": 0.07042476276547673, "sd": 0.0806597379123362, "lui": 0.008676005422503389, "daddu": 0.029954812471757793, "ld": 0.23795752372345233, "sw": 0.012833258020786264, "addiu": 0.07051965657478536, "jalr": 0.036172616357885226, "or": 0.10134206958879349, "bal": 0.010587437867148667, "sb": 0.013099864437415273, "nop": 0.0468730230456394, "lw": 0.024066877541798464, "beq": 0.05973791233619521, "sltiu": 0.005987347492092183, "dext": 0.00745594215996385, "dsll": 0.011617713511070944, "jr": 0.012128332580207863, "bne": 0.035661997288748304, "blez": 0.0005467690917306823, "lbu": 0.01079078174423859, "andi": 0.01280614550384094, "dsllv": 0.0006281066425666516, "slt": 0.0013917758698599187, "b": 0.03251694532309083, "bltz": 0.0008585630366018978, "sll": 0.004374152733845458, "xori": 0.0006642566651604157, "lb": 0.005042928151830095, "dsll32": 0.0007275192046995029, "and": 0.003746046091278807, "dsubu": 0.004084952553095346, "dsra": 0.00028468142792589243, "dsrl32": 0.00021690013556258472, "sltu": 0.008558517849073655, "lhu": 0.003465883416177135, "slti": 0.0014143696339810213, "bgtz": 9.489380930863081e-05, "subu": 0.0025214640759150474, "movz": 0.001147763217352011, "nor": 0.0003027564392227745, "addu": 0.002955264347040217, "lwu": 0.001482150926344329, "sdl": 0.0005648441030275643, "sdr": 0.0005648441030275643, "ori": 0.002535020334387709, "dsrl": 0.0013465883416177134, "movn": 0.0011884319927699955, "xor": 0.0012155445097153186, "bgez": 0.0002620876638047899, "sra": 0.0003343877089923181, "ins": 0.0019882512426570268, "ldc1": 4.5187528242205155e-06, "sdc1": 4.5187528242205155e-06, "ext": 0.0016854948034342521, "sh": 0.0027293267058291913, "sllv": 0.00046543154089471306, "ddivu": 0.0004925440578400362, "teq": 0.0008133755083596927, "mfhi": 0.0003615002259376412, "srl": 0.0006642566651604157, "dextm": 9.037505648441031e-06, "dmultu": 0.00010845006778129236, "dmult": 0.0008450067781292363, "mflo": 0.0013917758698599187, "wsbh": 5.8743786714866697e-05, "rotr": 3.163126976954361e-05, "seh": 0.00020334387708992319, "lwl": 3.6150022593764124e-05, "lwr": 3.6150022593764124e-05, "seb": 0.00011748757342973339, "dins": 8.585630366018979e-05, "dinsu": 0.00011296882060551288, "ddiv": 3.163126976954361e-05, "divu": 1.8075011296882062e-05, "dsrlv": 0.0006281066425666516, "ldl": 0.0007139629462268414, "ldr": 0.0007139629462268414, "lh": 0.00015363759602349752, "mul": 0.00024853140533212834, "dextu": 0.00045187528242205153, "div": 1.8075011296882062e-05, "multu": 6.778129236330772e-05, "dsra32": 9.489380930863081e-05, "mult": 9.037505648441031e-06, "dsbh": 4.5187528242205155e-06, "dshd": 4.5187528242205155e-06, "dsrav": 4.5187528242205155e-06, "clz": 4.5187528242205155e-06, "srlv": 5.422503389064618e-05, "srav": 0.00011296882060551288, "dmtc1": 1.3556258472661545e-05, "cvt.d.l": 9.037505648441031e-06, "div.d": 4.5187528242205155e-06}