{"lb": 0.004769560162363493, "addiu": 0.06003050126796269, "c.le.d": 2.26306516011186e-06, "dextm": 6.247820867688855e-06, "ddiv": 2.6544269135364736e-05, "ldl": 0.0005798501993985413, "lwl": 0.00018851920214994373, "mtlo": 9.190264525663654e-05, "teq": 0.0005508241934727126, "sd": 0.07540841350431095, "seh": 0.00018193005447189695, "andi": 0.010084811253547208, "dsubu": 0.003399787304061597, "dsrav": 4.445583620062192e-06, "mfhi": 0.0003191516649204414, "bgtz": 9.405368684402143e-05, "seb": 0.0001622736825442903, "blez": 0.00034550524111483867, "dinsu": 3.2444420939014076e-05, "dsll": 0.010172102774157778, "dshd": 1.6538480932036952e-05, "sdc1": 2.0291520180629642e-05, "lhu": 0.0025417305433291936, "bc1f": 3.232950228731229e-06, "sw": 0.012717355128887867, "dsbh": 1.6538480932036952e-05, "dins": 2.278827739209473e-05, "dsrlv": 0.0003777319747632712, "nop": 0.06119187482571169, "slt": 0.0009698625043601613, "mflo": 0.0012413464044287834, "clz": 4.091196125688094e-06, "ldr": 0.0005798501993985413, "ld": 0.2522388587269617, "bne": 0.029650679512699833, "xori": 0.0008575762889122031, "dmultu": 7.911819421033017e-05, "rotr": 0.00010171652785084662, "dmult": 0.0007463408825247526, "daddiu": 0.07789619913350447, "ldxc1": 4.766206637829426e-07, "srl": 0.0005367126878514571, "bal": 0.01626880033687618, "mult": 2.9339334017883083e-05, "sdr": 0.0005494067162684044, "lbu": 0.00974334606915803, "ldc1": 4.915953304089883e-05, "dmfc1": 1.8516468732957e-05, "add.d": 1.7204291984826267e-05, "dsll32": 0.0010617595012696501, "sllv": 0.0003915295499265023, "c.lt.d": 6.465900457462458e-06, "mul.d": 8.925441015286256e-06, "lwr": 0.00018851920214994373, "trunc.l.d": 3.232950228731229e-06, "dext": 0.005848622739508928, "dclz": 2.2578664065604565e-07, "dsrl": 0.0012933560161968705, "ext": 0.0012251649717327931, "srlv": 4.4895575942098534e-05, "addu": 0.001691496763644614, "mul": 0.0001729692846598469, "cvt.d.l": 3.4575984345754e-05, "sdl": 0.0005494067162684044, "ddivu": 0.0003701674693322117, "jalr": 0.03773570354867301, "dmtc1": 4.274206010563281e-05, "b": 0.03632702487950158, "sltu": 0.007092705054396122, "sll": 0.003300544324510726, "div": 1.6952540186742654e-05, "ins": 0.0015563116417238584, "lui": 0.00923885800386854, "sb": 0.008138607066813974, "lw": 0.024893610489861752, "mov.d": 4.066018044360147e-06, "lh": 0.00014184714403437686, "ori": 0.0022139597607923585, "sra": 0.00021111368116028816, "divu": 2.0172380178132454e-05, "xor": 0.0009765974795157234, "bc1t": 8.082375571828072e-06, "lwu": 0.0019106639239260801, "nor": 0.0002421351701134952, "and": 0.0029200483003741884, "wsbh": 0.00013068322007600818, "div.d": 2.000117198102317e-05, "dsra": 0.00031401547603839594, "sh": 0.0015497929530189406, "dextu": 0.00022078170028869324, "multu": 4.3082104264618124e-05, "dsra32": 7.190646209156679e-05, "bltz": 0.0007154672328504695, "dsrl32": 0.0003331489862401071, "c.eq.d": 2.586360182984983e-06, "daddu": 0.025589458285417612, "subu": 0.0015688098707960336, "jr": 0.011946366352615383, "beq": 0.05060613842056241, "sub.d": 2.586360182984983e-06, "sltiu": 0.005202934880282046, "slti": 0.0008060494868384201, "movn": 0.0007927947046764432, "dsllv": 0.0004089110784486202, "movz": 0.0009488859148885669, "srav": 8.167683734382817e-05, "or": 0.113517871122279, "dinsm": 4.766206637829426e-07, "bgez": 0.0003046988930709636}