{"xor": 0.030441032129616276, "mov": 0.39574737292590234, "pop": 0.022416768617454286, "and": 0.009912872779372294, "push": 0.023212217348225126, "call": 0.05914231089485656, "hlt": 4.651746963572169e-06, "nop": 0.020035074172105333, "sub": 0.013317951556707121, "cmp": 0.06135654244951692, "jbe": 0.001809529568829574, "test": 0.0557930530810846, "jz": 0.05448591218432082, "jmp": 0.03615802914784647, "ret": 0.007898666344145544, "sar": 0.0007768417429165523, "shr": 0.004437766603247849, "add": 0.05207630725719044, "jnz": 0.03548817758509208, "repz ": 9.303493927144338e-06, "lea": 0.0338461109069511, "ja": 0.004484284072883571, "xchg": 0.002167714085024631, "jb": 0.005558837621468742, "jnb": 0.0038609499797649005, "sbb": 0.0001814181315793146, "shl": 0.004633139975717881, "seta": 0.0001488559028343094, "movzx": 0.012545761560754142, "jle": 0.0014746037874523777, "movsxd": 0.006772943578961079, "cmovg": 0.0003721397570857736, "jl": 0.0014327380647802283, "movsd": 0.0004884334311750778, "movapd": 0.0001535076497978816, "xorps": 0.0010187325850223052, "cvtsi2sd": 0.00011164192712573207, "mulsd": 0.00012559716801644857, "divsd": 0.00020002511943360328, "unpcklps": 1.8606987854288677e-05, "subpd": 7.907969838072689e-05, "pshufd": 0.0003070152995957632, "addpd": 7.907969838072689e-05, "xorpd": 2.7910481781433018e-05, "cmovz": 0.0019118680020281617, "neg": 0.0006651998157908202, "not": 0.0007117172854265419, "movups": 0.0035492829332055653, "pxor": 0.000274453070850758, "movdqu": 0.0009117424048601452, "imul": 0.0018606987854288678, "movq": 0.0006791550566815367, "pslldq": 5.1169216599293864e-05, "movdqa": 0.000795448730770841, "pmuludq": 7.44279514171547e-05, "paddq": 0.00022328385425146415, "psrlq": 3.721397570857735e-05, "psllq": 4.1865722672149526e-05, "jns": 0.0003953984919036344, "js": 0.0011443297530387537, "or": 0.0060007535830080986, "punpckldq": 6.04727105264382e-05, "addsd": 0.00010233843319858773, "ucomisd": 0.0002418908421057528, "jp": 1.3955240890716509e-05, "jnp": 2.325873481786085e-05, "jg": 0.0021770175789517753, "movhpd": 4.651746963572169e-06, "unpcklpd": 9.303493927144338e-06, "mulpd": 9.303493927144338e-06, "movhlps": 4.651746963572169e-06, "movupd": 2.7910481781433018e-05, "movaps": 0.0017444051113395635, "subsd": 3.721397570857735e-05, "setnz": 0.0008373144534429905, "cmovnz": 0.0010652500546580268, "jnl": 0.0017071911356309863, "cvttsd2si": 4.65174696357217e-05, "mul": 0.00016281114372502592, "setb": 8.373144534429905e-05, "cmovbe": 0.00020932861336074763, "setl": 1.3955240890716509e-05, "cmovle": 0.00019537337247003112, "cmovb": 0.0004977369251022222, "cmovae": 0.00022328385425146415, "setz": 0.0016374149311774036, "cdqe": 0.000246542589069325, "movsx": 0.001400175836035223, "cmovns": 2.7910481781433018e-05, "div": 0.0005535578886650882, "andpd": 4.651746963572169e-06, "cmova": 0.0004558712024300726, "maxsd": 4.651746963572169e-06, "setbe": 2.7910481781433018e-05, "bt": 0.001041991319840166, "cmovs": 7.907969838072689e-05, "fld": 9.303493927144338e-06, "fstp": 9.303493927144338e-06, "cmovl": 1.8606987854288677e-05, "bswap": 9.303493927144338e-06, "punpcklqdq": 0.00011164192712573207, "cqo": 2.7910481781433018e-05, "idiv": 2.7910481781433018e-05, "setg": 6.977620445358254e-05, "pcmpeqd": 7.44279514171547e-05, "adc": 6.977620445358254e-05, "sets": 9.303493927144338e-06, "setnb": 4.65174696357217e-05, "rol": 1.3955240890716509e-05, "bsf": 4.651746963572169e-06, "movd": 3.721397570857735e-05, "psrad": 4.1865722672149526e-05, "pandn": 4.1865722672149526e-05, "pand": 4.1865722672149526e-05, "por": 7.907969838072689e-05, "bts": 9.303493927144338e-06, "pextrw": 2.7910481781433018e-05, "setle": 9.303493927144338e-06, "setnl": 4.651746963572169e-06, "psubq": 1.3955240890716509e-05, "cwde": 9.303493927144338e-06, "cmovge": 9.303493927144338e-06, "setns": 4.651746963572169e-06, "ror": 4.651746963572169e-06, "pshuflw": 4.1865722672149526e-05, "pshufhw": 3.721397570857735e-05, "punpckhwd": 1.8606987854288677e-05, "punpcklwd": 1.8606987854288677e-05, "pcmpgtd": 3.721397570857735e-05, "psubd": 3.721397570857735e-05, "pslld": 3.721397570857735e-05, "packssdw": 1.8606987854288677e-05}