{"xor": 0.033395355192354835, "mov": 0.4048634246514787, "pop": 0.02309543998681868, "and": 0.00886925979657366, "push": 0.02310749607172567, "call": 0.060642107082146145, "hlt": 4.018694968995768e-06, "nop": 0.018088146055449953, "sub": 0.012124402721460233, "cmp": 0.05959322769523825, "jbe": 0.0016878518869782226, "test": 0.055598644896056454, "jz": 0.05447742899970664, "jmp": 0.03821377046018076, "ret": 0.007547109151774053, "sar": 0.0007434585692642172, "shr": 0.003837853695390959, "add": 0.050281911452075057, "jnz": 0.034187038101247, "repz ": 8.037389937991536e-06, "lea": 0.034038346387394156, "jns": 0.0003536451572716276, "jl": 0.00128196369510965, "cdqe": 0.00023308430820175456, "setz": 0.0014386927989004851, "ja": 0.005377013868516338, "or": 0.005457387767896254, "xorps": 0.0013020571699546288, "movups": 0.004320097091670451, "cmovz": 0.0018807492454900195, "movsxd": 0.00606822940318361, "jnl": 0.0015029919184044174, "jle": 0.0013743936793965527, "movzx": 0.011670290189963711, "setnz": 0.0009323372328070182, "xchg": 0.0020696279090328205, "jg": 0.001928973585117969, "jb": 0.004906826557143833, "shl": 0.004380377516205388, "bt": 0.0009644867925589844, "jnb": 0.003729348931228073, "neg": 0.0006228977201943441, "cmovnz": 0.001004673742248942, "movsx": 0.0013663562894585613, "js": 0.0011573841510707813, "cmovge": 2.009347484497884e-05, "not": 0.0006550472799463102, "mul": 0.0001406543239148519, "rol": 2.411216981397461e-05, "movdqu": 0.0008519633334271028, "cmovb": 0.00045009383652752606, "movq": 0.0004782247013104964, "pslldq": 3.2149559751966146e-05, "movdqa": 0.0006148603302563526, "cmovae": 0.00016476649372882651, "xorpd": 1.2056084906987306e-05, "movd": 4.822433962794922e-05, "pxor": 0.00022102822329476726, "punpcklbw": 1.6074779875983073e-05, "punpcklwd": 3.2149559751966146e-05, "punpckldq": 1.6074779875983073e-05, "pand": 5.2243034596944986e-05, "paddd": 8.037389937991536e-06, "psllq": 3.616825472096192e-05, "pshufd": 0.0001928973585117969, "movsd": 4.822433962794922e-05, "orpd": 2.009347484497884e-05, "paddq": 9.644867925589844e-05, "por": 8.037389937991536e-05, "div": 0.0004983181761554753, "imul": 0.0014185993240555062, "sbb": 0.0001888786635428011, "pcmpeqd": 7.233650944192383e-05, "adc": 7.233650944192383e-05, "movaps": 0.0016878518869782226, "ud2": 4.018694968995768e-06, "cmovg": 0.00032953298745765303, "cmovbe": 0.00018485996857380533, "cmovl": 2.009347484497884e-05, "cmovs": 6.831781447292806e-05, "cmova": 0.000381776022054598, "seta": 0.00012056084906987306, "fld": 8.037389937991536e-06, "fstp": 8.037389937991536e-06, "setns": 4.018694968995768e-06, "bswap": 8.037389937991536e-06, "setb": 6.429911950393229e-05, "ror": 4.018694968995768e-06, "cmovns": 2.009347484497884e-05, "punpcklqdq": 9.644867925589844e-05, "cqo": 2.411216981397461e-05, "idiv": 2.411216981397461e-05, "setl": 8.037389937991536e-06, "setg": 6.028042453493653e-05, "sets": 8.037389937991536e-06, "setnb": 4.018694968995768e-05, "bsf": 4.018694968995768e-06, "psrad": 3.616825472096192e-05, "pandn": 3.616825472096192e-05, "bts": 8.037389937991536e-06, "pextrw": 2.411216981397461e-05, "setbe": 2.009347484497884e-05, "setle": 8.037389937991536e-06, "setnl": 4.018694968995768e-06, "psubq": 1.2056084906987306e-05, "cwde": 8.037389937991536e-06, "cmovle": 0.00016476649372882651, "pshuflw": 3.616825472096192e-05, "pshufhw": 3.2149559751966146e-05, "punpckhwd": 1.6074779875983073e-05, "pcmpgtd": 3.2149559751966146e-05, "psubd": 3.2149559751966146e-05, "pslld": 3.2149559751966146e-05, "packssdw": 1.6074779875983073e-05, "cvtsi2sd": 8.037389937991536e-06, "divsd": 4.018694968995768e-06}