{"xor": 0.007775399227381216, "mov": 0.5763532252791868, "pop": 0.007838671011329165, "and": 0.02097811147785312, "push": 0.007884367299736015, "call": 0.04783698376375722, "hlt": 3.5150991082193563e-06, "nop": 0.008495994544566184, "sub": 0.01732240840530499, "cmp": 0.07068864306629126, "jbe": 0.0021160896631480523, "test": 0.0011318619128466328, "jz": 0.03362543806922636, "jmp": 0.05887791006267422, "ret": 0.007617219767511345, "sar": 0.000463993082284955, "shr": 0.005947547691107151, "add": 0.040704847673180146, "jnz": 0.02904877903032476, "repz ": 7.030198216438713e-06, "lea": 0.006176029133141409, "jnb": 0.0033393441528083885, "jnl": 0.0008576841824055229, "movsxd": 0.004520417453170092, "xchg": 0.0009139257681370326, "setnz": 0.0007381708127260648, "shl": 0.005318344950735886, "ja": 0.0012935564718247231, "jle": 0.0006467782359123616, "movsd": 0.00071005001986031, "cvtsi2sd": 0.00010896807235480004, "mulsd": 7.733218038082583e-05, "divsd": 0.00015466436076165167, "movq": 6.678688305616777e-05, "movaps": 0.0007452010109425035, "punpckldq": 6.678688305616777e-05, "movapd": 3.866609019041292e-05, "subpd": 6.678688305616777e-05, "pshufd": 6.678688305616777e-05, "addpd": 6.678688305616777e-05, "xorps": 0.00012302846878767747, "jg": 0.00030932872152330333, "movzx": 0.011990003058136224, "jb": 0.0019122139148713298, "imul": 0.0026785055204631494, "jl": 0.0005659309564233164, "ucomisd": 0.0001124831714630194, "jp": 2.812079286575485e-05, "addsd": 7.733218038082583e-05, "subsd": 2.812079286575485e-05, "movsx": 0.004541508047819409, "or": 0.003859578820824853, "cvttsd2si": 3.515099108219356e-05, "cmovnz": 0.0005096893706918067, "cdq": 0.00011951336967945811, "idiv": 0.00030932872152330333, "div": 0.0005729611546397551, "setz": 0.0006959896234274326, "cqo": 0.00018981535184384524, "pand": 3.5150991082193563e-06, "cmovb": 2.812079286575485e-05, "cmovz": 0.0001124831714630194, "cmova": 7.030198216438713e-06, "setbe": 1.0545297324658068e-05, "fld": 1.0545297324658068e-05, "fstp": 1.0545297324658068e-05, "cdqe": 1.0545297324658068e-05, "setb": 0.00013357376611233555, "setg": 4.921138751507099e-05, "cmovl": 3.5150991082193563e-06, "seta": 4.921138751507099e-05, "setnb": 2.4605693757535495e-05, "cmovg": 1.757549554109678e-05, "setle": 2.4605693757535495e-05, "setnl": 7.030198216438713e-06, "setl": 1.0545297324658068e-05, "cmovge": 3.5150991082193563e-06, "cmovae": 5.9756684839729056e-05, "neg": 7.030198216438713e-06, "not": 1.757549554109678e-05, "movups": 4.921138751507099e-05}