{"xor": 0.03015840382205514, "mov": 0.3968074483082707, "pop": 0.022517230576441102, "and": 0.010191494360902255, "push": 0.0232906484962406, "call": 0.05750215382205514, "hlt": 4.895050125313283e-06, "nop": 0.01951656484962406, "sub": 0.01371593045112782, "cmp": 0.06161889097744361, "jbe": 0.0016887922932330827, "test": 0.05597000313283208, "jz": 0.05464344454887218, "jmp": 0.036130364974937344, "ret": 0.008003406954887217, "sar": 0.0007685228696741854, "shr": 0.004483865914786968, "add": 0.053008497807017545, "jnz": 0.0357828164160401, "repz ": 9.790100250626566e-06, "lea": 0.03435835682957394, "ja": 0.004498551065162907, "movsx": 0.001434249686716792, "jg": 0.0022908834586466164, "jnl": 0.001781798245614035, "cdqe": 0.00022517230576441102, "jl": 0.001488095238095238, "cmovz": 0.0020412359022556393, "jle": 0.001502780388471178, "xchg": 0.0021636121553884713, "js": 0.001194392230576441, "cmovbe": 0.00021538220551378445, "cmova": 0.00046992481203007516, "cmovnz": 0.0010915961779448622, "movaps": 0.0019482299498746866, "xorps": 0.00098390507518797, "movups": 0.003700657894736842, "cmovl": 2.4475250626566415e-05, "not": 0.000744047619047619, "movsxd": 0.007009711779448621, "imul": 0.0016790021929824562, "neg": 0.0006853070175438596, "movzx": 0.01300125313283208, "jns": 0.00035733865914786965, "jnb": 0.0037985588972431076, "cmovge": 1.4685150375939849e-05, "shl": 0.0046356124686716795, "or": 0.006050281954887218, "setnz": 0.0008517387218045112, "setz": 0.001365718984962406, "bt": 0.0010671209273182957, "jb": 0.005345394736842105, "adc": 7.342575187969924e-05, "cmovs": 8.321585213032581e-05, "cmovae": 0.00019580200501253132, "cmovb": 0.0005139802631578947, "seta": 0.0001468515037593985, "sbb": 0.00018601190476190475, "fld": 9.790100250626566e-06, "fstp": 9.790100250626566e-06, "movsd": 9.790100250626566e-06, "cmovg": 0.00038181390977443607, "div": 0.0005727208646616541, "bswap": 9.790100250626566e-06, "setb": 7.832080200501253e-05, "movq": 0.0005433505639097744, "pshufd": 0.0002006970551378446, "paddq": 5.8740601503759395e-05, "movdqu": 0.0008321585213032581, "punpcklqdq": 0.00011748120300751879, "cqo": 2.9370300751879698e-05, "idiv": 2.9370300751879698e-05, "setl": 9.790100250626566e-06, "setg": 7.342575187969924e-05, "pxor": 0.0002300673558897243, "pcmpeqd": 7.832080200501253e-05, "movdqa": 0.0005678258145363408, "mul": 0.00016643170426065162, "pslldq": 9.790100250626566e-06, "sets": 9.790100250626566e-06, "setnb": 4.895050125313283e-05, "rol": 1.4685150375939849e-05, "bsf": 4.895050125313283e-06, "movd": 3.9160401002506263e-05, "psllq": 4.895050125313283e-06, "psrad": 4.4055451127819546e-05, "pandn": 4.4055451127819546e-05, "pand": 4.4055451127819546e-05, "por": 8.321585213032581e-05, "bts": 9.790100250626566e-06, "pextrw": 2.9370300751879698e-05, "setbe": 2.4475250626566415e-05, "setle": 9.790100250626566e-06, "setnl": 4.895050125313283e-06, "psubq": 1.4685150375939849e-05, "cwde": 9.790100250626566e-06, "cmovle": 0.0002006970551378446, "cmovns": 2.4475250626566415e-05, "setns": 4.895050125313283e-06, "ror": 4.895050125313283e-06, "pshuflw": 4.4055451127819546e-05, "pshufhw": 3.9160401002506263e-05, "punpckhwd": 1.9580200501253132e-05, "punpcklwd": 1.9580200501253132e-05, "pcmpgtd": 3.9160401002506263e-05, "psubd": 3.9160401002506263e-05, "pslld": 3.9160401002506263e-05, "packssdw": 1.9580200501253132e-05, "cvtsi2sd": 9.790100250626566e-06, "divsd": 4.895050125313283e-06}