{"xor": 0.008064866587478634, "mov": 0.5761363965582177, "pop": 0.008021409740128053, "and": 0.021000521482168206, "push": 0.008086595011153924, "call": 0.047060144276733204, "hlt": 3.6214039458817393e-06, "nop": 0.008658776834603239, "sub": 0.017556566329634673, "cmp": 0.0708998464524727, "jbe": 0.002031607613639656, "test": 0.0011588492626821566, "jz": 0.03342917982443434, "jmp": 0.05904699133760176, "ret": 0.007800504099429267, "sar": 0.0004852681287481531, "shr": 0.0060368803777848595, "add": 0.04087478633716719, "jnz": 0.02952168496682794, "repz ": 7.2428078917634785e-06, "lea": 0.006051365993568387, "shl": 0.00537054205174262, "ja": 0.0012964626126256626, "jnb": 0.0031216502013500596, "imul": 0.002527739954225454, "movsxd": 0.00480922444013095, "movsx": 0.004689718109916852, "jg": 0.0003404119709128835, "movzx": 0.012276559376539096, "jl": 0.0005939102471246053, "setnz": 0.0007387664049598748, "jnl": 0.0008800011588492627, "xchg": 0.0009705362574963062, "cdq": 0.00012674913810586087, "idiv": 0.00028246950777877566, "jb": 0.001944693918938494, "setz": 0.0007170379812845844, "jle": 0.0006735811339340036, "setg": 5.4321059188226095e-05, "or": 0.0038423095865805254, "cmovnz": 0.0004490540892893357, "setnl": 1.0864211837645219e-05, "movaps": 0.0009632934496045427, "cqo": 0.0001557203696729148, "seta": 5.0699655242344355e-05, "setb": 0.0001376133499435061, "cmova": 7.2428078917634785e-06, "setbe": 1.0864211837645219e-05, "movsd": 2.8971231567053914e-05, "fld": 1.0864211837645219e-05, "fstp": 1.0864211837645219e-05, "div": 0.0005794246313410783, "cdqe": 1.0864211837645219e-05, "cmovz": 0.00011226352232233392, "cmovl": 3.6214039458817393e-06, "setnb": 2.5349827621172177e-05, "cmovg": 1.8107019729408697e-05, "setle": 2.5349827621172177e-05, "setl": 1.0864211837645219e-05, "cmovge": 3.6214039458817393e-06, "cmovae": 6.156386707998957e-05, "neg": 7.2428078917634785e-06, "not": 1.8107019729408697e-05, "xorps": 2.1728423675290437e-05, "movups": 5.0699655242344355e-05, "cmovb": 1.4485615783526957e-05, "cvtsi2sd": 7.2428078917634785e-06, "divsd": 3.6214039458817393e-06}