{"xor": 0.009005535598979394, "mov": 0.5756740829901011, "pop": 0.007839486436842139, "and": 0.01914577495251171, "push": 0.00788650454821864, "call": 0.05041281901788569, "hlt": 3.134540758433482e-06, "nop": 0.008447587343978234, "sub": 0.016964134584642004, "cmp": 0.07167440898234, "jbe": 0.0019465498109871922, "test": 0.0013541216076432643, "jz": 0.03345495351476055, "jmp": 0.06004526276855178, "ret": 0.0076326067467855285, "sar": 0.000435701165422254, "shr": 0.00533812291161222, "add": 0.03956103891218898, "jnz": 0.030577445098518615, "repz ": 6.269081516866964e-06, "lea": 0.0066138810002946465, "jnl": 0.0008870750346366753, "jl": 0.0005673518772764603, "movsxd": 0.0044823932845598794, "setz": 0.0007899042711252374, "movzx": 0.011162099640781629, "ja": 0.0012726235479239936, "setnz": 0.0008181151379511388, "movsx": 0.005077956028662241, "or": 0.0035357619755129674, "jle": 0.0006143699886529625, "cdq": 0.00011911254882047231, "idiv": 0.0002727050459837129, "cmovnz": 0.0004889883583156231, "xchg": 0.0009278240644963107, "shl": 0.005071686947145374, "jb": 0.0019026662403691236, "jnb": 0.0031470789214672157, "div": 0.0005234683066583915, "imul": 0.002379116435651013, "setb": 0.00012851617109577276, "cqo": 0.00015359249716324062, "movsd": 4.701811137650223e-05, "jg": 0.0002758395867421464, "cmovz": 0.00010657438578673838, "setbe": 1.567270379216741e-05, "seta": 4.701811137650223e-05, "setl": 1.880724455060089e-05, "js": 3.134540758433482e-06, "movaps": 0.0008337878417433061, "cmova": 6.269081516866964e-06, "fld": 9.403622275300446e-06, "fstp": 9.403622275300446e-06, "cdqe": 9.403622275300446e-06, "setg": 4.3883570618068746e-05, "cmovl": 3.134540758433482e-06, "setnb": 2.1941785309034373e-05, "cmovg": 1.567270379216741e-05, "setle": 2.1941785309034373e-05, "setnl": 6.269081516866964e-06, "cmovge": 3.134540758433482e-06, "cmovae": 5.328719289336919e-05, "neg": 6.269081516866964e-06, "not": 1.567270379216741e-05, "xorps": 1.880724455060089e-05, "movups": 4.3883570618068746e-05, "cmovb": 1.2538163033733927e-05, "cvtsi2sd": 6.269081516866964e-06, "divsd": 3.134540758433482e-06}