{"xor": 0.02946255474150039, "mov": 0.39607288735799445, "pop": 0.022407751074107675, "and": 0.00986383123730757, "push": 0.021951859714400182, "call": 0.05623120599382014, "hlt": 4.604963229368614e-06, "nop": 0.019046127916668584, "sub": 0.013179404762452971, "cmp": 0.06348402308007571, "jbe": 0.0019156647034173431, "test": 0.057405471617309134, "jz": 0.054725383017816605, "jmp": 0.03514968432977063, "ret": 0.008206044474734869, "sar": 0.0007598189328458212, "shr": 0.004374715067900183, "add": 0.05394253926882394, "jnz": 0.03849749259752161, "repz ": 9.209926458737228e-06, "lea": 0.03467537311714566, "ja": 0.004466814332487555, "movsx": 0.0014505634172511132, "movzx": 0.012576154579405684, "movsxd": 0.00690744484405292, "jle": 0.0014827981598566934, "bt": 0.0010223018369198322, "jb": 0.005797648705775084, "jnb": 0.003858959186210898, "jnl": 0.001823565438829971, "js": 0.0012249202190120511, "jl": 0.0015334527553797484, "or": 0.005802253669004453, "xchg": 0.0022840617617668323, "jg": 0.0022794567985374636, "shl": 0.004558913597074927, "movaps": 0.0018327753652887082, "xorps": 0.0009946720575436205, "movups": 0.0035918713189075184, "cmovl": 2.762977937621168e-05, "not": 0.0007045593740933979, "imul": 0.001643971872884595, "neg": 0.0007183742637815037, "jns": 0.0003683970583494891, "cmovge": 1.8419852917474455e-05, "cdqe": 0.00021182830855095622, "cmovz": 0.0018051455859124964, "cmova": 0.0004835211390837044, "setz": 0.0012341301454707884, "cmovb": 0.0005157558816892847, "seta": 0.00012893897042232119, "cmovnz": 0.0010223018369198322, "cmovs": 7.828437489926643e-05, "sbb": 0.00018880349240411314, "fld": 9.209926458737228e-06, "fstp": 9.209926458737228e-06, "movsd": 9.209926458737228e-06, "cmovg": 0.00035918713189075186, "div": 0.0005618055139829708, "bswap": 9.209926458737228e-06, "setb": 7.367941166989782e-05, "movq": 0.0005387806978361277, "pshufd": 0.00018880349240411314, "paddq": 5.525955875242336e-05, "movdqu": 0.0007828437489926643, "cmovbe": 0.00019801341886285039, "setnz": 0.0007920536754514015, "punpcklqdq": 0.00011051911750484672, "cqo": 2.762977937621168e-05, "idiv": 2.762977937621168e-05, "setl": 9.209926458737228e-06, "cmovae": 0.00017959356594537593, "setg": 6.90744484405292e-05, "pxor": 0.00021643327178032484, "pcmpeqd": 7.367941166989782e-05, "movdqa": 0.0005341757346067591, "mul": 0.00015656874979853286, "adc": 6.90744484405292e-05, "pslldq": 9.209926458737228e-06, "sets": 9.209926458737228e-06, "setnb": 4.604963229368614e-05, "rol": 1.381488968810584e-05, "bsf": 4.604963229368614e-06, "movd": 3.683970583494891e-05, "psllq": 4.604963229368614e-06, "psrad": 4.1444669064317524e-05, "pandn": 4.1444669064317524e-05, "pand": 4.1444669064317524e-05, "por": 7.828437489926643e-05, "bts": 9.209926458737228e-06, "pextrw": 5.525955875242336e-05, "setbe": 2.302481614684307e-05, "setle": 1.381488968810584e-05, "setnl": 4.604963229368614e-06, "psubq": 1.381488968810584e-05, "cwde": 9.209926458737228e-06, "cmovle": 0.00018880349240411314, "cmovns": 2.302481614684307e-05, "setns": 4.604963229368614e-06, "ror": 4.604963229368614e-06, "pshuflw": 4.1444669064317524e-05, "pshufhw": 3.683970583494891e-05, "punpckhwd": 1.8419852917474455e-05, "punpcklwd": 1.8419852917474455e-05, "pcmpgtd": 3.683970583494891e-05, "psubd": 3.683970583494891e-05, "pslld": 3.683970583494891e-05, "packssdw": 1.8419852917474455e-05, "cvtsi2sd": 9.209926458737228e-06, "divsd": 4.604963229368614e-06}