{"xor": 0.03378121471983528, "mov": 0.38533983024574003, "pop": 0.038221031511585055, "and": 0.010043696220598645, "push": 0.036945827215667464, "call": 0.06507051645773984, "hlt": 5.849560990447667e-06, "nop": 0.0260773428954157, "sub": 0.00965177563423865, "cmp": 0.0586593976122092, "jbe": 0.001842611711991015, "test": 0.05610898902037402, "jz": 0.05605049341046955, "jmp": 0.03444806467274631, "ret": 0.013319450375249337, "sar": 0.0004621153182453657, "shr": 0.003901657180628594, "add": 0.04211098957023275, "jnz": 0.03562967599281674, "repz ": 1.1699121980895334e-05, "lea": 0.025492386796370933, "ja": 0.004071294449351576, "setz": 0.0017548682971343002, "jl": 0.000666849952911034, "jnl": 0.000298327610512831, "cdqe": 0.000263230244570145, "adc": 4.679648792358134e-05, "movsx": 0.0011523635151181903, "bt": 0.0009593280024334174, "jb": 0.005369896989230958, "jnb": 0.0033985949354500946, "xchg": 0.003071019519985025, "jle": 0.0013395494668125157, "cmovnz": 0.0011114165881850567, "or": 0.0067035968950530265, "cmovz": 0.002041496785666236, "movzx": 0.011874608810608764, "movsxd": 0.002228682737360561, "cmovb": 0.000386071025369546, "js": 0.001140664393137295, "shl": 0.004773241768205296, "imul": 0.0015033371745450505, "setnz": 0.0010704696612519231, "cqo": 4.094692693313367e-05, "idiv": 4.094692693313367e-05, "neg": 0.000579106538054319, "setnb": 7.604429287581967e-05, "xorps": 0.0007896907337104351, "movups": 0.003638426936058449, "movaps": 0.001772416980105643, "cmovl": 2.9247804952238335e-05, "not": 0.000754593367767749, "jns": 0.0003451240984364123, "cmovge": 1.7548682971343002e-05, "cmovs": 9.359297584716267e-05, "cmovae": 0.000193035512684773, "jg": 0.0007077968798441677, "cmova": 0.0005206109281498424, "seta": 0.00016963726872298233, "setb": 8.189385386626733e-05, "fld": 1.1699121980895334e-05, "fstp": 1.1699121980895334e-05, "sbb": 0.00012869034178984866, "movsd": 5.849560990447667e-06, "cmovg": 5.849560990447667e-05, "div": 0.000666849952911034, "bswap": 1.1699121980895334e-05, "cmovns": 2.9247804952238335e-05, "mul": 0.00018718595169432535, "cmovbe": 0.00017548682971343, "setl": 1.1699121980895334e-05, "setg": 8.7743414856715e-05, "pxor": 1.1699121980895334e-05, "movdqu": 0.00016378770773253467, "pcmpeqd": 2.339824396179067e-05, "sets": 1.1699121980895334e-05, "rol": 1.7548682971343002e-05, "bsf": 5.849560990447667e-06, "bts": 1.1699121980895334e-05, "setbe": 2.9247804952238335e-05, "setle": 1.1699121980895334e-05, "setnl": 5.849560990447667e-06, "cwde": 1.1699121980895334e-05, "cmovle": 2.9247804952238335e-05, "setns": 5.849560990447667e-06, "ror": 5.849560990447667e-06, "cvtsi2sd": 1.1699121980895334e-05, "divsd": 5.849560990447667e-06}