{"xor": 0.007962130877757437, "mov": 0.5770048630757567, "pop": 0.007899262217784435, "and": 0.021330966513193172, "push": 0.007951036408350437, "call": 0.04608642591668054, "hlt": 3.6981564690002033e-06, "nop": 0.008513156191638468, "sub": 0.017547752445405965, "cmp": 0.07102309498714891, "jbe": 0.002059873153233113, "test": 0.0011390321924520626, "jz": 0.03349790129620384, "jmp": 0.05891533070764224, "ret": 0.007673674673175422, "sar": 0.00048815665390802685, "shr": 0.006120448956195337, "add": 0.04105323496237126, "jnz": 0.029618535160222628, "repz ": 7.3963129380004065e-06, "lea": 0.006109354486788336, "ja": 0.0012869584512120707, "or": 0.0038793661359812132, "jnl": 0.0008505759878700467, "movsxd": 0.004570921395684251, "movzx": 0.01238142785821268, "setnz": 0.0007396312938000406, "jb": 0.001974815554446109, "movsx": 0.004707753185037259, "xchg": 0.0009245391172500509, "movaps": 0.0009837096207540542, "jnb": 0.003161923780995174, "jle": 0.000654573695013036, "imul": 0.0025776150588931418, "shl": 0.005366025036519295, "cmovnz": 0.0004511750892180248, "cdq": 0.00012203916347700671, "idiv": 0.00028105989164401546, "cmova": 7.3963129380004065e-06, "setz": 0.0007211405114550397, "setbe": 1.109446940700061e-05, "movsd": 2.9585251752001626e-05, "fld": 1.109446940700061e-05, "fstp": 1.109446940700061e-05, "jl": 0.0005769124091640317, "jg": 0.0003069469869270169, "div": 0.0005917050350400325, "cqo": 0.00015902072816700874, "cdqe": 1.109446940700061e-05, "cmovz": 0.00011464285053900631, "setb": 0.00014052994582200773, "setg": 5.177419056600285e-05, "cmovl": 3.6981564690002033e-06, "seta": 5.177419056600285e-05, "setnb": 2.5887095283001424e-05, "cmovg": 1.8490782345001015e-05, "setle": 2.5887095283001424e-05, "setnl": 7.3963129380004065e-06, "setl": 1.109446940700061e-05, "cmovge": 3.6981564690002033e-06, "cmovae": 6.286865997300346e-05, "neg": 7.3963129380004065e-06, "not": 1.8490782345001015e-05, "xorps": 2.218893881400122e-05, "movups": 5.177419056600285e-05, "cmovb": 1.4792625876000813e-05, "cvtsi2sd": 7.3963129380004065e-06, "divsd": 3.6981564690002033e-06}