{"xor": 0.03709960836039878, "mov": 0.37737886049589614, "pop": 0.03738870795069045, "and": 0.009680319093672785, "push": 0.03609679415657453, "call": 0.07095588069221283, "hlt": 4.517181098307412e-06, "nop": 0.02652940459035943, "sub": 0.009508666211937102, "cmp": 0.06097291046495345, "jbe": 0.0016487711008822054, "test": 0.05485664725784521, "jz": 0.05543484643842856, "jmp": 0.0357760742985947, "ret": 0.013542508932725622, "sar": 0.0005014071019121228, "shr": 0.0036137448786459298, "add": 0.04045135673534288, "jnz": 0.03749260311595152, "repz ": 9.034362196614825e-06, "movzx": 0.01136522764334145, "movaps": 0.0017255631795534314, "xchg": 0.0029858567059811996, "movups": 0.003767329035988382, "jnb": 0.0035234012566797814, "lea": 0.024230159411320958, "ja": 0.004042877082985134, "jb": 0.00504569128680938, "cmovle": 3.61374487864593e-05, "jle": 0.0013054653374108421, "movsx": 0.0015493931167194423, "bt": 0.001075089101397164, "cmovz": 0.0019198019667806502, "sbb": 0.0001445497951458372, "or": 0.006820943458444193, "cmovbe": 0.00015358415734245201, "not": 0.0008311613220885639, "movsxd": 0.0026335165803132213, "setnz": 0.0010796062824954716, "shl": 0.004205495602524201, "xorps": 0.0007588864245156452, "jnl": 0.00033878858237305594, "cmovnz": 0.0011157437312819308, "imul": 0.0012964309752142274, "setz": 0.002037248675336643, "setg": 9.937798416276307e-05, "neg": 0.0005556132750918117, "cmovl": 4.065462988476671e-05, "cmovs": 9.034362196614825e-05, "jg": 0.0008627815897767157, "cmova": 0.000514958645207045, "setns": 1.3551543294922237e-05, "setle": 3.61374487864593e-05, "rol": 2.2585905491537062e-05, "jl": 0.0006233709915664229, "js": 0.0011338124556751605, "bsf": 1.806872439322965e-05, "cqo": 9.937798416276307e-05, "idiv": 9.937798416276307e-05, "jns": 0.000438166566535819, "cmovae": 0.00016261851953906683, "setl": 2.7103086589844474e-05, "setnl": 1.806872439322965e-05, "cdqe": 0.0003026511335865966, "ror": 9.034362196614825e-06, "cmovb": 0.0003342714012747485, "div": 0.0005420617317968895, "cmovg": 6.324053537630377e-05, "adc": 4.968899208138153e-05, "cmovge": 1.3551543294922237e-05, "sets": 1.806872439322965e-05, "cmovns": 3.162026768815188e-05, "bts": 1.806872439322965e-05, "seta": 0.0001445497951458372, "bsr": 4.517181098307412e-06, "movd": 9.034362196614825e-06, "punpcklbw": 4.517181098307412e-06, "pshuflw": 4.517181098307412e-06, "pshufd": 4.517181098307412e-06, "movdqa": 0.0001084123463593779, "movdqu": 0.0001445497951458372, "pxor": 2.2585905491537062e-05, "setb": 8.582644086784084e-05, "setnb": 5.420617317968895e-05, "mul": 0.0001490669762441446, "fld": 9.034362196614825e-06, "fstp": 9.034362196614825e-06, "movsd": 4.517181098307412e-06, "bswap": 9.034362196614825e-06, "setbe": 2.2585905491537062e-05, "pcmpeqd": 1.806872439322965e-05, "cwde": 9.034362196614825e-06, "cvtsi2sd": 9.034362196614825e-06, "divsd": 4.517181098307412e-06}