{"xor": 0.03372373445280575, "mov": 0.38563740705178307, "pop": 0.037787776611660676, "and": 0.009752584686153228, "push": 0.036598709331666035, "call": 0.06684456155237478, "hlt": 5.582475492932586e-06, "nop": 0.02644418641002166, "sub": 0.009523703190942992, "cmp": 0.058124734832414086, "jbe": 0.0018533818636536185, "test": 0.05584708483129759, "jz": 0.05566286314003081, "jmp": 0.03401960565393118, "ret": 0.013252796820221959, "sar": 0.0004912578433780676, "shr": 0.003857490565616417, "add": 0.04188531362347319, "jnz": 0.03516401312998236, "repz ": 1.1164950985865172e-05, "lea": 0.025087644865239043, "jb": 0.005576893017439653, "xchg": 0.0030703615211129225, "ja": 0.004103119487305451, "jnb": 0.0034611348056182035, "shl": 0.004778599021950294, "seta": 0.00017863921577384274, "movzx": 0.01143849228501887, "jle": 0.0012951343143603599, "movsxd": 0.0022553200991447648, "cmovg": 6.698970591519103e-05, "jl": 0.0006531496326731126, "movsd": 0.0006084898287296519, "movapd": 0.00016747426478797757, "xorps": 0.000876448652390416, "cvtsi2sd": 0.00013397941183038205, "mulsd": 0.0001228144608445169, "divsd": 0.0002400464461961012, "unpcklps": 2.2329901971730343e-05, "subpd": 9.490208337985396e-05, "pshufd": 9.490208337985396e-05, "addpd": 9.490208337985396e-05, "xorpd": 5.582475492932586e-05, "cmovz": 0.002048768505906259, "neg": 0.0005470825983073934, "not": 0.0007201393385883036, "movups": 0.003544871938012192, "imul": 0.0015742580890069893, "js": 0.001066252819150124, "ucomisd": 0.00017863921577384274, "jp": 2.2329901971730343e-05, "addsd": 0.0001228144608445169, "jns": 0.00037960833351941584, "jnp": 2.2329901971730343e-05, "movq": 7.81546569010562e-05, "punpckldq": 7.257218140812361e-05, "subsd": 4.4659803943460686e-05, "setnz": 0.001038340441685461, "cmovnz": 0.0010885827211218543, "or": 0.006687805640533238, "jg": 0.0006866444856307081, "cvttsd2si": 5.582475492932586e-05, "jnl": 0.0003014536766183596, "movupd": 5.582475492932586e-06, "movdqa": 2.791237746466293e-05, "mul": 0.00018422169126677533, "setb": 8.931960788692137e-05, "cmovbe": 0.00017305674028091016, "setl": 1.6747426478797756e-05, "cmovle": 3.349485295759551e-05, "cmovb": 0.0003851908090123484, "sbb": 0.0001283969363374495, "setz": 0.0017361498783020342, "cdqe": 0.0002735412991536967, "movsx": 0.0010885827211218543, "cmovns": 3.349485295759551e-05, "div": 0.0006475671571801799, "andpd": 5.582475492932586e-06, "cmova": 0.000513587745349798, "cmovae": 0.00021213406873143826, "maxsd": 5.582475492932586e-06, "pxor": 1.6747426478797756e-05, "bt": 0.0009211084563338767, "movaps": 0.0015575106625281914, "fld": 1.1164950985865172e-05, "fstp": 1.1164950985865172e-05, "cmovs": 8.931960788692137e-05, "cmovl": 2.2329901971730343e-05, "bswap": 1.1164950985865172e-05, "cqo": 3.349485295759551e-05, "idiv": 3.349485295759551e-05, "setg": 8.373713239398879e-05, "movdqu": 0.0001563093138021124, "pcmpeqd": 2.2329901971730343e-05, "adc": 3.90773284505281e-05, "sets": 1.1164950985865172e-05, "rol": 1.6747426478797756e-05, "setnb": 6.140723042225845e-05, "bsf": 5.582475492932586e-06, "bts": 1.1164950985865172e-05, "setbe": 2.791237746466293e-05, "setle": 1.1164950985865172e-05, "setnl": 5.582475492932586e-06, "cwde": 1.1164950985865172e-05, "cmovge": 1.1164950985865172e-05, "setns": 5.582475492932586e-06, "ror": 5.582475492932586e-06}