{"xor": 0.005405261239476188, "mov": 0.5734288736964697, "pop": 0.004889627765973525, "and": 0.00989482855187006, "push": 0.0049162984628788355, "call": 0.0677257896748842, "hlt": 8.890232301770045e-06, "nop": 0.005138554270423086, "sub": 0.030164558199905763, "cmp": 0.048256180934007804, "jbe": 0.0032627152547496066, "test": 0.0008890232301770045, "jz": 0.03523199061191469, "jmp": 0.1100788563605167, "ret": 0.004560689170808033, "sar": 0.00018669487833717095, "shr": 0.002498155276797383, "add": 0.03171145862041375, "jnz": 0.012801934514548865, "repz ": 1.778046460354009e-05, "imul": 0.0030404594472053553, "jnb": 0.0070321737507001054, "ja": 0.0024448138829867624, "div": 0.000577865099615053, "xchg": 0.0004978530088991226, "jb": 0.004320652898660242, "lea": 0.006169821217428411, "cmovnz": 0.0008090111394610741, "movzx": 0.009654792279722268, "shl": 0.004418445453979712, "jl": 0.00031115813056195157, "jnl": 0.0007112185841416036, "movsxd": 0.0013068641483601966, "cmovz": 0.000195585110638941, "setnz": 0.0003022678982601815, "movsx": 0.0012535227545495764, "setz": 0.0015913515820168381, "jle": 0.0001600241814318608, "cqo": 8.890232301770045e-05, "idiv": 0.0001600241814318608, "or": 0.0010757181085141755, "jg": 7.112185841416036e-05, "movq": 0.00010668278762124055, "movaps": 0.001582461349715068, "punpckldq": 0.00010668278762124055, "movapd": 3.556092920708018e-05, "subpd": 0.00010668278762124055, "pshufd": 0.00010668278762124055, "addpd": 0.00010668278762124055, "movsd": 3.556092920708018e-05, "mulsd": 5.334139381062027e-05, "divsd": 5.334139381062027e-05, "setb": 7.112185841416036e-05, "neg": 8.00120907159304e-05, "not": 6.223162611239032e-05, "cmovb": 1.778046460354009e-05, "mul": 8.890232301770045e-06, "cmova": 2.6670696905310136e-05, "setl": 2.6670696905310136e-05, "cdq": 7.112185841416036e-05, "setbe": 8.890232301770045e-06, "seta": 7.112185841416036e-05}