{"xor": 0.03278972870043928, "mov": 0.4029637450274316, "pop": 0.02285024792141928, "and": 0.008608434984257462, "push": 0.021715276861295978, "call": 0.05942195659961162, "hlt": 3.7706679738315644e-06, "nop": 0.017563771422107428, "sub": 0.011760713410380649, "cmp": 0.06220470956429931, "jbe": 0.0024886408627288322, "test": 0.05682396636564167, "jz": 0.05439942685846798, "jmp": 0.0364472766350559, "ret": 0.00773741068230237, "sar": 0.0007277389189494919, "shr": 0.0037782093097792273, "add": 0.051258460436266286, "jnz": 0.036899756791915685, "repz ": 7.541335947663129e-06, "lea": 0.034505382628532644, "jns": 0.000380837465356988, "jl": 0.0013159631228672158, "cdqe": 0.0002224694104560623, "setz": 0.0013121924548933845, "ja": 0.00522991647970438, "or": 0.005260081823495032, "xorps": 0.0012820271111027319, "movups": 0.004155276107162383, "js": 0.0011726777398616164, "cmovz": 0.0018325446352821402, "movsxd": 0.005938802058784714, "jnl": 0.0015308911973756151, "jle": 0.0013423577986840368, "movzx": 0.011349710601233009, "setnz": 0.0008710243019550913, "cmovnz": 0.0009615203333270489, "xchg": 0.0021191154012933392, "jg": 0.0019418940065232557, "jb": 0.005433532550291284, "shl": 0.0046077562640221715, "bt": 0.0009200429856149017, "jnb": 0.0038536226692558588, "neg": 0.0007428215908448181, "movsx": 0.0013612111385531947, "cmovge": 2.2624007842989386e-05, "not": 0.0006259308836560396, "mul": 0.00013197337908410476, "rol": 3.3936011764484076e-05, "cmovb": 0.0004487094888859561, "movdqu": 0.0007993816104522916, "movq": 0.0004713334967289455, "pslldq": 3.0165343790652515e-05, "movdqa": 0.0005769121999962294, "cmovae": 0.00015082671895326257, "xorpd": 1.1312003921494693e-05, "movd": 4.524801568597877e-05, "pxor": 0.00020738673856073603, "punpcklbw": 1.5082671895326257e-05, "punpcklwd": 3.0165343790652515e-05, "punpckldq": 1.5082671895326257e-05, "pand": 4.901868365981033e-05, "paddd": 7.541335947663129e-06, "psllq": 3.3936011764484076e-05, "pshufd": 0.0001809920627439151, "movsd": 4.524801568597877e-05, "orpd": 1.8853339869157822e-05, "paddq": 9.049603137195754e-05, "por": 7.541335947663129e-05, "div": 0.0004864161686242718, "imul": 0.0013838351463961842, "sbb": 0.0001885333986915782, "pcmpeqd": 6.787202352896815e-05, "adc": 6.787202352896815e-05, "movaps": 0.001583680549009257, "ud2": 3.7706679738315644e-06, "cmovg": 0.00030919477385418824, "cmovbe": 0.00022624007842989385, "cmovl": 2.2624007842989386e-05, "cmovs": 6.410135555513659e-05, "cmova": 0.00039592013725231424, "seta": 0.0001055787032672838, "fld": 7.541335947663129e-06, "fstp": 7.541335947663129e-06, "setns": 3.7706679738315644e-06, "bswap": 7.541335947663129e-06, "setb": 6.033068758130503e-05, "ror": 3.7706679738315644e-06, "cmovns": 1.8853339869157822e-05, "punpcklqdq": 9.049603137195754e-05, "cqo": 2.2624007842989386e-05, "idiv": 2.2624007842989386e-05, "setl": 7.541335947663129e-06, "setg": 5.656001960747346e-05, "sets": 7.541335947663129e-06, "setnb": 3.7706679738315644e-05, "bsf": 3.7706679738315644e-06, "psrad": 3.3936011764484076e-05, "pandn": 3.3936011764484076e-05, "bts": 7.541335947663129e-06, "pextrw": 4.524801568597877e-05, "setbe": 1.8853339869157822e-05, "setle": 1.1312003921494693e-05, "setnl": 3.7706679738315644e-06, "psubq": 1.1312003921494693e-05, "cwde": 7.541335947663129e-06, "cmovle": 0.00015459738692709412, "pshuflw": 3.3936011764484076e-05, "pshufhw": 3.0165343790652515e-05, "punpckhwd": 1.5082671895326257e-05, "pcmpgtd": 3.0165343790652515e-05, "psubd": 3.0165343790652515e-05, "pslld": 3.0165343790652515e-05, "packssdw": 1.5082671895326257e-05, "cvtsi2sd": 7.541335947663129e-06, "divsd": 3.7706679738315644e-06}