{"xor": 0.03372120496160662, "mov": 0.3853750738334318, "pop": 0.03811577082102776, "and": 0.010135853514471353, "push": 0.036928529238038986, "call": 0.06473715298287064, "hlt": 5.906674542232723e-06, "nop": 0.02605434140578854, "sub": 0.009692852923803898, "cmp": 0.0587005316007088, "jbe": 0.001854695806261075, "test": 0.05600708800945068, "jz": 0.05599527466036621, "jmp": 0.03443000590667454, "ret": 0.013225044300059066, "sar": 0.0004607206142941524, "shr": 0.003939751919669226, "add": 0.04233313644418193, "jnz": 0.03564678086237448, "repz ": 1.1813349084465446e-05, "lea": 0.025546367395156526, "ja": 0.0041228588304784404, "movsx": 0.0011222681630242174, "movzx": 0.011990549320732428, "movsxd": 0.0022563496751329, "jle": 0.0013230950974601299, "bt": 0.0009686946249261666, "jb": 0.0053809805079740106, "jnb": 0.0034022445363260483, "jnl": 0.0003071470761961016, "setz": 0.001707028942705257, "or": 0.006792675723567632, "jl": 0.0006851742468989959, "xchg": 0.0030655640874187834, "jg": 0.0007206142941523922, "js": 0.0011104548139397518, "shl": 0.004808033077377437, "movaps": 0.001789722386296515, "xorps": 0.0007914943886591849, "movups": 0.003668044890726521, "cmovl": 2.9533372711163615e-05, "not": 0.0007619610159480212, "jns": 0.00034849379799173065, "imul": 0.0015002953337271117, "cmovge": 1.772002362669817e-05, "cmovz": 0.0020318960425280566, "cmovnz": 0.0011045481393975193, "neg": 0.0005729474305965741, "cmova": 0.0005256940342587123, "cmovb": 0.00038393384524512697, "seta": 0.00017129356172474898, "setb": 8.269344359125812e-05, "cdqe": 0.00025989367985823983, "fld": 1.1813349084465446e-05, "fstp": 1.1813349084465446e-05, "cmovs": 9.450679267572357e-05, "sbb": 0.00012994683992911991, "movsd": 5.906674542232723e-06, "cmovg": 5.906674542232723e-05, "div": 0.0006733608978145304, "bswap": 1.1813349084465446e-05, "cmovbe": 0.0001772002362669817, "setnz": 0.001045481393975192, "cqo": 3.544004725339634e-05, "idiv": 3.544004725339634e-05, "setl": 1.1813349084465446e-05, "cmovae": 0.00019492025989367986, "setg": 8.860011813349085e-05, "pxor": 1.1813349084465446e-05, "movdqu": 0.00016538688718251623, "pcmpeqd": 2.3626698168930892e-05, "mul": 0.00018901358535144714, "adc": 4.134672179562906e-05, "sets": 1.1813349084465446e-05, "rol": 1.772002362669817e-05, "setnb": 6.497341996455996e-05, "bsf": 5.906674542232723e-06, "bts": 1.1813349084465446e-05, "setbe": 2.9533372711163615e-05, "setle": 1.1813349084465446e-05, "setnl": 5.906674542232723e-06, "cwde": 1.1813349084465446e-05, "cmovle": 2.9533372711163615e-05, "cmovns": 2.9533372711163615e-05, "setns": 5.906674542232723e-06, "ror": 5.906674542232723e-06, "cvtsi2sd": 1.1813349084465446e-05, "divsd": 5.906674542232723e-06}