{"xor": 0.03365566483828258, "mov": 0.38545607149612254, "pop": 0.03807688670323435, "and": 0.010119160204274636, "push": 0.03691838471723095, "call": 0.06486428976735388, "hlt": 5.9107244183847176e-06, "nop": 0.026072205409494988, "sub": 0.009705409494987705, "cmp": 0.05861665405712124, "jbe": 0.0018559674673728013, "test": 0.05612823907698127, "jz": 0.05599820313977681, "jmp": 0.03437677321732552, "ret": 0.013240022697181766, "sar": 0.00046103650463400793, "shr": 0.003930631738225837, "add": 0.04234442973330811, "jnz": 0.035688954038206926, "repz ": 1.1821448836769435e-05, "lea": 0.025528418763003595, "ja": 0.004107953470777378, "cmovnz": 0.0011230376394930962, "movsxd": 0.0022401645545678077, "shl": 0.00479950822772839, "jle": 0.001318091545299792, "or": 0.006767779459050501, "jns": 0.00036055418952146776, "js": 0.0011171269150747115, "jg": 0.0007270191034613202, "movzx": 0.011957395498392283, "xchg": 0.0030617552487232835, "jnb": 0.0034045772649895973, "jb": 0.0053787592207300925, "movaps": 0.0017909494987705693, "xorps": 0.0007920370720635521, "movups": 0.0036705598638169094, "cmovl": 2.9553622091923588e-05, "not": 0.0007624834499716285, "jl": 0.0006560904104407036, "imul": 0.0015013240022697181, "cmovge": 1.7732173255154153e-05, "cmovz": 0.002033289199924343, "neg": 0.0005733402685833176, "setz": 0.0017022886324947987, "cmova": 0.0005260544732362399, "movsx": 0.0010993947418195575, "bt": 0.0009516266313599395, "cmovb": 0.0003841970871950066, "seta": 0.0001714110081331568, "setb": 8.275014185738605e-05, "cdqe": 0.00026007187440892755, "fld": 1.1821448836769435e-05, "fstp": 1.1821448836769435e-05, "cmovs": 9.457159069415548e-05, "sbb": 0.00013003593720446377, "movsd": 5.9107244183847176e-06, "cmovg": 5.9107244183847176e-05, "jnl": 0.00029553622091923586, "div": 0.0006738225836958577, "bswap": 1.1821448836769435e-05, "cmovbe": 0.0001773217325515415, "setnz": 0.0010461982220540949, "cqo": 3.5464346510308305e-05, "idiv": 3.5464346510308305e-05, "setl": 1.1821448836769435e-05, "cmovae": 0.00019505390580669567, "setg": 8.866086627577076e-05, "pxor": 1.1821448836769435e-05, "movdqu": 0.0001655002837147721, "pcmpeqd": 2.364289767353887e-05, "mul": 0.00018914318138831096, "adc": 4.137507092869302e-05, "sets": 1.1821448836769435e-05, "rol": 1.7732173255154153e-05, "setnb": 6.501796860223189e-05, "bsf": 5.9107244183847176e-06, "bts": 1.1821448836769435e-05, "setbe": 2.9553622091923588e-05, "setle": 1.1821448836769435e-05, "setnl": 5.9107244183847176e-06, "cwde": 1.1821448836769435e-05, "cmovle": 2.9553622091923588e-05, "cmovns": 2.9553622091923588e-05, "setns": 5.9107244183847176e-06, "ror": 5.9107244183847176e-06, "cvtsi2sd": 1.1821448836769435e-05, "divsd": 5.9107244183847176e-06}