{"xor": 0.029618164468247336, "mov": 0.3958296236433949, "pop": 0.02252295441989581, "and": 0.009793581437396413, "push": 0.021938535574214345, "call": 0.05650599714182658, "hlt": 4.5657722318864405e-06, "nop": 0.019048401751430227, "sub": 0.013112897849977856, "cmp": 0.06347336556768529, "jbe": 0.0019039270206966455, "test": 0.057592650933015556, "jz": 0.05486688491057935, "jmp": 0.03518384081891691, "ret": 0.008254916195250683, "sar": 0.0007624839627250355, "shr": 0.004342049392524004, "add": 0.053643257952433784, "jnz": 0.03853968340935344, "repz ": 9.131544463772881e-06, "lea": 0.03455376425091658, "ja": 0.004419667520466074, "movsx": 0.0014656128864355472, "bt": 0.0010136014354787898, "jb": 0.005789399190032006, "jnb": 0.0038535117637121556, "movzx": 0.01247825550974564, "setz": 0.0012829819971600896, "jl": 0.0015067048365225253, "jle": 0.0014975732920587523, "cdqe": 0.00021459129489866268, "adc": 7.305235571018305e-05, "xchg": 0.0022737545714794473, "cmovnz": 0.0010364302966382219, "or": 0.005734609923249369, "cmovz": 0.001803480031595144, "shl": 0.004533811826263235, "cmovb": 0.0005159322622031677, "js": 0.0012464558193049982, "movq": 0.0005524584400582593, "pslldq": 1.8263088927545762e-05, "movdqa": 0.0005844188456814644, "pshufd": 0.00019632820597111693, "pmuludq": 1.8263088927545762e-05, "paddq": 9.588121686961524e-05, "psrlq": 9.131544463772881e-06, "psllq": 1.369731669565932e-05, "movdqu": 0.0008035759128120134, "imul": 0.0016436780034791184, "setnz": 0.000840102090667105, "cqo": 3.196040562320508e-05, "idiv": 3.196040562320508e-05, "movsxd": 0.006839526803365887, "neg": 0.0007213920126380575, "setnb": 5.478926678263728e-05, "xorps": 0.0009907725743193575, "movups": 0.0035658681131033095, "movaps": 0.0018171773482908032, "cmovl": 2.739463339131864e-05, "not": 0.0006985631514786254, "jns": 0.0003652617785509152, "cmovge": 1.8263088927545762e-05, "cmovs": 7.761812794206948e-05, "cmovae": 0.00017806511704357116, "jg": 0.002250925710320015, "cmova": 0.0004794060843480762, "seta": 0.00012784162249282032, "sbb": 0.00018719666150734403, "fld": 9.131544463772881e-06, "fstp": 9.131544463772881e-06, "movsd": 9.131544463772881e-06, "cmovg": 0.0003561302340871423, "jnl": 0.001803480031595144, "div": 0.0005570242122901457, "bswap": 9.131544463772881e-06, "setb": 7.305235571018305e-05, "cmovns": 2.28288611594322e-05, "mul": 0.00015523625588413897, "cmovbe": 0.00019632820597111693, "punpcklqdq": 0.00010957853356527456, "setl": 9.131544463772881e-06, "setg": 6.84865834782966e-05, "pxor": 0.00021459129489866268, "pcmpeqd": 7.305235571018305e-05, "sets": 9.131544463772881e-06, "rol": 1.369731669565932e-05, "bsf": 4.5657722318864405e-06, "movd": 3.6526177855091524e-05, "psrad": 4.109195008697796e-05, "pandn": 4.109195008697796e-05, "pand": 4.109195008697796e-05, "por": 7.761812794206948e-05, "bts": 9.131544463772881e-06, "pextrw": 5.478926678263728e-05, "setbe": 2.28288611594322e-05, "setle": 1.369731669565932e-05, "setnl": 4.5657722318864405e-06, "psubq": 1.369731669565932e-05, "cwde": 9.131544463772881e-06, "cmovle": 0.00018719666150734403, "setns": 4.5657722318864405e-06, "ror": 4.5657722318864405e-06, "pshuflw": 4.109195008697796e-05, "pshufhw": 3.6526177855091524e-05, "punpckhwd": 1.8263088927545762e-05, "punpcklwd": 1.8263088927545762e-05, "pcmpgtd": 3.6526177855091524e-05, "psubd": 3.6526177855091524e-05, "pslld": 3.6526177855091524e-05, "packssdw": 1.8263088927545762e-05, "cvtsi2sd": 9.131544463772881e-06, "divsd": 4.5657722318864405e-06}