{"xor": 0.06160849772382398, "mov": 0.34446130500758726, "pop": 0.0409711684370258, "and": 0.002731411229135053, "push": 0.03672230652503793, "call": 0.09984825493171472, "hlt": 0.00030349013657056146, "nop": 0.029438543247344462, "sub": 0.005766312594840668, "cmp": 0.044309559939301975, "jbe": 0.0009104704097116844, "test": 0.04582701062215478, "jz": 0.052807283763277695, "jmp": 0.047344461305007586, "ret": 0.019119878603945373, "sar": 0.0009104704097116844, "shr": 0.0039453717754172985, "add": 0.02276176024279211, "jnz": 0.023672230652503793, "repz ": 0.0006069802731411229, "lea": 0.019726858877086494, "ja": 0.0024279210925644916, "js": 0.0018209408194233688, "jg": 0.0009104704097116844, "jns": 0.0012139605462822458, "jnb": 0.0021244309559939304, "jnl": 0.00030349013657056146, "cdqe": 0.00030349013657056146, "xchg": 0.0021244309559939304, "or": 0.017602427921092564, "jl": 0.0012139605462822458, "shl": 0.016995447647951443, "xorps": 0.0006069802731411229, "movaps": 0.005462822458270106, "movups": 0.003338391502276176, "movzx": 0.029742033383915022, "cmovz": 0.0012139605462822458, "movsxd": 0.0024279210925644916, "movsx": 0.0006069802731411229, "bswap": 0.00030349013657056146, "jb": 0.0018209408194233688, "imul": 0.0009104704097116844, "cmovnz": 0.0015174506828528073, "cmova": 0.00030349013657056146, "bt": 0.00030349013657056146, "setz": 0.0006069802731411229}