{"xor": 0.07340262477248778, "mov": 0.3839448223009867, "pop": 0.01174681482900661, "and": 0.009759076539898458, "push": 0.011686943193792508, "call": 0.07318708688571703, "hlt": 1.1974327042820194e-05, "nop": 0.01549477919340933, "sub": 0.008908899319858225, "cmp": 0.06440990516332983, "jbe": 0.004119168502730147, "test": 0.03855733307788102, "jz": 0.0373000287383849, "jmp": 0.06749928154037743, "ret": 0.01057333077881023, "sar": 0.00027540952198486446, "shr": 0.0038557333077881024, "add": 0.03714436248682824, "jnz": 0.024367755532139095, "repz ": 2.394865408564039e-05, "lea": 0.03843758980745282, "jb": 0.010836765973752275, "imul": 0.0012812529935817608, "xorps": 0.0003233068301561452, "movups": 0.0024786856978637802, "jnb": 0.009351949420442571, "shl": 0.009435769709742312, "movsxd": 0.0031252993581760706, "ja": 0.007855158540090047, "div": 0.000371204138327426, "xchg": 0.0019398409809368714, "movzx": 0.013842322061500144, "or": 0.005101063320241402, "cmovz": 0.001987738289108152, "js": 0.0013411246287958617, "jl": 0.00022751221381358367, "jnl": 0.00013171759747102212, "cdqe": 0.00021553788677076348, "setnz": 0.00023948654085640387, "movaps": 0.0016165341507807262, "movsx": 0.0007304339496120318, "setz": 0.0011016380879394579, "jle": 0.0010417664527253567, "jg": 0.0014369192451384233, "bt": 0.00046699875466998757, "jns": 0.003017530414790689, "cmovnz": 0.0003831784653702462, "mul": 0.00028738384902768463, "cmovbe": 0.0003352811571989654, "xorpd": 4.789730817128078e-05, "movapd": 0.00043107577354152695, "movupd": 3.592298112846058e-05, "neg": 0.0005029217357984481, "not": 0.0005268703898840885, "adc": 1.1974327042820194e-05, "movq": 0.0001796149056423029, "movdqa": 0.00015566625155666251, "punpckldq": 0.00014369192451384232, "subpd": 0.00011974327042820194, "pshufd": 0.0001676405785994827, "addpd": 0.00011974327042820194, "mulsd": 7.184596225692116e-05, "divsd": 7.184596225692116e-05, "movsd": 4.789730817128078e-05, "cmova": 0.0004909474087556279, "cmovs": 9.579461634256155e-05, "cmovae": 0.00022751221381358367, "cmovb": 0.0004430501005843472, "cmovl": 5.987163521410097e-05, "setns": 1.1974327042820194e-05, "sbb": 0.00010776894338538174, "setbe": 1.1974327042820194e-05, "rol": 1.1974327042820194e-05, "pslldq": 2.394865408564039e-05, "pxor": 2.394865408564039e-05, "paddq": 2.394865408564039e-05, "movd": 3.592298112846058e-05, "punpcklbw": 2.394865408564039e-05, "punpcklwd": 2.394865408564039e-05, "psllq": 4.789730817128078e-05, "orpd": 3.592298112846058e-05, "por": 1.1974327042820194e-05, "movdqu": 0.00021553788677076348, "setg": 1.1974327042820194e-05, "cqo": 1.1974327042820194e-05, "idiv": 1.1974327042820194e-05, "btc": 1.1974327042820194e-05, "seta": 9.579461634256155e-05, "cmovg": 2.394865408564039e-05, "cmovge": 1.1974327042820194e-05, "cmovle": 1.1974327042820194e-05, "bswap": 1.1974327042820194e-05, "punpcklqdq": 1.1974327042820194e-05, "pshuflw": 1.1974327042820194e-05}