{"xor": 0.033585182728973734, "mov": 0.38541839369034364, "pop": 0.03810899789204424, "and": 0.010143056772696052, "push": 0.03690698941285143, "call": 0.0646716089149949, "hlt": 5.9212240354326045e-06, "nop": 0.02602970085976173, "sub": 0.009698964970038606, "cmp": 0.05877999099973947, "jbe": 0.0018651855711612705, "test": 0.05603254304729874, "jz": 0.056068070391511335, "jmp": 0.034408232869898865, "ret": 0.013228014495156438, "sar": 0.0004618554747637432, "shr": 0.003937613983562682, "add": 0.042384121645626584, "jnz": 0.03566945358944601, "repz ": 1.1842448070865209e-05, "lea": 0.02557376660903342, "ja": 0.004121171928661093, "or": 0.006779801520570333, "jnl": 0.00030790364984249546, "cdqe": 0.0002664550815944672, "jl": 0.0006631770919684518, "jle": 0.0013204329599014709, "jg": 0.0007223893323227777, "movzx": 0.011978636223680159, "setz": 0.0017112337462400228, "xchg": 0.0030612728263186566, "movaps": 0.0017941308827360792, "xorps": 0.000793444020747969, "movups": 0.0036770801260036473, "cmovl": 2.960612017716302e-05, "not": 0.000763837900570806, "js": 0.001107268894625897, "jns": 0.00034935221809052365, "movsxd": 0.0022382226853935247, "imul": 0.0015039909049998816, "jnb": 0.003398782596338315, "cmovge": 1.7763672106297814e-05, "cmovz": 0.002036901068188816, "cmovnz": 0.001107268894625897, "neg": 0.0005743587314369626, "shl": 0.00479619146870041, "cmova": 0.0005269889391535019, "movsx": 0.0011013476705904644, "bt": 0.0009533170697046494, "cmovb": 0.0003848795623031193, "seta": 0.00017171549702754552, "setb": 8.289713649605647e-05, "fld": 1.1842448070865209e-05, "fstp": 1.1842448070865209e-05, "jb": 0.005382392648208238, "cmovs": 9.473958456692167e-05, "sbb": 0.0001302669287795173, "movsd": 5.9212240354326045e-06, "cmovg": 5.921224035432604e-05, "div": 0.0006750195400393169, "bswap": 1.1842448070865209e-05, "cmovbe": 0.00017763672106297813, "setnz": 0.001048056654271571, "cqo": 3.552734421259563e-05, "idiv": 3.552734421259563e-05, "setl": 1.1842448070865209e-05, "cmovae": 0.00019540039316927595, "setg": 8.881836053148906e-05, "pxor": 1.1842448070865209e-05, "movdqu": 0.00016579427299211294, "pcmpeqd": 2.3684896141730418e-05, "mul": 0.00018947916913384334, "adc": 4.1448568248028236e-05, "sets": 1.1842448070865209e-05, "rol": 1.7763672106297814e-05, "setnb": 6.513346438975865e-05, "bsf": 5.9212240354326045e-06, "bts": 1.1842448070865209e-05, "setbe": 2.960612017716302e-05, "setle": 1.1842448070865209e-05, "setnl": 5.9212240354326045e-06, "cwde": 1.1842448070865209e-05, "cmovle": 2.960612017716302e-05, "cmovns": 2.960612017716302e-05, "setns": 5.9212240354326045e-06, "ror": 5.9212240354326045e-06, "cvtsi2sd": 1.1842448070865209e-05, "divsd": 5.9212240354326045e-06}