{"xor": 0.07480459131488894, "mov": 0.38784993623173764, "pop": 0.011213112270023865, "and": 0.010051393431237609, "push": 0.011655070523909941, "call": 0.07411008548735368, "hlt": 1.2627378682459308e-05, "nop": 0.016731276754258582, "sub": 0.009079085272688242, "cmp": 0.06256866137158587, "jbe": 0.003927114770244845, "test": 0.035495561476393114, "jz": 0.036442614877577564, "jmp": 0.07041026353339311, "ret": 0.011112093240564192, "sar": 0.0002904297096965641, "shr": 0.0037503314686904146, "add": 0.03577336380740722, "jnz": 0.021655954440417714, "repz ": 2.5254757364918616e-05, "lea": 0.0380462919702499, "jb": 0.009217986438195295, "imul": 0.0013763842763880646, "jnb": 0.009470534011844481, "shl": 0.009609435177351534, "xorps": 0.000328311845743942, "movups": 0.0026012400085866174, "movsxd": 0.0032578637000745016, "ja": 0.008106777114138876, "div": 0.00039144873915623857, "xchg": 0.001843597287639059, "movzx": 0.01404164509489475, "or": 0.005265616910585531, "cmovz": 0.0019446163170987335, "js": 0.0011617188387862563, "jl": 0.00023992019496672687, "jnl": 0.00012627378682459307, "cdqe": 0.00022729281628426756, "setnz": 0.0002651749523316455, "movaps": 0.0017046961221320067, "movsx": 0.0007576427209475585, "setz": 0.0010733271880090413, "jle": 0.0011238367027388784, "jg": 0.001426893791117902, "bt": 0.0005050951472983723, "cmovnz": 0.00042933087520361646, "mul": 0.0003030570883790234, "xorpd": 5.050951472983723e-05, "movapd": 0.0004545856325685351, "movupd": 3.788213604737793e-05, "jns": 0.0028664149609182628, "neg": 0.0005050951472983723, "not": 0.0005429772833457502, "adc": 1.2627378682459308e-05, "movq": 0.00018941068023688962, "movdqa": 0.000164155922871971, "punpckldq": 0.0001515285441895117, "subpd": 0.00012627378682459307, "pshufd": 0.00017678330155443032, "addpd": 0.00012627378682459307, "mulsd": 7.576427209475585e-05, "divsd": 7.576427209475585e-05, "movsd": 5.050951472983723e-05, "cmova": 0.0005177225259808317, "cmovs": 8.839165077721516e-05, "cmovae": 0.00023992019496672687, "cmovb": 0.0004672130112509944, "cmovl": 6.313689341229654e-05, "setns": 1.2627378682459308e-05, "cmovbe": 0.000328311845743942, "sbb": 0.00011364640814213378, "setbe": 1.2627378682459308e-05, "rol": 1.2627378682459308e-05, "pslldq": 2.5254757364918616e-05, "pxor": 2.5254757364918616e-05, "paddq": 2.5254757364918616e-05, "movd": 3.788213604737793e-05, "punpcklbw": 2.5254757364918616e-05, "punpcklwd": 2.5254757364918616e-05, "psllq": 5.050951472983723e-05, "orpd": 3.788213604737793e-05, "por": 1.2627378682459308e-05, "setg": 1.2627378682459308e-05, "movdqu": 0.00022729281628426756, "cqo": 1.2627378682459308e-05, "idiv": 1.2627378682459308e-05, "btc": 1.2627378682459308e-05, "seta": 0.00010101902945967446, "cmovg": 2.5254757364918616e-05, "cmovge": 1.2627378682459308e-05, "cmovle": 1.2627378682459308e-05, "bswap": 1.2627378682459308e-05, "punpcklqdq": 1.2627378682459308e-05, "pshuflw": 1.2627378682459308e-05}