{"xor": 0.03750758888247227, "mov": 0.3862753518033159, "pop": 0.039383215119521815, "and": 0.008998070079319246, "push": 0.03767047221358447, "call": 0.06919086471305387, "hlt": 4.9358585185514245e-06, "nop": 0.024935957235721794, "sub": 0.008953647352652283, "cmp": 0.05571103509888992, "jbe": 0.0017176787644558955, "test": 0.05763601992112498, "jz": 0.056229300243337825, "jmp": 0.035651706079496935, "ret": 0.01281842457267805, "sar": 0.0004738424177809367, "shr": 0.0034501651044674454, "add": 0.03979782723508014, "jnz": 0.034763251546157684, "repz ": 9.871717037102849e-06, "lea": 0.025686207730541612, "jns": 0.00031589494518729117, "jl": 0.0006317898903745823, "cdqe": 0.00026160050148322546, "setz": 0.0018558828029753354, "ja": 0.004299132769658291, "or": 0.006080977694855354, "cmovz": 0.00197434340742057, "movsxd": 0.0021569701726069724, "jnl": 0.0003010873696316369, "jle": 0.0012438363466749588, "movzx": 0.010730556419330796, "setnz": 0.001140183317785379, "jg": 0.0006712767585229937, "jb": 0.004832205489661844, "shl": 0.0043879782229922165, "neg": 0.0005034575688922453, "cmovnz": 0.0010513378644514534, "js": 0.0010562737229700048, "bt": 0.0008933903918578078, "jnb": 0.0031935004615027715, "xorps": 0.000873646957783602, "movups": 0.003864777220025765, "xchg": 0.0029861944037236116, "not": 0.000686084334078648, "cmovb": 0.00036031767185425395, "cmovge": 2.467929259275712e-05, "div": 0.000592303022226171, "imul": 0.001303066648897576, "mul": 0.000162883331112197, "rol": 2.9615151111308545e-05, "sbb": 0.00015301161407509415, "setb": 7.403787777827137e-05, "movsx": 0.0010612095814885561, "pxor": 1.9743434074205698e-05, "movdqu": 0.00022211363333481408, "pcmpeqd": 2.9615151111308545e-05, "movsd": 3.455100962985997e-05, "adc": 4.935858518551424e-05, "movaps": 0.0015745388674179043, "ud2": 4.9358585185514245e-06, "cmovg": 5.923030222261709e-05, "cmovle": 3.455100962985997e-05, "cmovbe": 0.00015301161407509415, "cmovl": 2.467929259275712e-05, "cmovs": 7.897373629682279e-05, "cmovae": 0.000162883331112197, "cmova": 0.00043929140815107676, "seta": 0.0001431398970379913, "fld": 9.871717037102849e-06, "fstp": 9.871717037102849e-06, "setns": 4.9358585185514245e-06, "bswap": 9.871717037102849e-06, "ror": 4.9358585185514245e-06, "cmovns": 2.467929259275712e-05, "cqo": 2.9615151111308545e-05, "idiv": 2.9615151111308545e-05, "setl": 9.871717037102849e-06, "setg": 7.403787777827137e-05, "sets": 9.871717037102849e-06, "setnb": 5.429444370406567e-05, "bsf": 4.9358585185514245e-06, "bts": 9.871717037102849e-06, "setbe": 2.467929259275712e-05, "setle": 9.871717037102849e-06, "setnl": 4.9358585185514245e-06, "cwde": 9.871717037102849e-06, "cvtsi2sd": 9.871717037102849e-06, "divsd": 4.9358585185514245e-06}