{"xor": 0.03064241727170345, "mov": 0.3965686626889991, "pop": 0.022605611865909474, "and": 0.010040016294059857, "push": 0.02344427671147533, "call": 0.05809790813025663, "hlt": 4.792370546090624e-06, "nop": 0.01988833776627609, "sub": 0.013591162868713008, "cmp": 0.06127524980231471, "jbe": 0.001706083914408262, "test": 0.05595092612560803, "jz": 0.05457551577888002, "jmp": 0.03635971533318956, "ret": 0.008079936740708792, "sar": 0.0007955335106510435, "shr": 0.004423358014041646, "add": 0.05263460570771332, "jnz": 0.03573191479165169, "repz ": 9.584741092181248e-06, "lea": 0.03406416984161215, "ja": 0.004485658831140824, "cmovae": 0.00020607193348189682, "shl": 0.004581506242062636, "movsxd": 0.00699206862674622, "bt": 0.001083075743416481, "jb": 0.00530515419452232, "movsx": 0.0014856348692880933, "jle": 0.0015431433158411808, "cdqe": 0.00022524141566625933, "movzx": 0.01305920973809695, "cmovz": 0.001873816883521434, "neg": 0.0006901013586370498, "jnb": 0.0037620108786811397, "setz": 0.0013658256056358277, "xchg": 0.0022092828217477774, "jl": 0.0015095967220185465, "movups": 0.003833896436872499, "jg": 0.002242829415570412, "cmovl": 2.875422327654374e-05, "jnl": 0.0017540076198691683, "xorps": 0.000968058850310306, "setg": 8.147029928354061e-05, "ud2": 4.792370546090624e-06, "cmova": 0.00047444468406297177, "jns": 0.000369012532048978, "not": 0.0007476098051901373, "cmovbe": 0.00021565667457407807, "or": 0.005966501329882827, "js": 0.0011885078954304747, "cmovnz": 0.001083075743416481, "movaps": 0.0019073634773440682, "imul": 0.001643783097309084, "cmovge": 1.437711163827187e-05, "setnz": 0.0008338724750197686, "adc": 7.188555819135935e-05, "cmovs": 8.147029928354061e-05, "cmovb": 0.0005031989073395155, "seta": 0.0001437711163827187, "sbb": 0.0001821100807514437, "fld": 9.584741092181248e-06, "fstp": 9.584741092181248e-06, "movsd": 9.584741092181248e-06, "cmovg": 0.00037380490259506866, "cmovns": 2.396185273045312e-05, "div": 0.000560707353892603, "bswap": 9.584741092181248e-06, "setb": 7.667792873744998e-05, "movq": 0.0005319531306160592, "pshufd": 0.00019648719238971559, "paddq": 5.750844655308748e-05, "movdqu": 0.0008147029928354061, "punpcklqdq": 0.00011501689310617496, "cqo": 2.875422327654374e-05, "idiv": 2.875422327654374e-05, "setl": 9.584741092181248e-06, "pxor": 0.00022524141566625933, "pcmpeqd": 7.667792873744998e-05, "movdqa": 0.0005559149833465123, "mul": 0.00016294059856708122, "pslldq": 9.584741092181248e-06, "sets": 9.584741092181248e-06, "setnb": 4.792370546090624e-05, "rol": 1.437711163827187e-05, "bsf": 4.792370546090624e-06, "movd": 3.833896436872499e-05, "psllq": 4.792370546090624e-06, "psrad": 4.313133491481561e-05, "pandn": 4.313133491481561e-05, "pand": 4.313133491481561e-05, "por": 8.147029928354061e-05, "bts": 9.584741092181248e-06, "pextrw": 2.875422327654374e-05, "setbe": 2.396185273045312e-05, "setle": 9.584741092181248e-06, "setnl": 4.792370546090624e-06, "psubq": 1.437711163827187e-05, "cwde": 9.584741092181248e-06, "cmovle": 0.00019648719238971559, "setns": 4.792370546090624e-06, "ror": 4.792370546090624e-06, "pshuflw": 4.313133491481561e-05, "pshufhw": 3.833896436872499e-05, "punpckhwd": 1.9169482184362495e-05, "punpcklwd": 1.9169482184362495e-05, "pcmpgtd": 3.833896436872499e-05, "psubd": 3.833896436872499e-05, "pslld": 3.833896436872499e-05, "packssdw": 1.9169482184362495e-05, "cvtsi2sd": 9.584741092181248e-06, "divsd": 4.792370546090624e-06}