{"xor": 0.029938284127434937, "mov": 0.39591926896669866, "pop": 0.02248639681187253, "and": 0.009705936715309053, "push": 0.022125748907913065, "call": 0.05695532023279822, "hlt": 4.50809879949329e-06, "nop": 0.019326219553427733, "sub": 0.01305996222213206, "cmp": 0.063149447983302, "jbe": 0.0019429905825816079, "test": 0.05740162201394806, "jz": 0.05458406026426475, "jmp": 0.03523530021683955, "ret": 0.008281377494669173, "sar": 0.0008069496851092989, "shr": 0.004305234353516092, "add": 0.05359678662717572, "jnz": 0.03841801796928181, "repz ": 9.01619759898658e-06, "lea": 0.03439228574133431, "ja": 0.004458509712698864, "cmovae": 0.00018934014957871817, "shl": 0.004485558305495823, "movsxd": 0.006870342570427773, "bt": 0.0010323546250839634, "jb": 0.0057568421669529305, "movsx": 0.001478656406233799, "jle": 0.001510213097830252, "cdqe": 0.00021638874237567792, "movzx": 0.012577595650586278, "cmovz": 0.0017806990257998494, "xchg": 0.0023126546841400575, "jnb": 0.0038048353867723367, "neg": 0.0007212958079189264, "setz": 0.0012397271698606548, "xorps": 0.0009917817358885237, "movups": 0.0037687705963763904, "jl": 0.0015372616906272117, "jnl": 0.0018077476185968091, "jg": 0.0022360170045486716, "cmovl": 3.1556691596453026e-05, "setg": 7.663767959138592e-05, "ud2": 4.50809879949329e-06, "cmova": 0.00048687467034527526, "jns": 0.00037868029915743634, "not": 0.0007077715115204465, "cmovbe": 0.00020286444597719804, "or": 0.0057027449813590115, "js": 0.0012216947746626816, "cmovnz": 0.0010188303286854834, "movaps": 0.0017942233221983294, "imul": 0.0016093912714191044, "cmovge": 1.803239519797316e-05, "setnz": 0.0007753929935128459, "adc": 6.762148199239934e-05, "cmovs": 7.663767959138592e-05, "cmovb": 0.0005049070655432484, "seta": 0.0001262267663858121, "sbb": 0.00018483205077922488, "fld": 9.01619759898658e-06, "fstp": 9.01619759898658e-06, "movsd": 9.01619759898658e-06, "cmovg": 0.0003516317063604766, "cmovns": 2.254049399746645e-05, "div": 0.0005499880535381813, "bswap": 9.01619759898658e-06, "setb": 7.212958079189263e-05, "movq": 0.0005274475595407149, "pshufd": 0.00018483205077922488, "paddq": 5.409718559391948e-05, "movdqu": 0.0007663767959138593, "punpcklqdq": 0.00010819437118783896, "cqo": 2.704859279695974e-05, "idiv": 2.704859279695974e-05, "setl": 9.01619759898658e-06, "pxor": 0.00021188064357618462, "pcmpeqd": 7.212958079189263e-05, "movdqa": 0.0005229394607412216, "mul": 0.00015327535918277185, "pslldq": 9.01619759898658e-06, "sets": 9.01619759898658e-06, "setnb": 4.50809879949329e-05, "rol": 1.352429639847987e-05, "bsf": 4.50809879949329e-06, "movd": 3.606479039594632e-05, "psllq": 4.50809879949329e-06, "psrad": 4.057288919543961e-05, "pandn": 4.057288919543961e-05, "pand": 4.057288919543961e-05, "por": 7.663767959138592e-05, "bts": 9.01619759898658e-06, "pextrw": 5.409718559391948e-05, "setbe": 2.254049399746645e-05, "setle": 1.352429639847987e-05, "setnl": 4.50809879949329e-06, "psubq": 1.352429639847987e-05, "cwde": 9.01619759898658e-06, "cmovle": 0.00018483205077922488, "setns": 4.50809879949329e-06, "ror": 4.50809879949329e-06, "pshuflw": 4.057288919543961e-05, "pshufhw": 3.606479039594632e-05, "punpckhwd": 1.803239519797316e-05, "punpcklwd": 1.803239519797316e-05, "pcmpgtd": 3.606479039594632e-05, "psubd": 3.606479039594632e-05, "pslld": 3.606479039594632e-05, "packssdw": 1.803239519797316e-05, "cvtsi2sd": 9.01619759898658e-06, "divsd": 4.50809879949329e-06}