{"xor": 0.030095202611943955, "mov": 0.3967233045405077, "pop": 0.022462325845891383, "and": 0.010196778210269332, "push": 0.023251595697743963, "call": 0.05742550959379565, "hlt": 4.902297216475641e-06, "nop": 0.019569970488170756, "sub": 0.013736236800564745, "cmp": 0.06154834155285167, "jbe": 0.0016863902424676203, "test": 0.05607737785926485, "jz": 0.05468512544978577, "jmp": 0.036183855754806704, "ret": 0.007990744462855293, "sar": 0.0007696606629866756, "shr": 0.004490504250291687, "add": 0.05303795358504995, "jnz": 0.035865206435735784, "repz ": 9.804594432951282e-06, "lea": 0.034370005784710715, "ja": 0.004505211141941114, "cmovnz": 0.0010981145764905435, "movsxd": 0.0070249919112095926, "shl": 0.004652280058435383, "jle": 0.0015099075426744974, "or": 0.006064141656780367, "jns": 0.00036767229123567304, "js": 0.0011961605208200563, "jg": 0.0022893728000941242, "movzx": 0.013025403704175776, "xchg": 0.0021619130724657575, "jnb": 0.0038139872344180484, "jb": 0.005358210857607875, "movaps": 0.001951114292157305, "xorps": 0.0009853617405116038, "movups": 0.0037061366956555844, "cmovl": 2.4511486082378202e-05, "not": 0.0007451491769042974, "imul": 0.0016814879452511447, "jl": 0.0014853960565921192, "neg": 0.0006863216103065897, "cmovge": 1.4706891649426922e-05, "cdqe": 0.00022060337474140383, "cmovz": 0.0019020913199925486, "cmova": 0.00046571823556518585, "movsx": 0.001431470787210887, "bt": 0.0010687007931916895, "setz": 0.0013677409233967036, "cmovb": 0.0005147412077299423, "seta": 0.0001470689164942692, "cmovs": 8.333905268008589e-05, "sbb": 0.00018628729422607435, "fld": 9.804594432951282e-06, "fstp": 9.804594432951282e-06, "movsd": 9.804594432951282e-06, "cmovg": 0.00038237918288509993, "jnl": 0.0017746315923641818, "div": 0.00057356877432765, "bswap": 9.804594432951282e-06, "setb": 7.843675546361025e-05, "movq": 0.0005441549910287961, "pshufd": 0.00020099418587550126, "paddq": 5.882756659770769e-05, "movdqu": 0.0008333905268008588, "cmovbe": 0.00021079878030845253, "setnz": 0.0008529997156667614, "punpcklqdq": 0.00011765513319541537, "cqo": 2.9413783298853844e-05, "idiv": 2.9413783298853844e-05, "setl": 9.804594432951282e-06, "cmovae": 0.00019609188865902562, "setg": 7.35344582471346e-05, "pxor": 0.0002304079691743551, "pcmpeqd": 7.843675546361025e-05, "movdqa": 0.0005686664771111743, "mul": 0.00016667810536017178, "adc": 7.35344582471346e-05, "pslldq": 9.804594432951282e-06, "sets": 9.804594432951282e-06, "setnb": 4.9022972164756404e-05, "rol": 1.4706891649426922e-05, "bsf": 4.902297216475641e-06, "movd": 3.921837773180513e-05, "psllq": 4.902297216475641e-06, "psrad": 4.412067494828076e-05, "pandn": 4.412067494828076e-05, "pand": 4.412067494828076e-05, "por": 8.333905268008589e-05, "bts": 9.804594432951282e-06, "pextrw": 2.9413783298853844e-05, "setbe": 2.4511486082378202e-05, "setle": 9.804594432951282e-06, "setnl": 4.902297216475641e-06, "psubq": 1.4706891649426922e-05, "cwde": 9.804594432951282e-06, "cmovle": 0.00020099418587550126, "cmovns": 2.4511486082378202e-05, "setns": 4.902297216475641e-06, "ror": 4.902297216475641e-06, "pshuflw": 4.412067494828076e-05, "pshufhw": 3.921837773180513e-05, "punpckhwd": 1.9609188865902564e-05, "punpcklwd": 1.9609188865902564e-05, "pcmpgtd": 3.921837773180513e-05, "psubd": 3.921837773180513e-05, "pslld": 3.921837773180513e-05, "packssdw": 1.9609188865902564e-05, "cvtsi2sd": 9.804594432951282e-06, "divsd": 4.902297216475641e-06}