{"xor": 0.03801798951986687, "mov": 0.40217854736002423, "pop": 0.021874871061354165, "and": 0.009362664869548475, "push": 0.021878309425243093, "call": 0.06142980923957144, "hlt": 3.438363888927093e-06, "nop": 0.01862905555020699, "sub": 0.01201708179180019, "cmp": 0.06140230232846003, "jbe": 0.00228307362224759, "test": 0.051874595992243054, "jz": 0.051052827022789474, "jmp": 0.03800423606431116, "ret": 0.008664677000096275, "sar": 0.0006360973194515122, "shr": 0.003582775172262031, "add": 0.04823680699775819, "jnz": 0.032172770908690806, "repz ": 6.876727777854186e-06, "imul": 0.001440674469460452, "lea": 0.0372993714670811, "xorps": 0.001114029900012378, "movups": 0.003909419741710105, "jle": 0.0013031399139033682, "cmovnz": 0.0009833720722331487, "xchg": 0.002148977430579433, "ja": 0.005903670797287819, "movsxd": 0.0061134109945123714, "jg": 0.0018085794055756508, "jns": 0.0009868104361220756, "jnl": 0.0013512770083483475, "jl": 0.0011690437222352116, "or": 0.006096219175067735, "js": 0.001107153172234524, "setnz": 0.000811453877786794, "cmovns": 4.126036666712512e-05, "movq": 0.0004744942166719388, "punpcklqdq": 0.00011690437222352116, "movdqa": 0.0005776451333397516, "shl": 0.005546080952839401, "movzx": 0.01193456105846594, "jnb": 0.004913421997276816, "pslldq": 2.406854722248965e-05, "pshufd": 0.00015816473889064629, "pmuludq": 1.3753455555708372e-05, "paddq": 0.00010658928055673989, "psrlq": 6.876727777854186e-06, "psllq": 1.031509166678128e-05, "movdqu": 0.0007426866000082521, "pxor": 0.00018567165000206302, "setz": 0.001365030463904056, "bt": 0.0008527142444539191, "jb": 0.006096219175067735, "div": 0.0005191929472279911, "cmovz": 0.0019082919583545367, "neg": 0.0005845218611176058, "cmovb": 0.0004848093083387201, "cmova": 0.0004401105777826679, "cmovg": 0.00029569929444773, "cmovl": 3.0945275000343836e-05, "setbe": 2.063018333356256e-05, "sbb": 0.0001959867416688443, "cmovae": 0.0001925483777799172, "movsx": 0.0013168933694590766, "cmovbe": 0.0002028634694466985, "cmovle": 0.000147849647223865, "cdqe": 0.0002510005638916778, "seta": 0.00012721946389030245, "movaps": 0.001547263750017192, "mul": 0.0001375345555570837, "setg": 5.845218611176058e-05, "cqo": 2.406854722248965e-05, "idiv": 2.406854722248965e-05, "btc": 3.438363888927093e-06, "cmovs": 7.564400555639605e-05, "not": 0.0006257822277847309, "cmovge": 1.7191819444635464e-05, "movsd": 3.438363888927093e-05, "pcmpeqd": 6.189055000068767e-05, "adc": 6.189055000068767e-05, "ud2": 3.438363888927093e-06, "rol": 1.7191819444635464e-05, "bswap": 1.031509166678128e-05, "setle": 1.031509166678128e-05, "fld": 6.876727777854186e-06, "fstp": 6.876727777854186e-06, "setns": 3.438363888927093e-06, "setb": 5.501382222283349e-05, "ror": 3.438363888927093e-06, "setl": 6.876727777854186e-06, "sets": 6.876727777854186e-06, "setnb": 3.438363888927093e-05, "bsf": 3.438363888927093e-06, "movd": 2.7506911111416745e-05, "psrad": 3.0945275000343836e-05, "pandn": 3.0945275000343836e-05, "pand": 3.0945275000343836e-05, "por": 5.845218611176058e-05, "bts": 6.876727777854186e-06, "pextrw": 2.063018333356256e-05, "setnl": 3.438363888927093e-06, "psubq": 1.031509166678128e-05, "cwde": 6.876727777854186e-06, "pshuflw": 3.0945275000343836e-05, "pshufhw": 2.7506911111416745e-05, "punpckhwd": 1.3753455555708372e-05, "punpcklwd": 1.3753455555708372e-05, "pcmpgtd": 2.7506911111416745e-05, "psubd": 2.7506911111416745e-05, "pslld": 2.7506911111416745e-05, "packssdw": 1.3753455555708372e-05, "cvtsi2sd": 6.876727777854186e-06, "divsd": 3.438363888927093e-06}