{"xor": 0.07118374342024728, "mov": 0.3854663973558575, "pop": 0.02186620149345085, "and": 0.005370914432611091, "push": 0.02094809646223528, "call": 0.08887256702166728, "hlt": 1.5301750520259518e-05, "nop": 0.02191210674501163, "sub": 0.009915534337128168, "cmp": 0.05937079201860693, "jbe": 0.004605826906598115, "test": 0.034413636920063655, "jz": 0.036647692496021546, "jmp": 0.051582201003794834, "ret": 0.03168992532745746, "sar": 0.00022952625780389276, "shr": 0.003947851634226955, "add": 0.03550006120700208, "jnz": 0.022738401273105644, "repz ": 3.0603501040519036e-05, "lea": 0.0260435793854817, "xchg": 0.0021422450728363325, "jb": 0.007803892765332354, "imul": 0.0016066838046272494, "jnb": 0.0071612192434814545, "shl": 0.005279103929489533, "ja": 0.0067174684783939285, "div": 0.0005049577671685641, "xorps": 0.0003672420124862284, "movups": 0.0029991431019708655, "movzx": 0.0120577794099645, "or": 0.003045048353531644, "cmovz": 0.002310564328559187, "js": 0.0009946137838168687, "jnl": 0.00010711225364181663, "cdqe": 0.00013771575468233567, "jl": 0.00038254376300648796, "setnz": 0.0002601297588444118, "movsxd": 0.0006120700208103807, "movaps": 0.0019739258171134776, "movsx": 0.000887501530175052, "setz": 0.001621985555147509, "jle": 0.0012241400416207614, "cmovnz": 0.0005049577671685641, "mul": 0.0002601297588444118, "jg": 0.0016525890561880279, "bt": 0.000443750765087526, "not": 0.0006273717713306402, "jns": 0.0005202595176888236, "cmova": 0.00030603501040519035, "neg": 0.0005202595176888236, "adc": 1.5301750520259518e-05, "movq": 0.00015301750520259517, "movdqa": 9.18105031215571e-05, "punpckldq": 0.00015301750520259517, "movapd": 0.0001836210062431142, "subpd": 0.00015301750520259517, "pshufd": 0.00015301750520259517, "addpd": 0.00015301750520259517, "mulsd": 9.18105031215571e-05, "divsd": 9.18105031215571e-05, "movsd": 3.0603501040519036e-05, "cmovs": 9.18105031215571e-05, "cmovae": 0.00012241400416207614, "cmovb": 0.00032133676092544985, "cmovl": 7.650875260129759e-05, "setns": 1.5301750520259518e-05, "sbb": 7.650875260129759e-05, "cmovbe": 0.0003366385114457094, "setbe": 1.5301750520259518e-05, "rol": 1.5301750520259518e-05, "setg": 1.5301750520259518e-05, "cqo": 1.5301750520259518e-05, "idiv": 1.5301750520259518e-05, "btc": 1.5301750520259518e-05, "cmovg": 3.0603501040519036e-05, "cmovge": 1.5301750520259518e-05, "cmovle": 1.5301750520259518e-05, "seta": 0.00013771575468233567, "bswap": 1.5301750520259518e-05}