{"xor": 0.03002071409638436, "mov": 0.3967043970823557, "pop": 0.022500809911351522, "and": 0.010214700136457791, "push": 0.023261635726416853, "call": 0.05726318682936886, "hlt": 4.908553645582793e-06, "nop": 0.01953113495577393, "sub": 0.013739041653986237, "cmp": 0.06168579366403895, "jbe": 0.0016934510077260634, "test": 0.05597223722058058, "jz": 0.054725464594602556, "jmp": 0.03620549168981868, "ret": 0.007991125335008786, "sar": 0.0007706429223564985, "shr": 0.004496235139353838, "add": 0.0530860076769779, "jnz": 0.03584225872004555, "repz ": 9.817107291165585e-06, "lea": 0.03440405250188979, "ja": 0.004515869353936169, "or": 0.006071880859585915, "jnl": 0.0017818049733465536, "cdqe": 0.00022579346769680846, "jl": 0.0014922003082571689, "jle": 0.0015118345228395, "jg": 0.0022873859988415813, "movzx": 0.01304202703631348, "setz": 0.001374395020763182, "xchg": 0.002159763604056429, "movaps": 0.0019536043509419516, "xorps": 0.0009866192827621414, "movups": 0.0037108665560605914, "cmovl": 2.454276822791396e-05, "not": 0.0007461001541285844, "movsxd": 0.007029048820474559, "imul": 0.0016836339004348978, "js": 0.001187869982231036, "neg": 0.000687197510381591, "jns": 0.00035832441612754386, "jnb": 0.003809037628972247, "cmovge": 1.4725660936748377e-05, "cmovz": 0.0019045188144861235, "shl": 0.0046484003023669045, "cmova": 0.00046631259633036527, "movsx": 0.0014332976645101754, "bt": 0.0010700646947370488, "jb": 0.0053601405809764096, "cmovb": 0.0005153981327861932, "seta": 0.0001472566093674838, "cmovnz": 0.00108969890931938, "cmovs": 8.344541197490747e-05, "sbb": 0.0001865250385321461, "fld": 9.817107291165585e-06, "fstp": 9.817107291165585e-06, "movsd": 9.817107291165585e-06, "cmovg": 0.0003828671843554578, "div": 0.0005743007765331867, "bswap": 9.817107291165585e-06, "setb": 7.853685832932468e-05, "movq": 0.00054484945465969, "pshufd": 0.0002012506994688945, "paddq": 5.890264374699351e-05, "movdqu": 0.0008344541197490747, "cmovbe": 0.00021106780676006007, "setnz": 0.0008540883343314059, "punpcklqdq": 0.00011780528749398702, "cqo": 2.9451321873496755e-05, "idiv": 2.9451321873496755e-05, "setl": 9.817107291165585e-06, "cmovae": 0.0001963421458233117, "setg": 7.36283046837419e-05, "pxor": 0.00023070202134239126, "pcmpeqd": 7.853685832932468e-05, "movdqa": 0.0005693922228876039, "mul": 0.00016689082394981495, "adc": 7.36283046837419e-05, "pslldq": 9.817107291165585e-06, "sets": 9.817107291165585e-06, "setnb": 4.908553645582792e-05, "rol": 1.4725660936748377e-05, "bsf": 4.908553645582793e-06, "movd": 3.926842916466234e-05, "psllq": 4.908553645582793e-06, "psrad": 4.417698281024513e-05, "pandn": 4.417698281024513e-05, "pand": 4.417698281024513e-05, "por": 8.344541197490747e-05, "bts": 9.817107291165585e-06, "pextrw": 2.9451321873496755e-05, "setbe": 2.454276822791396e-05, "setle": 9.817107291165585e-06, "setnl": 4.908553645582793e-06, "psubq": 1.4725660936748377e-05, "cwde": 9.817107291165585e-06, "cmovle": 0.0002012506994688945, "cmovns": 2.454276822791396e-05, "setns": 4.908553645582793e-06, "ror": 4.908553645582793e-06, "pshuflw": 4.417698281024513e-05, "pshufhw": 3.926842916466234e-05, "punpckhwd": 1.963421458233117e-05, "punpcklwd": 1.963421458233117e-05, "pcmpgtd": 3.926842916466234e-05, "psubd": 3.926842916466234e-05, "pslld": 3.926842916466234e-05, "packssdw": 1.963421458233117e-05, "cvtsi2sd": 9.817107291165585e-06, "divsd": 4.908553645582793e-06}