{"xor": 0.0684887459807074, "mov": 0.3495176848874598, "pop": 0.04662379421221865, "and": 0.002572347266881029, "push": 0.04372990353697749, "call": 0.1045016077170418, "hlt": 0.0003215434083601286, "nop": 0.028617363344051447, "sub": 0.006752411575562701, "cmp": 0.04019292604501608, "jbe": 0.001607717041800643, "test": 0.04051446945337621, "jz": 0.047909967845659165, "jmp": 0.03697749196141479, "ret": 0.02315112540192926, "sar": 0.0009646302250803858, "shr": 0.004180064308681672, "add": 0.026045016077170417, "jnz": 0.01929260450160772, "repz ": 0.0006430868167202572, "lea": 0.019935691318327974, "ja": 0.002572347266881029, "js": 0.0019292604501607716, "jns": 0.0012861736334405145, "jnl": 0.0003215434083601286, "cdqe": 0.0006430868167202572, "or": 0.015112540192926046, "jl": 0.0012861736334405145, "xchg": 0.003215434083601286, "jg": 0.0003215434083601286, "jnb": 0.001607717041800643, "xorps": 0.0006430868167202572, "movaps": 0.005787781350482315, "movups": 0.003536977491961415, "movzx": 0.024758842443729903, "setz": 0.0009646302250803858, "cmovz": 0.0012861736334405145, "movsxd": 0.0022508038585209, "shl": 0.01414790996784566, "bswap": 0.0003215434083601286, "jb": 0.0019292604501607716, "imul": 0.0009646302250803858, "cmovnz": 0.001607717041800643, "cmova": 0.0003215434083601286, "movsx": 0.0003215434083601286, "bt": 0.0003215434083601286}