{"xor": 0.007966817852763455, "mov": 0.5769682509196744, "pop": 0.00789664189578501, "and": 0.021326103978607413, "push": 0.007948350495663864, "call": 0.046212714406015924, "hlt": 3.693471419918153e-06, "nop": 0.008513451622911342, "sub": 0.01751444147325188, "cmp": 0.071073470533485, "jbe": 0.002053570109474493, "test": 0.001133895725914873, "jz": 0.033503479250077565, "jmp": 0.05890717567627462, "ret": 0.007671340139170003, "sar": 0.00048753822742919617, "shr": 0.006123775614224297, "add": 0.041001226232511415, "jnz": 0.02961056037348383, "repz ": 7.386942839836306e-06, "lea": 0.006112695199964543, "ja": 0.001285328054131517, "movsxd": 0.004561437203598919, "shl": 0.005374000915980912, "jnl": 0.0008531918980010933, "or": 0.0038781449909140605, "jle": 0.0006574379127454312, "jg": 0.000313945070693043, "xchg": 0.0009233678549795381, "setz": 0.0007239203983039579, "movzx": 0.012369435785305893, "movsx": 0.004690708703296054, "jb": 0.0019760072096562118, "jnb": 0.0031616115354499387, "movaps": 0.0009824633976982286, "imul": 0.0025743495796829523, "cmovnz": 0.00045060351323001463, "setnz": 0.0007350008125637124, "cdq": 0.00012188455685729904, "idiv": 0.0002807038279137796, "cmova": 7.386942839836306e-06, "setbe": 1.1080414259754457e-05, "movsd": 2.9547771359345223e-05, "fld": 1.1080414259754457e-05, "fstp": 1.1080414259754457e-05, "jl": 0.0005761815415072318, "div": 0.0005909554271869044, "cqo": 0.00015881927105648058, "cdqe": 1.1080414259754457e-05, "cmovz": 0.00011449761401746273, "setb": 0.0001403519139568898, "setg": 5.170859987885414e-05, "cmovl": 3.693471419918153e-06, "seta": 5.170859987885414e-05, "setnb": 2.585429993942707e-05, "cmovg": 1.8467357099590764e-05, "setle": 2.585429993942707e-05, "setnl": 7.386942839836306e-06, "setl": 1.1080414259754457e-05, "cmovge": 3.693471419918153e-06, "cmovae": 6.278901413860859e-05, "neg": 7.386942839836306e-06, "not": 1.8467357099590764e-05, "xorps": 2.2160828519508915e-05, "movups": 5.170859987885414e-05, "cmovb": 1.4773885679672611e-05, "cvtsi2sd": 7.386942839836306e-06, "divsd": 3.693471419918153e-06}