{"xor": 0.007977879013858841, "mov": 0.5768180039427926, "pop": 0.007892968686547989, "and": 0.02134571793527618, "push": 0.007944653233606769, "call": 0.04618014279702002, "hlt": 3.6917533613414357e-06, "nop": 0.008509491497892008, "sub": 0.017546903726455843, "cmp": 0.07104040993229324, "jbe": 0.0020526148689058383, "test": 0.0011333682819318206, "jz": 0.03350635350753487, "jmp": 0.05896099293398407, "ret": 0.0076677717315061615, "sar": 0.0004983867037810938, "shr": 0.006109851813020076, "add": 0.041000612831057985, "jnz": 0.029615245464680997, "repz ": 7.383506722682871e-06, "lea": 0.006139385839910807, "ja": 0.0012847301697468195, "movsx": 0.004721752549155696, "movsxd": 0.0045888494281474046, "jnl": 0.0008601785331925545, "jl": 0.0005906805378146296, "setnz": 0.0007383506722682871, "movzx": 0.012374757267216492, "or": 0.003891108042853873, "shl": 0.00537519289411313, "jg": 0.00032118254243670486, "xchg": 0.0009229383403353588, "movaps": 0.0009820063941168218, "jnb": 0.0031564491239469273, "jle": 0.0006534403449574341, "imul": 0.0025731520928549806, "cmovnz": 0.00045039391008365513, "jb": 0.0019677045415949852, "cdq": 0.00012182786092426737, "idiv": 0.0002805732554619491, "cmova": 7.383506722682871e-06, "setz": 0.0007198919054615799, "setbe": 1.1075260084024306e-05, "movsd": 2.9534026890731485e-05, "fld": 1.1075260084024306e-05, "fstp": 1.1075260084024306e-05, "div": 0.0005906805378146296, "cqo": 0.00015874539453768173, "cdqe": 1.1075260084024306e-05, "cmovz": 0.0001144443542015845, "setb": 0.00014028662773097456, "setg": 5.16845470587801e-05, "cmovl": 3.6917533613414357e-06, "seta": 5.16845470587801e-05, "setnb": 2.584227352939005e-05, "cmovg": 1.8458766806707176e-05, "setle": 2.584227352939005e-05, "setnl": 7.383506722682871e-06, "setl": 1.1075260084024306e-05, "cmovge": 3.6917533613414357e-06, "cmovae": 6.27598071428044e-05, "neg": 7.383506722682871e-06, "not": 1.8458766806707176e-05, "xorps": 2.215052016804861e-05, "movups": 5.16845470587801e-05, "cmovb": 1.4767013445365743e-05, "cvtsi2sd": 7.383506722682871e-06, "divsd": 3.6917533613414357e-06}