{"xor": 0.029361556845339705, "mov": 0.39609035460862024, "pop": 0.022385649562160315, "and": 0.009868694231958144, "push": 0.021924280032849512, "call": 0.05618558127946998, "hlt": 4.613695293108062e-06, "nop": 0.018999197217019, "sub": 0.013199782233582166, "cmp": 0.06355365266256355, "jbe": 0.0019239109372260618, "test": 0.057435892703902265, "jz": 0.05477379051977891, "jmp": 0.035114834875845456, "ret": 0.00821237762173235, "sar": 0.0007612597233628303, "shr": 0.004373783137866443, "add": 0.05398484862465743, "jnz": 0.03854281047862475, "repz ": 9.227390586216124e-06, "lea": 0.03471344338534506, "ja": 0.004466057043728604, "or": 0.005790187592850618, "jnl": 0.0018270233360707926, "cdqe": 0.00021684367877607892, "movzx": 0.012567705978426361, "setz": 0.0012456977291391768, "jl": 0.0015086783608463362, "jle": 0.0014809961890876878, "jg": 0.002279165474795383, "xchg": 0.002279165474795383, "movaps": 0.0018362507266570086, "xorps": 0.0009965581833113414, "movups": 0.003598682328624288, "cmovl": 2.768217175864837e-05, "not": 0.0007058953798455335, "movsxd": 0.00690208815848966, "imul": 0.001647089219639578, "js": 0.0012226292526736364, "neg": 0.0007197364657248577, "jns": 0.000369095623448645, "jnb": 0.003852435569745232, "cmovge": 1.845478117243225e-05, "cmovz": 0.0018085685548983603, "shl": 0.004544489863711441, "cmova": 0.0004844380057763465, "movsx": 0.0014302455408634993, "bt": 0.0010103992691906656, "jb": 0.005799414983436834, "cmovb": 0.000516733872828103, "seta": 0.00012918346820702575, "cmovnz": 0.0010242403550699897, "cmovs": 7.843281998283705e-05, "sbb": 0.00018916150701743054, "fld": 9.227390586216124e-06, "fstp": 9.227390586216124e-06, "movsd": 9.227390586216124e-06, "cmovg": 0.00035986823286242883, "div": 0.0005628708257591835, "bswap": 9.227390586216124e-06, "setb": 7.3819124689729e-05, "movq": 0.0005398023492936432, "pshufd": 0.00018916150701743054, "paddq": 5.536434351729674e-05, "movdqu": 0.0007843281998283706, "cmovbe": 0.00019838889760364666, "setnz": 0.0007935555904145866, "punpcklqdq": 0.00011072868703459348, "cqo": 2.768217175864837e-05, "idiv": 2.768217175864837e-05, "setl": 9.227390586216124e-06, "cmovae": 0.00017993411643121442, "setg": 6.920542939662093e-05, "pxor": 0.00021684367877607892, "pcmpeqd": 7.3819124689729e-05, "movdqa": 0.0005351886540005352, "mul": 0.0001568656399656741, "adc": 6.920542939662093e-05, "pslldq": 9.227390586216124e-06, "sets": 9.227390586216124e-06, "setnb": 4.613695293108062e-05, "rol": 1.3841085879324185e-05, "bsf": 4.613695293108062e-06, "movd": 3.69095623448645e-05, "psllq": 4.613695293108062e-06, "psrad": 4.1523257637972556e-05, "pandn": 4.1523257637972556e-05, "pand": 4.1523257637972556e-05, "por": 7.843281998283705e-05, "bts": 9.227390586216124e-06, "pextrw": 5.536434351729674e-05, "setbe": 2.306847646554031e-05, "setle": 1.3841085879324185e-05, "setnl": 4.613695293108062e-06, "psubq": 1.3841085879324185e-05, "cwde": 9.227390586216124e-06, "cmovle": 0.00018916150701743054, "cmovns": 2.306847646554031e-05, "setns": 4.613695293108062e-06, "ror": 4.613695293108062e-06, "pshuflw": 4.1523257637972556e-05, "pshufhw": 3.69095623448645e-05, "punpckhwd": 1.845478117243225e-05, "punpcklwd": 1.845478117243225e-05, "pcmpgtd": 3.69095623448645e-05, "psubd": 3.69095623448645e-05, "pslld": 3.69095623448645e-05, "packssdw": 1.845478117243225e-05, "cvtsi2sd": 9.227390586216124e-06, "divsd": 4.613695293108062e-06}