{"xor": 0.030288898280795333, "mov": 0.3964809498132144, "pop": 0.02257943852592409, "and": 0.010138401076506794, "push": 0.023254684213338775, "call": 0.05761448814919529, "hlt": 4.857882643271104e-06, "nop": 0.019596698582955634, "sub": 0.01364579234494853, "cmp": 0.06164167286046704, "jbe": 0.0016759695119285308, "test": 0.05606482358599181, "jz": 0.05479691621609805, "jmp": 0.03630295699316496, "ret": 0.008020364244040592, "sar": 0.0007724033402801055, "shr": 0.004464394149166145, "add": 0.052737173975351104, "jnz": 0.035851173907340744, "repz ": 9.715765286542209e-06, "lea": 0.034267504165634365, "ja": 0.004469252031809415, "movsx": 0.0014719384409111445, "bt": 0.0010735920641629139, "jb": 0.005348528790241485, "jnb": 0.0038085799923245453, "movzx": 0.012960830892247305, "setz": 0.0014136438491918913, "jl": 0.0014865120888409578, "jle": 0.0015302330326303977, "cdqe": 0.00022346260159047078, "adc": 7.772612229233767e-05, "xchg": 0.002152042010969099, "cmovnz": 0.0011027393600225406, "or": 0.006014058712369627, "cmovz": 0.0018994321135190017, "shl": 0.0046392779243239046, "cmovb": 0.0005149355601867371, "js": 0.001214470660817776, "movq": 0.0005586565039761769, "pslldq": 1.9431530573084417e-05, "movdqa": 0.0006218089783387013, "pshufd": 0.00020888895366065748, "pmuludq": 1.9431530573084417e-05, "paddq": 0.00010201553550869318, "psrlq": 9.715765286542209e-06, "psllq": 1.4573647929813312e-05, "movdqu": 0.0008549873452157143, "imul": 0.0016808273945718019, "setnz": 0.0008744188757887986, "cqo": 3.400517850289773e-05, "idiv": 3.400517850289773e-05, "movsxd": 0.006966203710450763, "neg": 0.0006898193353444968, "setnb": 5.829459171925325e-05, "xorps": 0.000981292293940763, "movups": 0.0036774171609562254, "movaps": 0.0019334372920218994, "cmovl": 2.428941321635552e-05, "not": 0.0007383981617772078, "jns": 0.0003546254329587906, "cmovge": 1.4573647929813312e-05, "cmovs": 8.258400493560876e-05, "cmovae": 0.00019431530573084415, "jg": 0.002258915429121063, "cmova": 0.00046149885111075486, "seta": 0.00014573647929813313, "sbb": 0.00018459954044430194, "fld": 9.715765286542209e-06, "fstp": 9.715765286542209e-06, "movsd": 9.715765286542209e-06, "cmovg": 0.0003789148461751461, "jnl": 0.0017585535168641395, "div": 0.0005683722692627191, "bswap": 9.715765286542209e-06, "setb": 7.772612229233767e-05, "cmovns": 2.428941321635552e-05, "mul": 0.00016516800987121752, "cmovbe": 0.00020888895366065748, "punpcklqdq": 0.0001165891834385065, "setl": 9.715765286542209e-06, "setg": 7.286823964906656e-05, "pxor": 0.00022832048423374187, "pcmpeqd": 7.772612229233767e-05, "sets": 9.715765286542209e-06, "rol": 1.4573647929813312e-05, "bsf": 4.857882643271104e-06, "movd": 3.8863061146168834e-05, "psrad": 4.372094378943993e-05, "pandn": 4.372094378943993e-05, "pand": 4.372094378943993e-05, "por": 8.258400493560876e-05, "bts": 9.715765286542209e-06, "pextrw": 2.9147295859626624e-05, "setbe": 2.428941321635552e-05, "setle": 9.715765286542209e-06, "setnl": 4.857882643271104e-06, "psubq": 1.4573647929813312e-05, "cwde": 9.715765286542209e-06, "cmovle": 0.00019917318837411527, "setns": 4.857882643271104e-06, "ror": 4.857882643271104e-06, "pshuflw": 4.372094378943993e-05, "pshufhw": 3.8863061146168834e-05, "punpckhwd": 1.9431530573084417e-05, "punpcklwd": 1.9431530573084417e-05, "pcmpgtd": 3.8863061146168834e-05, "psubd": 3.8863061146168834e-05, "pslld": 3.8863061146168834e-05, "packssdw": 1.9431530573084417e-05, "cvtsi2sd": 9.715765286542209e-06, "divsd": 4.857882643271104e-06}