{"xor": 0.03719809260431878, "mov": 0.40048201801429256, "pop": 0.02161004354961684, "and": 0.009104066784694312, "push": 0.020647299794528513, "call": 0.06036209503379295, "hlt": 3.230683741907137e-06, "nop": 0.018117674424615225, "sub": 0.011653076257059044, "cmp": 0.06406768928576044, "jbe": 0.002991613145006009, "test": 0.05318997712675911, "jz": 0.05135817944509776, "jmp": 0.036206272695553286, "ret": 0.008735768838116898, "sar": 0.0006235219621880775, "shr": 0.003527906646162594, "add": 0.04908700877453704, "jnz": 0.034616776294534975, "repz ": 6.461367483814274e-06, "imul": 0.0013988860602457904, "lea": 0.037605158755799076, "xorps": 0.0011016631559903338, "movups": 0.0037637465593218147, "jle": 0.0012631973430856907, "cmovnz": 0.000940128968894977, "xchg": 0.002187172893271132, "ja": 0.005728002274401354, "movsxd": 0.005989687657495833, "jg": 0.001835028365403254, "jns": 0.0009982812762493055, "jnl": 0.0013698099065686262, "jl": 0.0012050450357313622, "or": 0.005860460307819547, "js": 0.001104893839732241, "setnz": 0.0007462879443805487, "cmovns": 3.8768204902885646e-05, "movq": 0.0004329116214155564, "punpcklqdq": 9.368982851530698e-05, "movdqa": 0.0005266014499308634, "shl": 0.005666619283305118, "movzx": 0.011643384205833322, "jnb": 0.00498817569750462, "pslldq": 2.2614786193349962e-05, "pshufd": 0.0001486114521277283, "pmuludq": 1.2922734967628549e-05, "paddq": 0.00010015119599912125, "psrlq": 6.461367483814274e-06, "psllq": 9.692051225721412e-06, "movdqu": 0.0006978276882519416, "pxor": 0.0001744569220629854, "setz": 0.0012664280268275979, "bt": 0.0008141323029605986, "jb": 0.0068652029515526665, "div": 0.0005072173474794206, "cmovz": 0.0018447204166289755, "neg": 0.0006913663207681273, "cmovb": 0.0004781411938022563, "cmova": 0.0004426036726412778, "cmovg": 0.00028106948554592096, "cmovl": 3.2306837419071375e-05, "setbe": 2.2614786193349962e-05, "sbb": 0.00019384102451442824, "cmovae": 0.00017768760580489255, "movsx": 0.0013051962317304835, "cmovbe": 0.000235839913159221, "cmovle": 0.0001389194009020069, "seta": 0.00011307393096674981, "movaps": 0.0014538076838582117, "mul": 0.0001292273496762855, "cdqe": 0.000235839913159221, "setg": 5.492162361242133e-05, "cqo": 2.2614786193349962e-05, "idiv": 2.2614786193349962e-05, "btc": 3.230683741907137e-06, "cmovs": 7.430572606386416e-05, "not": 0.0006009071759947275, "cmovge": 1.9384102451442823e-05, "movsd": 3.2306837419071375e-05, "pcmpeqd": 5.815230735432847e-05, "adc": 5.815230735432847e-05, "ud2": 3.230683741907137e-06, "rol": 1.6153418709535688e-05, "bswap": 9.692051225721412e-06, "setle": 1.2922734967628549e-05, "fld": 6.461367483814274e-06, "fstp": 6.461367483814274e-06, "setns": 3.230683741907137e-06, "setb": 5.1690939870514195e-05, "ror": 3.230683741907137e-06, "setl": 6.461367483814274e-06, "sets": 6.461367483814274e-06, "setnb": 3.2306837419071375e-05, "bsf": 3.230683741907137e-06, "movd": 2.5845469935257097e-05, "psrad": 2.9076153677164236e-05, "pandn": 2.9076153677164236e-05, "pand": 2.9076153677164236e-05, "por": 5.492162361242133e-05, "bts": 6.461367483814274e-06, "pextrw": 3.8768204902885646e-05, "setnl": 3.230683741907137e-06, "psubq": 9.692051225721412e-06, "cwde": 6.461367483814274e-06, "pshuflw": 2.9076153677164236e-05, "pshufhw": 2.5845469935257097e-05, "punpckhwd": 1.2922734967628549e-05, "punpcklwd": 1.2922734967628549e-05, "pcmpgtd": 2.5845469935257097e-05, "psubd": 2.5845469935257097e-05, "pslld": 2.5845469935257097e-05, "packssdw": 1.2922734967628549e-05, "cvtsi2sd": 6.461367483814274e-06, "divsd": 3.230683741907137e-06}