{"xor": 0.030155208471081465, "mov": 0.3966656381472938, "pop": 0.022470699442150684, "and": 0.010221523482076826, "push": 0.023234742404874203, "call": 0.057308119915563456, "hlt": 4.8977112995097395e-06, "nop": 0.019581049775439938, "sub": 0.01371359163862727, "cmp": 0.061632798993030556, "jbe": 0.00168971039833086, "test": 0.05595145388559926, "jz": 0.05468784437032575, "jmp": 0.03626265446157011, "ret": 0.007978371706901365, "sar": 0.0007689406740230291, "shr": 0.00450589439554896, "add": 0.053027520239791945, "jnz": 0.035807167310715704, "repz ": 9.795422599019479e-06, "lea": 0.03434275163216229, "ja": 0.00451568981814798, "movsx": 0.0014595179672539022, "movzx": 0.013071991458391493, "movsxd": 0.0070331134260959854, "jle": 0.0015182905028480191, "bt": 0.0010823941971916523, "jb": 0.005353198450364145, "jnb": 0.0038202148136175966, "jnl": 0.0017778692017220352, "js": 0.0011901438457808666, "or": 0.0060976505678896255, "jl": 0.0015133927915485094, "xchg": 0.0021647883943833046, "jg": 0.002287231176871048, "shl": 0.004677314291031801, "movaps": 0.0019492890972048762, "xorps": 0.0009844399712014575, "movups": 0.003702669742429363, "cmovl": 2.4488556497548696e-05, "not": 0.0007444521175254804, "imul": 0.0016799149757318406, "neg": 0.0006856795819313635, "jns": 0.00035753292486421096, "cmovge": 1.4693133898529217e-05, "cdqe": 0.00022039700847793827, "cmovz": 0.0019003119842097788, "cmova": 0.00046528257345342523, "setz": 0.0013664614525632172, "cmovb": 0.0005142596864485226, "seta": 0.00014693133898529217, "cmovnz": 0.001087291908491162, "cmovs": 8.326109209166557e-05, "sbb": 0.0001861130293813701, "fld": 9.795422599019479e-06, "fstp": 9.795422599019479e-06, "movsd": 9.795422599019479e-06, "cmovg": 0.00038202148136175966, "div": 0.0005730322220426395, "bswap": 9.795422599019479e-06, "setb": 7.836338079215583e-05, "movq": 0.000543645954245581, "pshufd": 0.0002008061632798993, "paddq": 5.877253559411687e-05, "movdqu": 0.0008326109209166557, "cmovbe": 0.00021060158587891877, "setnz": 0.0008522017661146946, "punpcklqdq": 0.00011754507118823373, "cqo": 2.9386267797058434e-05, "idiv": 2.9386267797058434e-05, "setl": 9.795422599019479e-06, "cmovae": 0.00019590845198038957, "setg": 7.346566949264608e-05, "pxor": 0.00023019243107695773, "pcmpeqd": 7.836338079215583e-05, "movdqa": 0.0005681345107431297, "mul": 0.00016652218418333113, "adc": 7.346566949264608e-05, "pslldq": 9.795422599019479e-06, "sets": 9.795422599019479e-06, "setnb": 4.897711299509739e-05, "rol": 1.4693133898529217e-05, "bsf": 4.8977112995097395e-06, "movd": 3.9181690396077916e-05, "psllq": 4.8977112995097395e-06, "psrad": 4.407940169558765e-05, "pandn": 4.407940169558765e-05, "pand": 4.407940169558765e-05, "por": 8.326109209166557e-05, "bts": 9.795422599019479e-06, "pextrw": 2.9386267797058434e-05, "setbe": 2.4488556497548696e-05, "setle": 9.795422599019479e-06, "setnl": 4.8977112995097395e-06, "psubq": 1.4693133898529217e-05, "cwde": 9.795422599019479e-06, "cmovle": 0.0002008061632798993, "cmovns": 2.4488556497548696e-05, "setns": 4.8977112995097395e-06, "ror": 4.8977112995097395e-06, "pshuflw": 4.407940169558765e-05, "pshufhw": 3.9181690396077916e-05, "punpckhwd": 1.9590845198038958e-05, "punpcklwd": 1.9590845198038958e-05, "pcmpgtd": 3.9181690396077916e-05, "psubd": 3.9181690396077916e-05, "pslld": 3.9181690396077916e-05, "packssdw": 1.9590845198038958e-05, "cvtsi2sd": 9.795422599019479e-06, "divsd": 4.8977112995097395e-06}