{"xor": 0.008864930131364994, "mov": 0.5602533325359738, "pop": 0.008340950965232274, "and": 0.022311830253531877, "push": 0.008386514370982945, "call": 0.05130724258811536, "hlt": 2.847712859416959e-06, "nop": 0.009050031467227097, "sub": 0.01743939355106946, "cmp": 0.07290714462679299, "jbe": 0.001885185912934027, "test": 0.001888033625793444, "jz": 0.03386500132418648, "jmp": 0.05985322887922565, "ret": 0.008158697342229588, "sar": 0.00045278634464729654, "shr": 0.006783252031131197, "add": 0.03971705125028833, "jnz": 0.03152133364088632, "repz ": 5.695425718833918e-06, "movzx": 0.012290728701243597, "jnl": 0.0008970295507163421, "movsxd": 0.005498933531534148, "movsx": 0.006467155903735915, "shl": 0.004846807286727665, "ja": 0.0013099479153318013, "xchg": 0.0010280243422495223, "jb": 0.0018595564971992744, "jnb": 0.003069834462451482, "jl": 0.0006749079476818194, "jg": 0.0003331824045517842, "setz": 0.0007489484820266603, "setnz": 0.0009767655107800171, "jle": 0.0006806033734006533, "lea": 0.006199470894950721, "cmovnz": 0.00044993863178787954, "or": 0.004413954932096287, "cqo": 0.00020503532587802108, "idiv": 0.0003018575630981977, "cmovz": 0.0001480810686896819, "imul": 0.0022838657132524015, "div": 0.0004841111861008831, "setnb": 2.5629415734752635e-05, "setl": 4.8411118610088305e-05, "setle": 2.8477128594169593e-05, "setnl": 3.417255431300351e-05, "setg": 5.410654432892223e-05, "cmovl": 1.1390851437667837e-05, "cmovle": 8.543138578250877e-06, "cmovge": 1.1390851437667837e-05, "cmovg": 2.5629415734752635e-05, "setb": 0.00012814707867376317, "movaps": 0.001047958332265441, "cdqe": 1.4238564297084796e-05, "bsr": 2.847712859416959e-06, "not": 2.8477128594169593e-05, "seta": 5.125883146950527e-05, "cdq": 9.682223722017661e-05, "movups": 5.6954257188339185e-05, "setbe": 2.5629415734752635e-05, "cmova": 5.695425718833918e-06, "movsd": 2.2781702875335674e-05, "fld": 8.543138578250877e-06, "fstp": 8.543138578250877e-06, "cmovae": 4.8411118610088305e-05, "neg": 5.695425718833918e-06, "xorps": 1.7086277156501754e-05, "cmovb": 1.1390851437667837e-05, "cvtsi2sd": 5.695425718833918e-06, "divsd": 2.847712859416959e-06}