{"xor": 0.00807305093484573, "mov": 0.572985807712138, "pop": 0.007568315649507476, "and": 0.017793275623456624, "push": 0.007606306477436162, "call": 0.05289680062956229, "hlt": 2.713630566334699e-06, "nop": 0.008187023418631787, "sub": 0.01853138313749966, "cmp": 0.07065208542509023, "jbe": 0.002355431331578519, "test": 0.0012835472578763127, "jz": 0.03372500067840764, "jmp": 0.06404710862663157, "ret": 0.007334943420802692, "sar": 0.00043960815174622124, "shr": 0.004746139860519389, "add": 0.03940191582317983, "jnz": 0.028577243494070717, "repz ": 5.427261132669398e-06, "imul": 0.002659357955008005, "lea": 0.006699953868280372, "setnz": 0.0007435347751757076, "movzx": 0.01100105831592087, "jle": 0.0006268486608233155, "ja": 0.00144365146129006, "movsx": 0.004759708013351062, "jnl": 0.0009036389785894548, "jg": 0.00026050853436813113, "movsxd": 0.0044720631733195845, "setz": 0.0007028303166806871, "xchg": 0.0009009253480231201, "shl": 0.00478684431901441, "or": 0.003416460883015386, "cmovnz": 0.0005020216547719194, "jb": 0.002450408401400233, "div": 0.0005481533743996092, "jnb": 0.004178991072155437, "jl": 0.000586144202328295, "cmova": 1.3568152831673496e-05, "setb": 0.00011939974491872676, "setbe": 1.8995413964342894e-05, "cqo": 0.00014924968114840846, "idiv": 0.00026322216493446585, "setl": 2.4422675097012294e-05, "movaps": 0.0009172071314211283, "cmovz": 0.00014110878944940434, "cdq": 0.00011397248378605737, "neg": 8.140891699004098e-06, "seta": 6.241350302569808e-05, "movsd": 4.6131719627689886e-05, "js": 2.713630566334699e-06, "not": 1.8995413964342894e-05, "fld": 8.140891699004098e-06, "fstp": 8.140891699004098e-06, "cdqe": 8.140891699004098e-06, "setg": 3.799082792868579e-05, "cmovl": 2.713630566334699e-06, "setnb": 1.8995413964342894e-05, "cmovg": 1.3568152831673496e-05, "setle": 1.8995413964342894e-05, "setnl": 5.427261132669398e-06, "cmovge": 2.713630566334699e-06, "cmovae": 4.6131719627689886e-05, "xorps": 1.6281783398008196e-05, "movups": 3.799082792868579e-05, "cmovb": 1.0854522265338796e-05, "cvtsi2sd": 5.427261132669398e-06, "divsd": 2.713630566334699e-06}