{"xor": 0.034419146006557474, "mov": 0.38888423999452276, "pop": 0.022924543372916557, "and": 0.010387743147741017, "push": 0.02344944580952888, "call": 0.06249762272447187, "hlt": 3.80364084501685e-06, "nop": 0.020185921964504423, "sub": 0.012563425711090656, "cmp": 0.06404950818923874, "jbe": 0.0015328672605417907, "test": 0.05533156337246012, "jz": 0.05527070511893985, "jmp": 0.03721862566848988, "ret": 0.008577210105512998, "sar": 0.0007531208873133363, "shr": 0.004427437943599614, "add": 0.048671388252835616, "jnz": 0.038211375929039275, "repz ": 7.6072816900337e-06, "movzx": 0.013544765049105003, "movaps": 0.0019474641126486273, "xchg": 0.00220991533095479, "movups": 0.00373137166896153, "jnb": 0.003860695457692103, "lea": 0.03200003042912676, "ja": 0.004309525077404091, "jb": 0.005062645964717428, "cmovle": 0.0001749674788707751, "jle": 0.0014682053661765043, "movsx": 0.0017230493027926331, "bt": 0.0011639140985751561, "cmovz": 0.0018637840140582566, "sbb": 0.0001901820422508425, "or": 0.00635208021117814, "cmovbe": 0.00018637840140582566, "not": 0.0008215864225236396, "movsxd": 0.006310240161882954, "xorps": 0.000939499288719162, "jnl": 0.0014834199295565716, "setnz": 0.0009090701619590271, "shl": 0.004241059542193788, "cmovnz": 0.001091644922519836, "imul": 0.0014529908027964367, "setz": 0.0017458711478627342, "setg": 8.748373943538756e-05, "neg": 0.0006618335070329319, "cmovl": 3.423276760515165e-05, "cmovs": 7.987645774535385e-05, "jg": 0.0020501624154640823, "cmova": 0.00045643690140202204, "setns": 1.141092253505055e-05, "setle": 3.04291267601348e-05, "rol": 1.901820422508425e-05, "jl": 0.0012704160422356279, "js": 0.0012323796337854595, "bsf": 1.52145633800674e-05, "cqo": 8.748373943538756e-05, "idiv": 8.748373943538756e-05, "movdqu": 0.0007417099647782858, "pshufd": 0.0001901820422508425, "jns": 0.0005134915140772748, "adc": 7.226917605532015e-05, "cmovae": 0.0001977893239408762, "setl": 2.28218450701011e-05, "setnl": 1.52145633800674e-05, "pxor": 0.00022441480985599415, "pcmpeqd": 6.84655352103033e-05, "movdqa": 0.0006237970985827634, "cdqe": 0.00025864757746114583, "ror": 7.6072816900337e-06, "cmovb": 0.0004374186971769378, "div": 0.0004868660281621568, "cmovge": 1.141092253505055e-05, "cmovg": 0.0003118985492913817, "sets": 1.901820422508425e-05, "cmovns": 2.662548591511795e-05, "seta": 0.00012552014788555605, "movq": 0.0004260077746418872, "pslldq": 1.141092253505055e-05, "bsr": 1.901820422508425e-05, "movd": 3.80364084501685e-05, "punpcklbw": 3.80364084501685e-06, "pshuflw": 3.80364084501685e-05, "setnb": 4.184004929518535e-05, "setb": 6.84655352103033e-05, "mul": 0.00013312742957558975, "bts": 1.141092253505055e-05, "fld": 7.6072816900337e-06, "fstp": 7.6072816900337e-06, "movsd": 7.6072816900337e-06, "bswap": 7.6072816900337e-06, "setbe": 1.901820422508425e-05, "paddq": 4.56436901402022e-05, "punpcklqdq": 9.12873802804044e-05, "psllq": 3.80364084501685e-06, "psrad": 3.423276760515165e-05, "pandn": 3.423276760515165e-05, "pand": 3.423276760515165e-05, "por": 6.466189436528646e-05, "pextrw": 2.28218450701011e-05, "psubq": 1.141092253505055e-05, "cwde": 7.6072816900337e-06, "pshufhw": 3.04291267601348e-05, "punpckhwd": 1.52145633800674e-05, "punpcklwd": 1.52145633800674e-05, "pcmpgtd": 3.04291267601348e-05, "psubd": 3.04291267601348e-05, "pslld": 3.04291267601348e-05, "packssdw": 1.52145633800674e-05, "cvtsi2sd": 7.6072816900337e-06, "divsd": 3.80364084501685e-06}