{"xor": 0.007962247582362036, "mov": 0.576857089093787, "pop": 0.007917971877548158, "and": 0.021303993299610004, "push": 0.007969626866497681, "call": 0.04625704260429696, "hlt": 3.6896420678230005e-06, "nop": 0.008545211029078069, "sub": 0.017581144453176597, "cmp": 0.07101085123732147, "jbe": 0.0020551306317774113, "test": 0.0011364097568894841, "jz": 0.03355729460685019, "jmp": 0.0589051356127942, "ret": 0.007692903711410956, "sar": 0.00048703275295263604, "shr": 0.006110047264314889, "add": 0.041050957646598704, "jnz": 0.029568791531533526, "repz ": 7.379284135646001e-06, "lea": 0.006117426548450535, "movsx": 0.0046858454261352106, "jnl": 0.0008596866018027591, "movsxd": 0.0045640872378970515, "cmovz": 0.00013282711444162802, "xchg": 0.0009224105169557502, "jl": 0.0005792738046482111, "jnb": 0.0031620232521243114, "jle": 0.0006567562880724941, "movaps": 0.000981444790040918, "imul": 0.002571680521272631, "shl": 0.005353670640411173, "cmovnz": 0.0004501363322744061, "jb": 0.0019665792221496593, "or": 0.0038667448870785045, "setz": 0.0007194802032254851, "movzx": 0.012349232001003583, "cqo": 0.00015865460891638903, "idiv": 0.00028041279715454806, "ja": 0.0012803057975345812, "seta": 5.165498894952201e-05, "jg": 0.000306240291629309, "setb": 0.00014020639857727403, "setnz": 0.0007342387714967771, "cdq": 0.00012175818823815901, "cmova": 7.379284135646001e-06, "setbe": 1.1068926203469e-05, "movsd": 2.9517136542584004e-05, "fld": 1.1068926203469e-05, "fstp": 1.1068926203469e-05, "div": 0.0005903427308516801, "cdqe": 1.1068926203469e-05, "setg": 5.165498894952201e-05, "cmovl": 3.6896420678230005e-06, "setnb": 2.5827494474761005e-05, "cmovg": 1.8448210339115002e-05, "setle": 2.5827494474761005e-05, "setnl": 7.379284135646001e-06, "setl": 1.1068926203469e-05, "cmovge": 3.6896420678230005e-06, "cmovae": 6.272391515299102e-05, "neg": 7.379284135646001e-06, "not": 1.8448210339115002e-05, "xorps": 2.2137852406938e-05, "movups": 5.165498894952201e-05, "cmovb": 1.4758568271292002e-05, "cvtsi2sd": 7.379284135646001e-06, "divsd": 3.6896420678230005e-06}