{"xor": 0.00870561282932417, "mov": 0.5147766323024054, "pop": 0.012829324169530355, "and": 0.008018327605956471, "push": 0.013516609392898053, "call": 0.0879725085910653, "hlt": 0.0002290950744558992, "nop": 0.015349369988545246, "sub": 0.01809851088201604, "cmp": 0.05567010309278351, "jbe": 0.0009163802978235968, "test": 0.0027491408934707906, "jz": 0.027491408934707903, "jmp": 0.05406643757159221, "ret": 0.010538373424971364, "sar": 0.0006872852233676976, "shr": 0.004810996563573883, "add": 0.03940435280641466, "jnz": 0.024742268041237112, "repz ": 0.0004581901489117984, "lea": 0.006872852233676976, "ja": 0.0016036655211912943, "jnl": 0.0027491408934707906, "movsxd": 0.0066437571592210766, "or": 0.013745704467353952, "jb": 0.001145475372279496, "jnb": 0.002061855670103093, "shl": 0.016494845360824743, "xchg": 0.0018327605956471936, "setnz": 0.0013745704467353953, "movzx": 0.022909507445589918, "setz": 0.0006872852233676976, "movaps": 0.010996563573883162, "movsx": 0.008247422680412371, "imul": 0.001145475372279496, "jl": 0.0002290950744558992, "cmovnz": 0.0002290950744558992}