{"xor": 0.033619004305736847, "mov": 0.38549634100963326, "pop": 0.03812555741277782, "and": 0.01012350199930305, "push": 0.03691475349804204, "call": 0.06489318346927807, "hlt": 5.9063605596867265e-06, "nop": 0.026047050068218464, "sub": 0.009692337678445918, "cmp": 0.058685598521047315, "jbe": 0.0018605035763013188, "test": 0.056010017187509226, "jz": 0.056010017187509226, "jmp": 0.03439864389961549, "ret": 0.0132597794564967, "sar": 0.00046069612365556465, "shr": 0.003927729772191673, "add": 0.042389949736871636, "jnz": 0.035627166896030335, "repz ": 1.1812721119373453e-05, "lea": 0.02553319669952572, "ja": 0.004104920588982275, "movsx": 0.001104489424661418, "jg": 0.0007323887094011541, "cdqe": 0.0002657862251859027, "jl": 0.0006615123826849133, "cmovz": 0.0020672261958903544, "jle": 0.0013112120442504533, "xchg": 0.003065401130477411, "cmovnz": 0.0011163021457807913, "js": 0.0011163021457807913, "cmovbe": 0.00018309717735028852, "cmova": 0.0005315724503718054, "jnl": 0.0003012243885440231, "movaps": 0.001789627249585078, "xorps": 0.0007914523149980214, "movups": 0.003667849907565457, "cmovl": 2.9531802798433632e-05, "not": 0.0007619205121995878, "movzx": 0.011942661051686562, "jns": 0.00034847527302151685, "movsxd": 0.0022326042915615826, "imul": 0.0015002155821604286, "jnb": 0.0033902509612601813, "cmovge": 1.771908167906018e-05, "neg": 0.0005729169742896124, "setz": 0.0017010318411897773, "shl": 0.004784152053346248, "or": 0.006756876480281615, "setnz": 0.0010454258190645506, "bt": 0.000950924050109563, "jb": 0.005368881748755235, "adc": 4.134452391780708e-05, "cmovs": 9.450176895498762e-05, "cmovae": 0.00019490989846966198, "cmovb": 0.00038391343637963723, "seta": 0.00017128445623091506, "setb": 8.268904783561417e-05, "fld": 1.1812721119373453e-05, "fstp": 1.1812721119373453e-05, "sbb": 0.00012993993231310799, "movsd": 5.9063605596867265e-06, "cmovg": 5.9063605596867264e-05, "div": 0.0006733251038042868, "bswap": 1.1812721119373453e-05, "cqo": 3.543816335812036e-05, "idiv": 3.543816335812036e-05, "setl": 1.1812721119373453e-05, "setg": 8.85954083953009e-05, "pxor": 1.1812721119373453e-05, "movdqu": 0.00016537809567122833, "pcmpeqd": 2.3625442238746906e-05, "mul": 0.00018900353790997525, "sets": 1.1812721119373453e-05, "rol": 1.771908167906018e-05, "setnb": 6.496996615655399e-05, "bsf": 5.9063605596867265e-06, "bts": 1.1812721119373453e-05, "setbe": 2.9531802798433632e-05, "setle": 1.1812721119373453e-05, "setnl": 5.9063605596867265e-06, "cwde": 1.1812721119373453e-05, "cmovle": 2.9531802798433632e-05, "cmovns": 2.9531802798433632e-05, "setns": 5.9063605596867265e-06, "ror": 5.9063605596867265e-06, "cvtsi2sd": 1.1812721119373453e-05, "divsd": 5.9063605596867265e-06}