{"xor": 0.029482559450665267, "mov": 0.39618742549969854, "pop": 0.022436384221353915, "and": 0.009848997381271258, "push": 0.02197154836363971, "call": 0.05639701584584018, "hlt": 4.6023352248931105e-06, "nop": 0.01896622346178451, "sub": 0.01318108808409387, "cmp": 0.063466202751276, "jbe": 0.0019191737887804272, "test": 0.05743254127144113, "jz": 0.054689549477404835, "jmp": 0.03504218040233614, "ret": 0.008238180052558669, "sar": 0.0007593853121073633, "shr": 0.004363013793198669, "add": 0.05393476650052236, "jnz": 0.038470920144881515, "repz ": 9.204670449786221e-06, "lea": 0.0346693912491198, "ja": 0.004450458162471638, "movsx": 0.0014313262549417575, "jg": 0.002282758271546983, "jnl": 0.0018271270842825649, "cdqe": 0.00021630975556997622, "jl": 0.0015049636185400473, "cmovz": 0.0019375831296799997, "jle": 0.0014727472719657955, "xchg": 0.0022781559363220898, "js": 0.0012288235050464606, "cmovbe": 0.00020250274989529687, "cmova": 0.00048784753383866974, "cmovnz": 0.0010263207551511637, "movaps": 0.001831729419507458, "xorps": 0.0009941044085769119, "movups": 0.003589821475416626, "cmovl": 2.7614011349358665e-05, "not": 0.000704157289408646, "movsxd": 0.006885093496440094, "imul": 0.0016430336752868405, "neg": 0.0007179642950833253, "movzx": 0.012522954146934155, "jns": 0.0003681868179914489, "jnb": 0.0038429499127857476, "cmovge": 1.8409340899572442e-05, "shl": 0.004533300196519714, "or": 0.005771328372015961, "setnz": 0.0007916016586816151, "setz": 0.0012334258402713536, "bt": 0.0010079114142515912, "jb": 0.00578513537769064, "adc": 6.903502837339666e-05, "cmovs": 7.823969882318288e-05, "cmovae": 0.00017949107377083131, "cmovb": 0.0005154615451880284, "seta": 0.0001288653862970071, "sbb": 0.00018869574422061754, "fld": 9.204670449786221e-06, "fstp": 9.204670449786221e-06, "movsd": 9.204670449786221e-06, "cmovg": 0.00035898214754166263, "div": 0.0005614848974369595, "bswap": 9.204670449786221e-06, "setb": 7.363736359828977e-05, "movq": 0.000538473221312494, "pshufd": 0.00018869574422061754, "paddq": 5.522802269871733e-05, "movdqu": 0.0007823969882318288, "punpcklqdq": 0.00011045604539743466, "cqo": 2.7614011349358665e-05, "idiv": 2.7614011349358665e-05, "setl": 9.204670449786221e-06, "setg": 6.903502837339666e-05, "pxor": 0.00021630975556997622, "pcmpeqd": 7.363736359828977e-05, "movdqa": 0.0005338708860876008, "mul": 0.00015647939764636576, "pslldq": 9.204670449786221e-06, "sets": 9.204670449786221e-06, "setnb": 4.602335224893111e-05, "rol": 1.3807005674679332e-05, "bsf": 4.6023352248931105e-06, "movd": 3.6818681799144884e-05, "psllq": 4.6023352248931105e-06, "psrad": 4.1421017024038e-05, "pandn": 4.1421017024038e-05, "pand": 4.1421017024038e-05, "por": 7.823969882318288e-05, "bts": 9.204670449786221e-06, "pextrw": 5.522802269871733e-05, "setbe": 2.3011676124465555e-05, "setle": 1.3807005674679332e-05, "setnl": 4.6023352248931105e-06, "psubq": 1.3807005674679332e-05, "cwde": 9.204670449786221e-06, "cmovle": 0.00018869574422061754, "cmovns": 2.3011676124465555e-05, "setns": 4.6023352248931105e-06, "ror": 4.6023352248931105e-06, "pshuflw": 4.1421017024038e-05, "pshufhw": 3.6818681799144884e-05, "punpckhwd": 1.8409340899572442e-05, "punpcklwd": 1.8409340899572442e-05, "pcmpgtd": 3.6818681799144884e-05, "psubd": 3.6818681799144884e-05, "pslld": 3.6818681799144884e-05, "packssdw": 1.8409340899572442e-05, "cvtsi2sd": 9.204670449786221e-06, "divsd": 4.6023352248931105e-06}