{"xor": 0.007924428899653169, "mov": 0.5768881799423412, "pop": 0.007942721671813034, "and": 0.021190347269986684, "push": 0.007993941433860653, "call": 0.04651486104810267, "hlt": 3.658554431972839e-06, "nop": 0.00855735881638447, "sub": 0.017557402719037656, "cmp": 0.07109668827652818, "jbe": 0.002045131927472817, "test": 0.0011231762106156614, "jz": 0.033523334260167126, "jmp": 0.05885150659271508, "ret": 0.00771954985146269, "sar": 0.0004865877394523876, "shr": 0.006065883248210967, "add": 0.040913614212752254, "jnz": 0.02961233957238816, "repz ": 7.317108863945678e-06, "lea": 0.00612076156469056, "ja": 0.0012841526056224664, "setnz": 0.000750003658554432, "movzx": 0.012300060000292684, "jle": 0.000658539797755111, "jnl": 0.0008780530636734814, "movsxd": 0.004536607495646321, "movsx": 0.004745145098268772, "imul": 0.002568305211244933, "or": 0.003841482153571481, "shl": 0.005345148025112318, "jb": 0.001957326621105469, "xchg": 0.0009219557168571554, "jnb": 0.003164649583656506, "setz": 0.000728052331962595, "cqo": 0.00016097639500680492, "idiv": 0.0002817086912619086, "cmovb": 2.560988102380987e-05, "cmovnz": 0.0004573193039966049, "movaps": 0.0009731754789047752, "seta": 5.121976204761974e-05, "jl": 0.0005707344913877629, "jg": 0.00030366001785374564, "setb": 0.00013902506841496787, "cdq": 0.00012073229625510368, "cmova": 7.317108863945678e-06, "setbe": 1.0975663295918517e-05, "movsd": 2.926843545578271e-05, "fld": 1.0975663295918517e-05, "fstp": 1.0975663295918517e-05, "div": 0.0005853687091156542, "cdqe": 1.0975663295918517e-05, "cmovz": 0.00011341518739115801, "setg": 5.121976204761974e-05, "cmovl": 3.658554431972839e-06, "setnb": 2.560988102380987e-05, "cmovg": 1.8292772159864193e-05, "setle": 2.560988102380987e-05, "setnl": 7.317108863945678e-06, "setl": 1.0975663295918517e-05, "cmovge": 3.658554431972839e-06, "cmovae": 6.219542534353826e-05, "neg": 7.317108863945678e-06, "not": 1.8292772159864193e-05, "xorps": 2.1951326591837034e-05, "movups": 5.121976204761974e-05, "cvtsi2sd": 7.317108863945678e-06, "divsd": 3.658554431972839e-06}