{"xor": 0.029772704419563423, "mov": 0.39473971836158317, "pop": 0.02229236708301819, "and": 0.009583225857222176, "push": 0.021863919941591287, "call": 0.058194488770750175, "hlt": 4.371909606396978e-06, "nop": 0.019393791013976994, "sub": 0.012792207508317558, "cmp": 0.06327464773338347, "jbe": 0.002006706509336213, "test": 0.057324478759077174, "jz": 0.05457891952625987, "jmp": 0.034944673483931044, "ret": 0.008096776591047204, "sar": 0.0007650841811194712, "shr": 0.004310702871907421, "add": 0.05318428036181924, "jnz": 0.03823672141754797, "repz ": 8.743819212793956e-06, "lea": 0.03423205221808834, "xchg": 0.0022646491761136346, "ja": 0.004433116340886536, "jb": 0.006072582443285402, "jnb": 0.0038909995496933104, "sbb": 0.00018362020346867307, "shl": 0.004520554533014475, "seta": 0.00013115728819190935, "movzx": 0.012075214332868454, "jle": 0.0014820773565685755, "movsxd": 0.006654046420936201, "cmovg": 0.00034975276851175824, "jl": 0.0014558458989301936, "movsd": 0.0004503066894588887, "movapd": 0.00014427301701110028, "xorps": 0.001018654938290496, "cvtsi2sd": 0.00010492583055352747, "mulsd": 0.00011804155937271841, "divsd": 0.00018799211307507006, "unpcklps": 1.7487638425587912e-05, "subpd": 7.432246330874862e-05, "pshufd": 0.0002972898532349945, "addpd": 7.432246330874862e-05, "xorpd": 2.6231457638381868e-05, "cmovz": 0.001805598667441952, "neg": 0.0006951336274171196, "not": 0.0006732740793851346, "movups": 0.003440692860234422, "pxor": 0.00026668648599021566, "movdqu": 0.0008831257404921896, "imul": 0.0018143424866547458, "movq": 0.0006907617178107226, "pslldq": 5.683482488316072e-05, "movdqa": 0.000800059457970647, "pmuludq": 8.743819212793956e-05, "paddq": 0.00024919884756462776, "psrlq": 4.371909606396978e-05, "psllq": 4.809100567036676e-05, "jns": 0.00039784377418212503, "js": 0.001176043684120787, "or": 0.005718457765167247, "punpckldq": 5.683482488316072e-05, "addsd": 9.618201134073352e-05, "ucomisd": 0.00022733929953264287, "jp": 2.185954803198489e-05, "jnp": 1.3115728819190934e-05, "jg": 0.0021684671647729014, "movhpd": 4.371909606396978e-06, "unpcklpd": 8.743819212793956e-06, "mulpd": 8.743819212793956e-06, "movhlps": 4.371909606396978e-06, "movupd": 2.6231457638381868e-05, "movaps": 0.0016394661023988667, "subsd": 3.4975276851175824e-05, "setnz": 0.0007781999099386621, "cmovnz": 0.000996795390258511, "jnl": 0.0017531357521651883, "cvttsd2si": 4.371909606396978e-05, "mul": 0.00015301683622389423, "setb": 7.869437291514561e-05, "cmovbe": 0.000196735932287864, "setl": 1.3115728819190934e-05, "cmovle": 0.00018362020346867307, "cmovb": 0.0004983976951292555, "cmovae": 0.00020547975150065798, "setz": 0.0014908211757813695, "cdqe": 0.00023608311874543682, "movsx": 0.001394639164440636, "cmovns": 2.6231457638381868e-05, "div": 0.0005421167911932253, "andpd": 4.371909606396978e-06, "cmova": 0.00047216623749087364, "maxsd": 4.371909606396978e-06, "setbe": 2.6231457638381868e-05, "bt": 0.00098367966143932, "cmovs": 7.432246330874862e-05, "fld": 8.743819212793956e-06, "fstp": 8.743819212793956e-06, "cmovl": 2.185954803198489e-05, "bswap": 8.743819212793956e-06, "punpcklqdq": 0.00010492583055352747, "cqo": 2.6231457638381868e-05, "idiv": 2.6231457638381868e-05, "setg": 6.557864409595467e-05, "pcmpeqd": 6.995055370235165e-05, "adc": 6.557864409595467e-05, "sets": 8.743819212793956e-06, "setnb": 4.371909606396978e-05, "rol": 1.3115728819190934e-05, "bsf": 4.371909606396978e-06, "movd": 3.4975276851175824e-05, "psrad": 3.9347186457572805e-05, "pandn": 3.9347186457572805e-05, "pand": 3.9347186457572805e-05, "por": 7.432246330874862e-05, "bts": 8.743819212793956e-06, "pextrw": 5.2462915276763736e-05, "setle": 1.3115728819190934e-05, "setnl": 4.371909606396978e-06, "psubq": 1.3115728819190934e-05, "cwde": 8.743819212793956e-06, "cmovge": 1.3115728819190934e-05, "setns": 4.371909606396978e-06, "ror": 4.371909606396978e-06, "pshuflw": 3.9347186457572805e-05, "pshufhw": 3.4975276851175824e-05, "punpckhwd": 1.7487638425587912e-05, "punpcklwd": 1.7487638425587912e-05, "pcmpgtd": 3.4975276851175824e-05, "psubd": 3.4975276851175824e-05, "pslld": 3.4975276851175824e-05, "packssdw": 1.7487638425587912e-05}