{"xor": 0.03424776205602079, "mov": 0.3853595148714987, "pop": 0.03826162287034363, "and": 0.00993935893733757, "push": 0.037048801617095006, "call": 0.06565405717585908, "hlt": 5.775339301183945e-06, "nop": 0.02642795264221773, "sub": 0.009610164597170083, "cmp": 0.05821542015593416, "jbe": 0.0018423332370776783, "test": 0.05592838579266532, "jz": 0.05578400231013572, "jmp": 0.034709789200115505, "ret": 0.013312157089228992, "sar": 0.0004966791799018192, "shr": 0.003852151313889691, "add": 0.04206179613052267, "jnz": 0.03544325729136587, "repz ": 1.155067860236789e-05, "lea": 0.025290210799884492, "jns": 0.0003522956973722206, "jb": 0.005313312157089229, "jl": 0.0006872653768408894, "movsxd": 0.0023447877562806814, "jle": 0.001351429396477043, "setz": 0.0017037250938492635, "or": 0.006658966214265088, "jg": 0.000727692751949177, "cmovz": 0.0019982673982096447, "ja": 0.004106266243141784, "neg": 0.0005717585908172105, "jnl": 0.0003003176436615651, "cmovnz": 0.0011030898065261334, "xchg": 0.0030436038117239387, "shl": 0.0047069015304649145, "movzx": 0.01187409760323419, "cmova": 0.000525555876407739, "not": 0.0007565694484550967, "js": 0.0011146404851285012, "bt": 0.0009818076812012706, "cmovae": 0.000207912214842622, "movsx": 0.0011666185388391568, "cdqe": 0.0002598902685532775, "jnb": 0.00333814611608432, "xorps": 0.0007796708056598325, "movups": 0.0036095870632399654, "cmovl": 3.465203580710367e-05, "setg": 9.240542881894312e-05, "movaps": 0.0017499278082587352, "imul": 0.0014669361825007218, "cmovge": 1.7326017903551834e-05, "setnz": 0.0010222350563095582, "adc": 4.042737510828761e-05, "cmovs": 9.240542881894312e-05, "cmovb": 0.0003753970545769564, "seta": 0.0001674848397343344, "setb": 8.085475021657522e-05, "fld": 1.155067860236789e-05, "fstp": 1.155067860236789e-05, "sbb": 0.00012705746462604678, "movsd": 5.775339301183945e-06, "cmovg": 5.775339301183944e-05, "cmovns": 2.887669650591972e-05, "div": 0.0006583886803349697, "bswap": 1.155067860236789e-05, "cmovbe": 0.00017326017903551835, "cqo": 3.465203580710367e-05, "idiv": 3.465203580710367e-05, "setl": 1.155067860236789e-05, "pxor": 1.155067860236789e-05, "movdqu": 0.00016170950043315044, "pcmpeqd": 2.310135720473578e-05, "mul": 0.00018481085763788623, "sets": 1.155067860236789e-05, "rol": 1.7326017903551834e-05, "setnb": 6.352873231302339e-05, "bsf": 5.775339301183945e-06, "bts": 1.155067860236789e-05, "setbe": 2.887669650591972e-05, "setle": 1.155067860236789e-05, "setnl": 5.775339301183945e-06, "cwde": 1.155067860236789e-05, "cmovle": 2.887669650591972e-05, "setns": 5.775339301183945e-06, "ror": 5.775339301183945e-06, "cvtsi2sd": 1.155067860236789e-05, "divsd": 5.775339301183945e-06}