{"xor": 0.039911941144159614, "mov": 0.387004831126816, "pop": 0.037520165737492915, "and": 0.008442577927329819, "push": 0.03585500564424395, "call": 0.07075849123520278, "hlt": 4.3250911512960135e-06, "nop": 0.02469194538274894, "sub": 0.009355172160253278, "cmp": 0.05756263813259865, "jbe": 0.0024393514093309517, "test": 0.05434909540718571, "jz": 0.05374358264600426, "jmp": 0.036841126426739444, "ret": 0.0139959949655939, "sar": 0.0004108836593731213, "shr": 0.0033562707334057066, "add": 0.03923722692455744, "jnz": 0.03334212768534097, "repz ": 8.650182302592027e-06, "imul": 0.0014359302622302765, "lea": 0.02640900656981346, "xorps": 0.0008131171364436506, "movups": 0.0036201012936347633, "jle": 0.0012326509781193638, "cmovnz": 0.0010639724232188194, "xchg": 0.0028459099775527768, "ja": 0.004519720253104334, "jg": 0.0007568909514768024, "jns": 0.000315731654044609, "movsxd": 0.002274997945581703, "setz": 0.0017559870074261815, "jl": 0.0006617389461482901, "or": 0.006107028705629972, "jnl": 0.000328706927498497, "cmovns": 3.460072921036811e-05, "movzx": 0.010695950417155042, "js": 0.0010553222409162273, "setnz": 0.0010769476966727073, "bt": 0.0008174422275949466, "jb": 0.005479890488692049, "shl": 0.004359691880506382, "div": 0.000648763672694402, "cmovz": 0.0021149695729837507, "neg": 0.0004800851177938575, "cmovb": 0.0003676327478601612, "cmova": 0.0004411592974321934, "jnb": 0.004139112231790285, "cmovg": 6.920145842073622e-05, "cmovl": 3.892582036166412e-05, "setbe": 2.5950546907776083e-05, "sbb": 0.0001643534637492485, "seta": 0.0001557032814466565, "cmovbe": 0.0001903040106570246, "cmovle": 3.892582036166412e-05, "cdqe": 0.0002854560159855369, "cmovae": 0.00016867855490054453, "movaps": 0.0015310822675587887, "setg": 7.352654957203222e-05, "mul": 0.00014705309914406445, "movsx": 0.0010250466028571552, "cqo": 3.0275638059072094e-05, "idiv": 3.0275638059072094e-05, "btc": 4.3250911512960135e-06, "cmovs": 0.00010380218763110433, "cmovge": 2.162545575648007e-05, "not": 0.000657413854996994, "movsd": 3.892582036166412e-05, "pxor": 1.2975273453888041e-05, "movdqu": 0.00018597891950572858, "pcmpeqd": 2.5950546907776083e-05, "adc": 4.325091151296014e-05, "ud2": 4.3250911512960135e-06, "rol": 2.162545575648007e-05, "bswap": 1.2975273453888041e-05, "movdqa": 4.3250911512960135e-06, "setle": 1.2975273453888041e-05, "setb": 6.055127611814419e-05, "fld": 8.650182302592027e-06, "fstp": 8.650182302592027e-06, "setns": 4.3250911512960135e-06, "ror": 4.3250911512960135e-06, "setl": 8.650182302592027e-06, "sets": 8.650182302592027e-06, "setnb": 4.757600266425615e-05, "bsf": 4.3250911512960135e-06, "bts": 8.650182302592027e-06, "setnl": 4.3250911512960135e-06, "cwde": 8.650182302592027e-06, "cvtsi2sd": 8.650182302592027e-06, "divsd": 4.3250911512960135e-06}