{"xor": 0.029417728051904964, "mov": 0.3960886955560061, "pop": 0.022413507087165687, "and": 0.009851989751718799, "push": 0.02196191915654434, "call": 0.05633329032495899, "hlt": 4.608040108381103e-06, "nop": 0.019031205647613958, "sub": 0.013202034910511862, "cmp": 0.06339280777099884, "jbe": 0.001916944685086539, "test": 0.05753138075313807, "jz": 0.054715868246917224, "jmp": 0.0350902254253221, "ret": 0.00822535159346027, "sar": 0.0007603266178828821, "shr": 0.004368422022745286, "add": 0.05394632554881758, "jnz": 0.038555471586824694, "repz ": 9.216080216762206e-06, "lea": 0.03467089377545942, "ja": 0.004455974784804527, "cmovnz": 0.0010322009842773671, "movsxd": 0.006898236042246512, "shl": 0.004548135586972149, "jle": 0.0014837889148987154, "or": 0.005783090336018285, "jns": 0.00037785928888725047, "js": 0.0012303467089377546, "movzx": 0.012543085175013364, "jnb": 0.0038569295707149833, "xchg": 0.002280979853648646, "jg": 0.0022763718135402652, "jb": 0.005796914456343428, "movaps": 0.001833999963135679, "xorps": 0.0009953366634103183, "movups": 0.0035942712845372605, "cmovl": 2.764824065028662e-05, "not": 0.0007050301365823088, "imul": 0.0016450703186920539, "jl": 0.0015022210753322398, "neg": 0.0007188542569074521, "cmovge": 1.8432160433524412e-05, "cdqe": 0.00021196984498553077, "cmovz": 0.0018063517224853926, "cmova": 0.00048384421138001585, "movsx": 0.001428492433598142, "bt": 0.0010091607837354616, "setz": 0.0012349547490461358, "cmovb": 0.0005161004921386836, "seta": 0.0001290251230346709, "cmovs": 7.833668184247876e-05, "sbb": 0.00018892964444362523, "fld": 9.216080216762206e-06, "fstp": 9.216080216762206e-06, "movsd": 9.216080216762206e-06, "cmovg": 0.00035942712845372606, "jnl": 0.0018201758428105358, "div": 0.0005621808932224946, "bswap": 9.216080216762206e-06, "setb": 7.372864173409765e-05, "movq": 0.0005391406926805891, "pshufd": 0.00018892964444362523, "paddq": 5.529648130057324e-05, "movdqu": 0.0007833668184247875, "cmovbe": 0.00019814572466038744, "setnz": 0.0007925828986415497, "punpcklqdq": 0.00011059296260114648, "cqo": 2.764824065028662e-05, "idiv": 2.764824065028662e-05, "setl": 9.216080216762206e-06, "cmovae": 0.00017971356422686303, "setg": 6.912060162571655e-05, "pxor": 0.00021657788509391187, "pcmpeqd": 7.372864173409765e-05, "movdqa": 0.000534532652572208, "mul": 0.00015667336368495752, "adc": 6.912060162571655e-05, "pslldq": 9.216080216762206e-06, "sets": 9.216080216762206e-06, "setnb": 4.608040108381103e-05, "rol": 1.382412032514331e-05, "bsf": 4.608040108381103e-06, "movd": 3.6864320867048824e-05, "psllq": 4.608040108381103e-06, "psrad": 4.147236097542993e-05, "pandn": 4.147236097542993e-05, "pand": 4.147236097542993e-05, "por": 7.833668184247876e-05, "bts": 9.216080216762206e-06, "pextrw": 5.529648130057324e-05, "setbe": 2.3040200541905517e-05, "setle": 1.382412032514331e-05, "setnl": 4.608040108381103e-06, "psubq": 1.382412032514331e-05, "cwde": 9.216080216762206e-06, "cmovle": 0.00018892964444362523, "cmovns": 2.3040200541905517e-05, "setns": 4.608040108381103e-06, "ror": 4.608040108381103e-06, "pshuflw": 4.147236097542993e-05, "pshufhw": 3.6864320867048824e-05, "punpckhwd": 1.8432160433524412e-05, "punpcklwd": 1.8432160433524412e-05, "pcmpgtd": 3.6864320867048824e-05, "psubd": 3.6864320867048824e-05, "pslld": 3.6864320867048824e-05, "packssdw": 1.8432160433524412e-05, "cvtsi2sd": 9.216080216762206e-06, "divsd": 4.608040108381103e-06}