{"xor": 0.03352915274988455, "mov": 0.38745753367771774, "pop": 0.022721496103301007, "and": 0.010084520958405379, "push": 0.022059218369078433, "call": 0.061176563243943737, "hlt": 3.579879644446354e-06, "nop": 0.01957836177547711, "sub": 0.012089253559295337, "cmp": 0.06620629414439086, "jbe": 0.0018472178965343185, "test": 0.05707402117140822, "jz": 0.05595351884269651, "jmp": 0.0360816069363748, "ret": 0.0087886045271158, "sar": 0.0007410350864003952, "shr": 0.004353133647646766, "add": 0.049477516565893054, "jnz": 0.04075334987237729, "repz ": 7.159759288892708e-06, "movaps": 0.0018328983779565332, "movups": 0.0035798796444463537, "movzx": 0.013335051675562667, "xchg": 0.002237424777778971, "jnb": 0.0039020688124465257, "lea": 0.03215805884606159, "ja": 0.0042636366565356075, "jb": 0.005548813448891848, "cmovle": 0.00016467446364453226, "jle": 0.001457011015289666, "movsx": 0.0017219221089786962, "bt": 0.0011276620880006014, "cmovz": 0.0017720404240009451, "sbb": 0.00018973362115565676, "or": 0.006139493590225496, "cmovbe": 0.00017541410257787134, "not": 0.0007875735217781979, "movsxd": 0.006236150340625548, "xorps": 0.0009271888279116056, "jnl": 0.001528608608178593, "setnz": 0.0008699107536004639, "shl": 0.004213518341513359, "cmovnz": 0.0010274254579561036, "imul": 0.001417632339200756, "setz": 0.0016503245160897691, "setg": 8.233723182226613e-05, "neg": 0.0006837570120892535, "cmovl": 3.937867608890989e-05, "cmovs": 7.517747253337342e-05, "jg": 0.002104969230934456, "cmova": 0.0004689642334224723, "setns": 1.073963893333906e-05, "setle": 3.2218916800017185e-05, "rol": 1.789939822223177e-05, "jl": 0.0012780170330673483, "js": 0.0012887566720006874, "bsf": 1.4319518577785415e-05, "cqo": 8.591711146671249e-05, "idiv": 8.591711146671249e-05, "movdqu": 0.000698076530667039, "pshufd": 0.00017899398222231768, "jns": 0.00048686363164470413, "adc": 6.801771324448073e-05, "cmovae": 0.00018257386186676405, "setl": 2.147927786667812e-05, "setnl": 1.4319518577785415e-05, "pxor": 0.00021121289902233486, "pcmpeqd": 6.443783360003437e-05, "movdqa": 0.000587100261689202, "cdqe": 0.00025059157511124475, "ror": 7.159759288892708e-06, "cmovb": 0.00044390507591134787, "div": 0.00047612399271136505, "cmovge": 1.4319518577785415e-05, "cmovg": 0.000293550130844601, "sets": 1.789939822223177e-05, "cmovns": 2.5059157511124476e-05, "seta": 0.00011097626897783697, "movq": 0.0004224257980446697, "pslldq": 1.073963893333906e-05, "bsr": 1.789939822223177e-05, "movd": 3.579879644446354e-05, "punpcklbw": 3.579879644446354e-06, "pshuflw": 3.579879644446354e-05, "setnb": 3.937867608890989e-05, "setb": 6.443783360003437e-05, "mul": 0.00012529578755562237, "bts": 1.073963893333906e-05, "fld": 7.159759288892708e-06, "fstp": 7.159759288892708e-06, "movsd": 7.159759288892708e-06, "bswap": 7.159759288892708e-06, "setbe": 1.789939822223177e-05, "paddq": 4.295855573335624e-05, "punpcklqdq": 8.591711146671249e-05, "psllq": 3.579879644446354e-06, "psrad": 3.2218916800017185e-05, "pandn": 3.2218916800017185e-05, "pand": 3.2218916800017185e-05, "por": 6.0857953955588016e-05, "pextrw": 4.295855573335624e-05, "psubq": 1.073963893333906e-05, "cwde": 7.159759288892708e-06, "pshufhw": 2.863903715557083e-05, "punpckhwd": 1.4319518577785415e-05, "punpcklwd": 1.4319518577785415e-05, "pcmpgtd": 2.863903715557083e-05, "psubd": 2.863903715557083e-05, "pslld": 2.863903715557083e-05, "packssdw": 1.4319518577785415e-05, "cvtsi2sd": 7.159759288892708e-06, "divsd": 3.579879644446354e-06}