{"xor": 0.060087082728592166, "mov": 0.34310595065312044, "pop": 0.0444121915820029, "and": 0.002902757619738752, "push": 0.0351233671988389, "call": 0.09811320754716982, "hlt": 0.00029027576197387516, "nop": 0.025253991291727142, "sub": 0.0055152394775036286, "cmp": 0.04354136429608128, "jbe": 0.0008708272859216256, "test": 0.04847605224963716, "jz": 0.05137880986937591, "jmp": 0.03947750362844703, "ret": 0.02293178519593614, "sar": 0.0008708272859216256, "shr": 0.0037735849056603774, "add": 0.023222060957910014, "jnz": 0.026705370101596515, "repz ": 0.0005805515239477503, "lea": 0.02119013062409289, "ja": 0.0023222060957910013, "js": 0.0017416545718432512, "jg": 0.0008708272859216256, "jns": 0.0011611030478955006, "jnb": 0.0020319303338171262, "jnl": 0.0005805515239477503, "xchg": 0.0040638606676342524, "cdqe": 0.00029027576197387516, "or": 0.017997097242380262, "jl": 0.0017416545718432512, "shl": 0.020609579100145138, "xorps": 0.0005805515239477503, "movaps": 0.0052249637155297535, "movups": 0.003193033381712627, "movzx": 0.03018867924528302, "cmovz": 0.0011611030478955006, "movsxd": 0.0023222060957910013, "movsx": 0.0005805515239477503, "bswap": 0.00029027576197387516, "jb": 0.0017416545718432512, "imul": 0.0008708272859216256, "cmovnz": 0.001451378809869376, "cmova": 0.00029027576197387516, "bt": 0.00029027576197387516, "setz": 0.0005805515239477503}