{"mov": 0.08425569814987248, "ldr": 0.3532569531597911, "add": 0.0673778389538885, "bl": 0.039484231407635316, "stxrb": 4.0484190923444395e-06, "stur": 4.0484190923444395e-06, "sturh": 4.0484190923444395e-06, "bic": 4.0484190923444395e-06, "adrp": 0.01886968138941743, "cbz": 2.0242095461722196e-05, "b": 0.040484190923444394, "ret": 0.008497631674830978, "cmp": 0.07811424638678596, "b.eq": 0.03675559693939517, "sub": 0.009521881705194121, "str": 0.10457471357434922, "br": 0.00010525889640095543, "asr": 0.0005505849965588438, "sdiv": 3.6435771831099954e-05, "stp": 0.007700093113639124, "ldrb": 0.019501234767823165, "cbnz": 4.0484190923444395e-06, "strb": 0.004939071292660216, "ldp": 0.007724383628193191, "b.ne": 0.030342901097121573, "b.gt": 0.0009270879721468766, "cmn": 0.0014614792923363428, "sxtw": 0.0023521314926521195, "lsl": 0.01263916440629934, "b.lt": 0.000765151208453099, "ubfx": 0.0011740415367798875, "and": 0.02677219545767378, "blr": 0.00490668393992146, "b.ge": 0.0005667786729282215, "nop": 0.007509817416298936, "b.le": 0.0009797174203473543, "b.ls": 0.0022185336626047527, "b.hi": 0.0022549694344358526, "ldrsw": 0.0029998785474272295, "lsr": 0.0027529249827942187, "b.cs": 0.0013238330431966318, "b.cc": 0.0022185336626047527, "bfi": 0.0004007934901420995, "cset": 0.0009149427148698433, "ldrh": 0.0022023399862353753, "movk": 0.0017205781142463868, "orr": 0.0035504635439860734, "bfxil": 3.6435771831099954e-05, "cneg": 8.501680093923323e-05, "strh": 0.001004007934901421, "csel": 0.00019837253552487753, "neg": 0.00042508400469616614, "eor": 0.0009311363912392211, "udiv": 0.00044532610015788834, "mul": 0.0007327638557143436, "umulh": 7.691996275454435e-05, "mvn": 0.00027124407918707743, "ldrsb": 1.214525727703332e-05, "adr": 9.716205821626655e-05, "ubfiz": 6.882312456985548e-05, "ldrsh": 3.2387352738755516e-05, "sxth": 0.0005870207683899437, "sxtb": 0.00011740415367798874, "smulh": 1.6193676369377758e-05, "umull": 2.429051455406664e-05, "rbit": 4.0484190923444395e-06, "clz": 4.0484190923444395e-06, "fmov": 4.0484190923444395e-06, "cnt": 4.0484190923444395e-06, "addv": 4.0484190923444395e-06, "umov": 4.0484190923444395e-06, "rorv": 4.0484190923444395e-06, "smull": 8.096838184688879e-06, "adds": 1.6193676369377758e-05, "adc": 1.6193676369377758e-05, "negs": 4.0484190923444395e-06, "csneg": 4.0484190923444395e-06, "movi": 4.0484190923444395e-06, "ucvtf": 8.096838184688879e-06, "fdiv": 4.0484190923444395e-06}