{"mov": 0.08418087111615558, "ldr": 0.35355398366403856, "add": 0.067147692494781, "bl": 0.03940493321713046, "cbz": 2.8375119074160402e-05, "bic": 4.053588439165772e-06, "adrp": 0.018658667585480047, "b": 0.04050750927258356, "ret": 0.008476053426295628, "cmp": 0.07815723869555524, "b.eq": 0.036761993554794384, "sub": 0.009550254362674558, "str": 0.10461501043799024, "br": 0.00010539329941831006, "asr": 0.000551288027726545, "sdiv": 3.6482295952491945e-05, "stp": 0.007681550092219137, "ldrb": 0.019534242688339854, "cbnz": 4.053588439165772e-06, "strb": 0.004945377895782241, "ldp": 0.0077058716228541315, "b.ne": 0.030373538174669125, "ubfx": 0.0011795942357972395, "and": 0.026798273171324917, "blr": 0.004941324307343076, "b.ge": 0.0005634487930440422, "b.le": 0.0009850219907172825, "b.gt": 0.0009242181641297959, "nop": 0.007519406554652506, "b.hi": 0.002253795172176169, "b.ls": 0.0022254200531020086, "cset": 0.0009201645756906302, "lsl": 0.012659356695514705, "eor": 0.0009363789294472932, "orr": 0.003559050649587547, "bfi": 0.00040535884391657717, "cmn": 0.0014633454265388435, "sxtw": 0.0023551348831553133, "ldrsw": 0.0030037090334218367, "b.lt": 0.000762074626563165, "lsr": 0.0027564401386327244, "ldrh": 0.00220515211090618, "b.cs": 0.0013255234196072074, "movk": 0.001722775086645453, "csel": 0.0001986258335191228, "cneg": 8.51253572224812e-05, "b.cc": 0.0022213664646628427, "bfxil": 3.6482295952491945e-05, "strh": 0.0010052899329131113, "neg": 0.000425626786112406, "udiv": 0.00044589472830823486, "mul": 0.0007336995074890047, "umulh": 7.701818034414966e-05, "mvn": 0.0002715904254241067, "ldrsb": 1.2160765317497315e-05, "adr": 9.728612253997852e-05, "ubfiz": 6.891100346581812e-05, "ldrsh": 3.2428707513326173e-05, "sxth": 0.0005877703236790369, "sxtb": 0.00011755406473580738, "smulh": 1.6214353756663087e-05, "umull": 2.432153063499463e-05, "rbit": 4.053588439165772e-06, "clz": 4.053588439165772e-06, "fmov": 4.053588439165772e-06, "cnt": 4.053588439165772e-06, "addv": 4.053588439165772e-06, "umov": 4.053588439165772e-06, "rorv": 4.053588439165772e-06, "smull": 8.107176878331543e-06, "adds": 1.6214353756663087e-05, "adc": 1.6214353756663087e-05, "negs": 4.053588439165772e-06, "csneg": 4.053588439165772e-06, "movi": 4.053588439165772e-06, "ucvtf": 8.107176878331543e-06, "fdiv": 4.053588439165772e-06}