{"stp": 0.025719782261766827, "adrp": 0.023254924250705026, "mov": 0.17355114443740025, "add": 0.08565791487222088, "str": 0.061779944472378286, "bl": 0.04790350436132305, "ldr": 0.14946549198784514, "strb": 0.014062260892376976, "nop": 0.0073125942767199355, "cmn": 0.001940187569682793, "b.eq": 0.0241457709376298, "cmp": 0.0614793520320049, "b.le": 0.0015794766412347244, "b.ne": 0.017860656275277092, "cbnz": 0.015051483287060316, "ldrb": 0.02224930590472859, "b.ls": 0.005776840172266795, "b.ge": 0.0005574623439651968, "b": 0.0419845659445161, "cbz": 0.03591806396607131, "tbnz": 0.0050226264127844695, "and": 0.012920009618958093, "eor": 0.0015849419583324224, "orr": 0.005317753536060162, "b.lt": 0.0007104912227007411, "ldp": 0.04797455348359312, "ret": 0.013439214743239402, "b.gt": 0.0015685460070393284, "fmov": 0.0022571759613492777, "stxrb": 5.465317097698008e-06, "stxr": 5.465317097698008e-06, "sub": 0.01654351485473187, "br": 0.0005574623439651968, "asr": 0.000655838051723761, "sdiv": 2.1861268390792033e-05, "sxtw": 0.0023391557178147476, "ubfiz": 0.0012023697614935618, "ubfx": 0.0017652974225564567, "b.hi": 0.005733117635485211, "ldrh": 0.0037929300658024177, "ccmp": 0.004219224799422863, "tbz": 0.004798548411778851, "ldurb": 0.0004918785387928208, "lsl": 0.004563539776577837, "lsr": 0.003049646940515489, "smull": 0.0002678005377872024, "b.cs": 0.0021369389851999213, "csel": 0.005039022364077564, "stur": 0.0008525894672408893, "blr": 0.0093292962857705, "smaddl": 5.4653170976980085e-05, "subs": 0.0004754825874997267, "b.mi": 0.00012023697614935619, "mvn": 0.00022954331810331636, "b.cc": 0.001994840740659773, "tst": 0.0037874647487047197, "movk": 0.003071508208906281, "cset": 0.002787311719825984, "sbfiz": 0.0002459392693964104, "bfi": 0.0004700172704020287, "bics": 0.00010384102485626216, "cneg": 0.00016395951293094024, "sturb": 0.00014209824454014823, "bfxil": 5.4653170976980085e-05, "strh": 0.003055112257613187, "ldrsb": 0.00014756356163784623, "udiv": 0.0005957195636490829, "msub": 0.00025140458649410837, "ands": 0.00030059244037339045, "mul": 0.0005519970268674988, "umulh": 0.00012023697614935619, "rev": 5.4653170976980085e-05, "rev16": 2.1861268390792033e-05, "sxth": 0.00025140458649410837, "ldrsh": 4.9187853879282075e-05, "orn": 3.279190258618805e-05, "movi": 0.0001311676103447522, "bic": 0.0001366329274424502, "ldur": 0.0005957195636490829, "neg": 0.00036071092844806857, "sturh": 0.00022407800100561834, "umull": 0.0005902542465513849, "dup": 0.00029512712327569245, "brk": 0.00021314736681022232, "adds": 0.0001366329274424502, "ldursh": 5.465317097698008e-06, "adr": 0.00016395951293094024, "madd": 0.0002459392693964104, "ccmn": 6.0118488074678095e-05, "umaddl": 0.0005519970268674988, "csetm": 3.825721968388606e-05, "csinc": 0.0003279190258618805, "mvni": 3.279190258618805e-05, "ldrsw": 0.0004372253678158407, "cinc": 0.00012023697614935619, "csinv": 6.55838051723761e-05, "rbit": 4.3722536781584065e-05, "clz": 4.3722536781584065e-05, "b.pl": 1.0930634195396016e-05, "cmeq": 2.7326585488490043e-05, "ldursb": 2.1861268390792033e-05, "smulh": 1.6395951293094026e-05, "eon": 1.6395951293094026e-05, "ldursw": 5.465317097698008e-06, "rorv": 5.465317097698008e-06, "cnt": 1.6395951293094026e-05, "addv": 2.1861268390792033e-05, "umov": 1.6395951293094026e-05, "sxtb": 1.6395951293094026e-05, "tbl": 4.3722536781584065e-05, "ushll": 2.1861268390792033e-05, "ushll2": 2.1861268390792033e-05, "cmhs": 4.3722536781584065e-05, "xtn": 2.1861268390792033e-05, "xtn2": 2.1861268390792033e-05, "ldurh": 0.00016942483002863827, "ins": 5.465317097698008e-06, "sqrdmulh": 5.465317097698008e-06, "bit": 5.465317097698008e-06, "umaxv": 1.0930634195396016e-05, "smsubl": 2.7326585488490043e-05, "csneg": 5.465317097698008e-06, "ucvtf": 1.0930634195396016e-05, "fdiv": 5.465317097698008e-06, "sshll": 1.6395951293094026e-05, "sshll2": 1.6395951293094026e-05}