{"stp": 0.025819410306108084, "mov": 0.1733782335170487, "adrp": 0.02367004861780343, "add": 0.0858553593277966, "str": 0.06148148950223599, "bl": 0.048238822777819886, "ldr": 0.14992474527086289, "nop": 0.0073197405606748025, "cmn": 0.0019165592888157395, "b.eq": 0.024016545212391584, "cmp": 0.06127575714919927, "b.ls": 0.005776747912899419, "ldrh": 0.00375190843827488, "adr": 0.00016783428800363822, "br": 0.000563056966205754, "b.ne": 0.017790434528385652, "cbnz": 0.01505635983671348, "cset": 0.00279362879386701, "ldp": 0.04817385466633461, "ret": 0.013480883133195457, "b": 0.04198022803807131, "ldrb": 0.022072915877123647, "cbz": 0.03603023182787782, "smaddl": 5.955410219483937e-05, "strb": 0.013930245904301971, "sub": 0.016388206122161707, "b.le": 0.001591718731389343, "cinc": 0.0001299362229705586, "b.lt": 0.0007038212077571925, "bics": 0.00010828018580879885, "asr": 0.0006442671055623531, "sdiv": 2.7070046452199712e-05, "blr": 0.00943661819323682, "ccmp": 0.004206685218671835, "cneg": 0.00018407631587495803, "neg": 0.00036815263174991606, "csinc": 0.0003302545667168365, "tbnz": 0.005035028640109147, "ldurb": 0.0005089168733013546, "and": 0.012777061925438263, "csel": 0.005007958593656946, "b.hi": 0.0057063657921237, "ubfiz": 0.0011856680346063475, "lsl": 0.004536939785388672, "tst": 0.00377356447543664, "b.gt": 0.0015484066570658236, "b.ge": 0.0005359869197535543, "b.cc": 0.0019869414095914587, "fmov": 0.002273883901984776, "tbz": 0.004753500157006269, "madd": 0.0002598724459411172, "movk": 0.0030535012398081275, "b.cs": 0.0021222916418524576, "ldpsw": 5.414009290439943e-06, "subs": 0.00047643281755871495, "lsr": 0.003015603174775048, "dup": 0.0002977705109741968, "shl": 1.0828018580879886e-05, "orr": 0.0051920349095319045, "ubfx": 0.0017433109915216615, "ldrsh": 5.955410219483937e-05, "csetm": 4.872608361395948e-05, "smull": 0.0002652864552315572, "stur": 0.000844585449308631, "sxtw": 0.0023117819670178553, "b.mi": 0.00011910820438967874, "mvn": 0.00022738839019847759, "bfi": 0.00046560479897783506, "ldrsb": 0.00014617825084187845, "adds": 0.00013535023226099856, "bfxil": 5.4140092904399424e-05, "strh": 0.0030264311933559276, "ands": 0.0002977705109741968, "sturb": 0.0001407642415514385, "umull": 0.0005847130033675138, "eor": 0.0015646486849371433, "ldur": 0.0005901270126579538, "umaddl": 0.0005468149383344342, "ldrsw": 0.0004331207432351954, "sbfiz": 0.00024363041806979742, "udiv": 0.0005901270126579538, "msub": 0.00024904442736023734, "mul": 0.0005468149383344342, "umulh": 0.00011910820438967874, "rev": 5.4140092904399424e-05, "rev16": 2.165603716175977e-05, "sxth": 0.00024904442736023734, "orn": 3.248405574263965e-05, "movi": 0.0001299362229705586, "bic": 0.00013535023226099856, "sturh": 0.00022197438090803764, "brk": 0.00021114636232715775, "ldursh": 5.414009290439943e-06, "ccmn": 5.955410219483937e-05, "mvni": 3.248405574263965e-05, "csinv": 6.49681114852793e-05, "rbit": 4.331207432351954e-05, "clz": 4.331207432351954e-05, "b.pl": 1.0828018580879886e-05, "cmeq": 2.7070046452199712e-05, "ldursb": 2.165603716175977e-05, "smulh": 1.6242027871319827e-05, "eon": 1.6242027871319827e-05, "ldursw": 5.414009290439943e-06, "rorv": 5.414009290439943e-06, "cnt": 1.6242027871319827e-05, "addv": 2.165603716175977e-05, "umov": 1.6242027871319827e-05, "sxtb": 1.6242027871319827e-05, "tbl": 4.331207432351954e-05, "ushll": 2.165603716175977e-05, "ushll2": 2.165603716175977e-05, "cmhs": 4.331207432351954e-05, "xtn": 2.165603716175977e-05, "xtn2": 2.165603716175977e-05, "ldurh": 0.00016783428800363822, "ins": 5.414009290439943e-06, "sqrdmulh": 5.414009290439943e-06, "bit": 5.414009290439943e-06, "umaxv": 1.0828018580879886e-05, "smsubl": 2.7070046452199712e-05, "csneg": 5.414009290439943e-06, "stnp": 5.414009290439943e-06, "fmsub": 5.414009290439943e-06, "ucvtf": 1.0828018580879886e-05, "fdiv": 5.414009290439943e-06, "sshll": 1.6242027871319827e-05, "sshll2": 1.6242027871319827e-05}