{"mov": 0.17924587766628006, "ldr": 0.1618110534012405, "add": 0.08326609853260047, "bl": 0.05626922495083455, "adr": 0.00017018808935505018, "adrp": 0.025755130855730925, "cbz": 0.03542433563612526, "b": 0.056206192325147494, "ret": 0.012184206545307852, "cmp": 0.05438454944279159, "b.eq": 0.022918662699813422, "sub": 0.013564621047854369, "str": 0.05981165851444708, "br": 0.00017649135192375574, "asr": 0.0006429327820079673, "sdiv": 5.672936311835006e-05, "stp": 0.025767737380868336, "ldrb": 0.022924965962382127, "cbnz": 0.012411123997781251, "strb": 0.009347738389390348, "ldp": 0.04951212747718219, "tbz": 0.004758963239372699, "b.cc": 0.001638848267863446, "b.cs": 0.0023259038878523522, "blr": 0.00864807624426403, "b.le": 0.001695577630981796, "b.ne": 0.014144521204175281, "b.gt": 0.0006429327820079673, "cmn": 0.0021935353739095356, "csel": 0.00465811103827341, "orr": 0.005975492915132873, "tbnz": 0.00499848721698351, "lsl": 0.004380767485250366, "and": 0.011352175886238717, "eor": 0.0015316928041954516, "b.ls": 0.005414502546518078, "sxtw": 0.0015316928041954516, "ldrsw": 0.0004475316423780949, "stur": 0.0001323685139428168, "sturb": 8.824567596187787e-05, "fmov": 0.006378901719530029, "movi": 0.0002458272401795169, "b.ge": 0.0001323685139428168, "subs": 0.00032776965357268924, "b.mi": 6.303262568705562e-05, "mvn": 0.0002521305027482225, "ccmp": 0.004695930613685644, "ands": 0.0009707024355806565, "ldrh": 0.0030129595078412586, "movk": 0.0025276082900509305, "b.hi": 0.0046896273511169385, "cset": 0.0030129595078412586, "sbfiz": 0.0002143109273359891, "bfi": 0.0005105642680651505, "bics": 8.194241339317231e-05, "ubfiz": 0.0010463415864051234, "ldurb": 0.00016388482678634462, "cneg": 0.00018909787706116685, "ldur": 0.00017018808935505018, "bfxil": 5.672936311835006e-05, "strh": 0.0014812667036458072, "ubfx": 0.0018531591951994352, "tst": 0.0023700267258332914, "ldrsb": 8.194241339317231e-05, "udiv": 0.0006933588825576118, "msub": 0.00030255660329786695, "csinc": 0.0003655892289849226, "mul": 0.0007311784579698452, "umulh": 0.00011976198880540567, "sxth": 0.00017018808935505018, "lsr": 0.002445665876657758, "orn": 3.781957541223337e-05, "bic": 0.00012606525137411124, "csinv": 5.04261005496445e-05, "neg": 0.0003466794412788059, "ccmn": 7.563915082446674e-05, "adds": 0.00011345872623670011, "csetm": 6.303262568705562e-05, "madd": 0.00033407291614139477, "sxtb": 0.000100852201099289, "mvni": 7.563915082446674e-05, "b.lt": 0.00023952397761081134, "cinc": 0.00020800766476728355, "ldrsh": 3.151631284352781e-05, "shl": 6.303262568705562e-05, "rbit": 5.04261005496445e-05, "clz": 5.04261005496445e-05, "cmeq": 6.303262568705562e-06, "umov": 6.303262568705562e-05, "sbfx": 1.2606525137411125e-05, "smulh": 1.8909787706116685e-05, "umull": 3.781957541223337e-05, "cnt": 1.8909787706116685e-05, "addv": 1.8909787706116685e-05, "sshr": 6.303262568705562e-06, "rorv": 6.303262568705562e-06, "ushr": 6.303262568705562e-06, "eon": 6.303262568705562e-06, "b.pl": 6.303262568705562e-06, "smull": 1.2606525137411125e-05, "negs": 6.303262568705562e-06, "csneg": 6.303262568705562e-06, "ucvtf": 1.2606525137411125e-05, "fdiv": 6.303262568705562e-06, "nop": 1.2606525137411125e-05}