{"stp": 0.02906694774415913, "mov": 0.1776220068156981, "ldr": 0.15578461359389045, "adrp": 0.024844318850513764, "str": 0.05702165633103341, "add": 0.08359253247803004, "bl": 0.05246923559423963, "cmn": 0.0022762103683968884, "b.eq": 0.022632773549400877, "cmp": 0.05769417303078704, "b.le": 0.001416164973519655, "b.ne": 0.01700044618896426, "ldp": 0.052449836074054436, "ret": 0.016586589758346645, "and": 0.012551489559824887, "b.lt": 0.0002974593095064115, "b.gt": 0.0008083133410500314, "nop": 0.008716851069883538, "ldrh": 0.0028517294672245107, "tst": 0.0031556552834593223, "cbz": 0.03735700936996825, "strb": 0.008309461145994323, "b": 0.040738992388921584, "orr": 0.005826322562288626, "cbnz": 0.0154678840943334, "sub": 0.013961188026616141, "br": 0.0006983827266672271, "asr": 0.0006595836862968256, "sdiv": 2.5866026913601003e-05, "ldrb": 0.022083120477486857, "ldaxrb": 6.466506728400251e-06, "cset": 0.0026900667990145044, "csinc": 0.0003556578700620138, "csel": 0.00488867908667059, "smull": 0.0002780597893212108, "b.cs": 0.002198612287656085, "stur": 0.0005367200584572208, "blr": 0.008173664504697918, "smaddl": 7.113157401240276e-05, "b.ge": 0.0005496530719140213, "sxtw": 0.0015713611350012609, "subs": 0.00036212437679041405, "b.mi": 5.1732053827202006e-05, "mvn": 0.0002715932825928105, "lsl": 0.004319626494571367, "tbnz": 0.004933944633769391, "b.cc": 0.0022309448212980867, "ccmp": 0.003996301158151355, "tbz": 0.005063274768337397, "b.ls": 0.005444798665313011, "movk": 0.0030521911758049185, "b.hi": 0.0054835977056834125, "sbfiz": 0.00021339472203720829, "bfi": 0.00047852149790161857, "bics": 0.00011639712111120451, "fmov": 0.0025154711173476976, "ubfiz": 0.0011122391572848432, "ldurb": 0.00042678944407441657, "cneg": 0.00019399520185200752, "sturb": 0.00016812917493840652, "bfxil": 5.8198560555602255e-05, "strh": 0.0016812917493840653, "ubfx": 0.0018623539377792722, "ldrsb": 8.406458746920326e-05, "udiv": 0.0007048492333956274, "msub": 0.00031039232296321205, "eor": 0.0017136242830260665, "ands": 0.0002974593095064115, "mul": 0.0006143181391980239, "umulh": 0.00012286362783960476, "rev": 6.466506728400251e-05, "rev16": 2.5866026913601003e-05, "sxth": 0.0002780597893212108, "ldrsh": 5.8198560555602255e-05, "lsr": 0.002528404130804498, "orn": 3.8799040370401506e-05, "bic": 0.00013579664129640526, "ldur": 0.0005561195786424216, "neg": 0.00038799040370401505, "umull": 0.00033625834987681305, "adds": 0.00014226314802480552, "sturh": 1.9399520185200753e-05, "umaddl": 0.0005755190988276223, "adr": 0.00018106218839520702, "madd": 0.0002715932825928105, "ccmn": 7.759808074080301e-05, "csetm": 4.5265547098801756e-05, "ldrsw": 0.00033625834987681305, "cinc": 0.00019399520185200752, "csinv": 7.759808074080301e-05, "brk": 0.00014872965475320576, "mvni": 2.5866026913601003e-05, "rbit": 5.1732053827202006e-05, "clz": 5.1732053827202006e-05, "b.pl": 6.466506728400251e-06, "cmeq": 1.2933013456800501e-05, "movi": 1.2933013456800501e-05, "ldursb": 6.466506728400251e-06, "sbfx": 6.466506728400251e-06, "smulh": 1.9399520185200753e-05, "eon": 1.9399520185200753e-05, "ldursw": 6.466506728400251e-06, "rorv": 6.466506728400251e-06, "cnt": 1.9399520185200753e-05, "addv": 1.9399520185200753e-05, "umov": 1.9399520185200753e-05, "sxtb": 1.9399520185200753e-05, "ldurh": 1.2933013456800501e-05, "smsubl": 1.2933013456800501e-05, "ucvtf": 1.2933013456800501e-05, "fdiv": 6.466506728400251e-06}