{"mov": 0.19004995922114434, "ldr": 0.13772597428677985, "add": 0.09020528772658905, "bl": 0.0626191090947094, "adr": 0.00024180426968962987, "adrp": 0.038631305866007645, "cbz": 0.032823905016004164, "b": 0.06332403001651646, "ret": 0.010618895979081881, "cmp": 0.054799404915593916, "b.eq": 0.021963204767232652, "sub": 0.013364808872167509, "str": 0.054696945479284755, "br": 0.0002459026471419965, "asr": 0.0006762322796404904, "sdiv": 8.196754904733216e-05, "stp": 0.023618949257988762, "ldrb": 0.0185820433690302, "cbnz": 0.011967262160910496, "strb": 0.007598391796687691, "ldp": 0.044119033274726535, "b.hi": 0.005934450551026848, "b.cc": 0.0020000081967549046, "csetm": 4.9180529428399294e-05, "b.le": 0.001946729289874139, "b.ge": 0.00016393509809466432, "b.ls": 0.005725433300956152, "ldur": 0.0002049188726183304, "b.ne": 0.012782839273931451, "tst": 0.0018155812113984074, "subs": 0.0003073783089274956, "lsl": 0.004823790261435498, "blr": 0.008250033811613981, "tbz": 0.0040410001680334755, "udiv": 0.0005901663531407916, "b.mi": 8.196754904733216e-05, "cmn": 0.0016598428682084762, "ccmp": 0.004106574207271342, "csel": 0.006713142266976504, "b.cs": 0.002614764814609896, "tbnz": 0.007741835007520522, "cset": 0.003586080270820782, "and": 0.009479547047323964, "sxtw": 0.0014918093926614454, "ldrh": 0.002299189750777667, "fmov": 0.008426264042065746, "neg": 0.0003442637059987951, "ubfx": 0.0016844331329226758, "mul": 0.0007909868483067554, "ands": 0.003741818614010713, "movi": 0.0003483620834511617, "ldurb": 0.00017623023045176416, "eor": 0.0011147586670437173, "cneg": 0.00016803347554703092, "b.gt": 0.0006557403923786573, "orr": 0.004913954565387563, "msub": 0.00028688642166566254, "csinc": 0.0004139361226890274, "sturb": 7.377079414259895e-05, "mvn": 0.0002459026471419965, "lsr": 0.0023688621674678996, "ldrsw": 0.0004713134070221599, "ccmn": 0.00011065619121389841, "sbfiz": 0.00022131238242779683, "stur": 0.00012704970102336486, "b.lt": 0.00027459128930856276, "sbc": 1.2295132357099823e-05, "movk": 0.0019303357800646724, "umull": 5.7377284333132515e-05, "umulh": 8.606592649969878e-05, "ldrsh": 4.9180529428399294e-05, "strh": 0.0011229554219484507, "shl": 7.377079414259895e-05, "bics": 0.00013114807847573146, "sxtb": 7.786917159496555e-05, "ubfiz": 0.0009385284365919532, "adds": 9.426268140443198e-05, "cinc": 0.00017213185299939755, "madd": 0.0002622961569514629, "negs": 2.8688642166566258e-05, "csneg": 2.8688642166566258e-05, "smulh": 2.8688642166566258e-05, "csinv": 3.6885397071299475e-05, "bfxil": 8.606592649969878e-05, "bfi": 0.0004057393677842942, "b.pl": 1.2295132357099823e-05, "bic": 0.0004877069168316264, "fcvt": 1.2295132357099823e-05, "sxth": 0.00011885294611863163, "cinv": 4.098377452366608e-06, "orn": 2.8688642166566258e-05, "sshr": 1.2295132357099823e-05, "rorv": 1.6393509809466432e-05, "sbfx": 1.2295132357099823e-05, "umov": 4.508215197603269e-05, "ldrsb": 5.3278906880765904e-05, "mvni": 4.9180529428399294e-05, "rbit": 3.2787019618932865e-05, "clz": 3.2787019618932865e-05, "cmeq": 4.098377452366608e-06, "cnt": 1.2295132357099823e-05, "addv": 1.2295132357099823e-05, "ushr": 4.098377452366608e-06, "eon": 4.098377452366608e-06, "smull": 8.196754904733216e-06, "ucvtf": 1.6393509809466432e-05, "fadd": 8.196754904733216e-06, "fneg": 1.2295132357099823e-05, "fcsel": 1.2295132357099823e-05, "fcmpe": 4.098377452366608e-06, "fcmp": 1.2295132357099823e-05, "fmul": 4.098377452366608e-06, "fcvtzu": 4.098377452366608e-06, "fsub": 4.098377452366608e-06, "fdiv": 4.098377452366608e-06, "nop": 8.196754904733216e-06}