{"stp": 0.028531952891205716, "adrp": 0.028851723139299162, "mov": 0.17927647456318177, "str": 0.055688290375518874, "add": 0.08480548315474466, "bl": 0.055211651703832416, "ldr": 0.1550644367216913, "nop": 0.00859156289217106, "cmn": 0.002129790520320494, "b.eq": 0.021919345496669563, "sub": 0.013496717829906362, "cmp": 0.05691910416063327, "b.ls": 0.005454194420310841, "ldrh": 0.0026788300028960325, "adr": 0.0001810020272227049, "br": 0.0006576406989091611, "cbz": 0.03682787913891302, "orr": 0.005725697461144898, "b.ne": 0.016561685490877498, "and": 0.011988367603050488, "tbz": 0.005062023361328313, "b.ge": 0.0005249058789458442, "sbfiz": 0.00023530263538951637, "b.le": 0.0014118158123370983, "cbnz": 0.01565064195385655, "b.lt": 0.00029563664446375135, "tst": 0.0029442996428226662, "b": 0.04039361907520031, "csinc": 0.0003559706535379863, "tbnz": 0.00507409016314316, "ldrb": 0.02106863596872285, "b.hi": 0.005653296650255817, "bic": 0.0001327348199633169, "ldp": 0.0513804421276185, "ret": 0.016235881841876628, "ldxrb": 6.033400907423497e-06, "asr": 0.0006757409016314316, "sdiv": 3.0167004537117482e-05, "strb": 0.007795153972391157, "b.cc": 0.0022444251375615407, "cset": 0.0026426295974514916, "csel": 0.004820687325031374, "ccmp": 0.003801042571676803, "ldur": 0.0005430060816681147, "stur": 0.0005369726807606912, "subs": 0.00034993725263056277, "b.cs": 0.0022685587411912346, "blr": 0.007771020368761463, "lsl": 0.004259581040640988, "ldrsw": 0.00039820445988995076, "fmov": 0.0028055314219519257, "b.gt": 0.000838642726131866, "scvtf": 0.00010256781542619945, "fmul": 0.00012066801814846993, "fdiv": 0.0002654696399266338, "movi": 4.8267207259387974e-05, "ucvtf": 0.0001448016217781639, "fadd": 0.00012670141905589343, "fsub": 1.810020272227049e-05, "fcmpe": 0.00010256781542619945, "b.mi": 7.843421179650545e-05, "cneg": 0.00018703542813012838, "umull": 0.0003801042571676803, "sxtw": 0.0014902500241336036, "fmadd": 1.2066801814846993e-05, "fcmp": 4.8267207259387974e-05, "umaddl": 0.0006395404961868906, "adds": 0.00013876822087074042, "fcvtzs": 1.2066801814846993e-05, "movk": 0.003046867458248866, "smull": 0.00025340283811178685, "lsr": 0.002431460565691669, "umulh": 0.00012066801814846993, "bfi": 0.00046457186987160925, "mul": 0.0006455738970943141, "ubfx": 0.0017677864658750845, "bfxil": 6.0334009074234964e-05, "ubfiz": 0.001079978762428806, "ushr": 1.2066801814846993e-05, "fcvtzu": 2.4133603629693987e-05, "fcsel": 6.033400907423497e-06, "fabd": 6.033400907423497e-06, "udiv": 0.0006636740998165846, "strh": 0.0015747176368375326, "eor": 0.0016410850468191911, "cinc": 0.0001930688290375519, "madd": 0.00025943623901921034, "smaddl": 6.636740998165846e-05, "stlxrb": 6.033400907423497e-06, "sbfx": 1.2066801814846993e-05, "bics": 0.00010860121633362293, "ldurb": 0.00039820445988995076, "sturb": 0.0001568684235930109, "ldrsb": 7.843421179650545e-05, "msub": 0.0002896032435563278, "ands": 0.00027753644174148084, "rev": 6.0334009074234964e-05, "rev16": 2.4133603629693987e-05, "sxth": 0.00025943623901921034, "ldrsh": 5.4300608166811465e-05, "orn": 3.620040544454098e-05, "mvn": 0.00024133603629693985, "neg": 0.0003620040544454098, "sturh": 1.810020272227049e-05, "ccmn": 7.240081088908195e-05, "csetm": 4.2233806351964475e-05, "csinv": 7.240081088908195e-05, "brk": 0.00013876822087074042, "mvni": 2.4133603629693987e-05, "rbit": 4.8267207259387974e-05, "clz": 4.8267207259387974e-05, "b.pl": 6.033400907423497e-06, "cmeq": 1.2066801814846993e-05, "ldursb": 6.033400907423497e-06, "smulh": 1.810020272227049e-05, "eon": 1.810020272227049e-05, "ldursw": 6.033400907423497e-06, "rorv": 6.033400907423497e-06, "cnt": 1.810020272227049e-05, "addv": 1.810020272227049e-05, "umov": 1.810020272227049e-05, "sxtb": 1.810020272227049e-05, "ldurh": 1.2066801814846993e-05, "smsubl": 1.2066801814846993e-05}