{"stp": 0.016443403936996965, "mov": 0.19123941984013743, "adrp": 0.07459791929294748, "add": 0.12741906437447187, "str": 0.039162176015071964, "bl": 0.08228628423400335, "ldr": 0.08673306828099242, "cmp": 0.0723676008145511, "b.le": 0.0004294402039148323, "nop": 0.004917782980315015, "cmn": 0.0009558507764555945, "b.eq": 0.02999154972501974, "b.lt": 0.00012467618823333842, "b.ne": 0.013561998697826478, "b": 0.05151897155997617, "b.ge": 0.00011082327842963415, "cbz": 0.020834776344771218, "b.gt": 0.0004848518431296494, "ldrb": 0.007910011497915138, "ccmp": 0.0026597586823112196, "strb": 0.002825993599955671, "cbnz": 0.009627772313574466, "ldp": 0.032803690415171706, "orr": 0.0022441713882000915, "sub": 0.014503996564478368, "movk": 0.005333370274426143, "tbnz": 0.00350478618033718, "and": 0.006566279246955823, "ret": 0.015626082258578415, "sturb": 0.0005264105725407621, "stur": 0.002216465568592683, "br": 0.00019394073725185974, "asr": 0.00024935237646667684, "sdiv": 5.541163921481707e-05, "fmadd": 1.3852909803704268e-05, "b.ls": 0.012273678086081981, "b.hi": 0.01145635640766343, "csel": 0.005180988266585396, "b.cc": 0.004945488799922424, "csetm": 1.3852909803704268e-05, "blr": 0.006483161788133598, "sbfiz": 9.697036862592987e-05, "cset": 0.002161053929377866, "neg": 0.0003878814745037195, "bic": 0.0002216465568592683, "subs": 0.00027705819607408536, "sxtw": 0.00020779364705556403, "ldur": 0.0020917893803593444, "tbz": 0.003615609458766814, "tst": 0.001191350243118567, "smulh": 2.7705819607408536e-05, "lsr": 0.002853699419563079, "ldrh": 0.002839846509759375, "b.cs": 0.005194841176389101, "ubfiz": 0.0004294402039148323, "lsl": 0.004003490933270533, "cinc": 8.311745882222561e-05, "mul": 0.0007203513097926219, "udiv": 0.0004017343843074238, "eor": 0.0013714380705667226, "umulh": 0.00020779364705556403, "fmov": 0.004086608392092759, "umaddl": 0.0006510867607741006, "umull": 0.0004432931137185366, "strh": 0.0015653788078185823, "movi": 0.00026320528627038107, "adds": 0.00013852909803704268, "adr": 0.00018008782744815548, "ubfx": 0.0006233809411666921, "csinc": 0.00012467618823333842, "madd": 0.00015238200784074694, "sxth": 1.3852909803704268e-05, "mvn": 0.00024935237646667684, "sbfx": 2.7705819607408536e-05, "ands": 0.0003878814745037195, "ucvtf": 0.00011082327842963415, "scvtf": 2.7705819607408536e-05, "fmul": 8.311745882222561e-05, "fdiv": 8.311745882222561e-05, "sturh": 4.1558729411112806e-05, "ldurb": 0.0006372338509703963, "bfxil": 5.541163921481707e-05, "bfi": 0.00036017565489631097, "ldurh": 5.541163921481707e-05, "ldrsb": 2.7705819607408536e-05, "msub": 0.00023549946666297255, "csinv": 4.1558729411112806e-05, "rev16": 2.7705819607408536e-05, "sbc": 4.1558729411112806e-05, "ldrsh": 5.541163921481707e-05, "bics": 5.541163921481707e-05, "ccmn": 2.7705819607408536e-05, "smull": 2.7705819607408536e-05, "brk": 1.3852909803704268e-05, "ldrsw": 0.00024935237646667684, "rev": 4.1558729411112806e-05, "b.mi": 1.3852909803704268e-05}