{"stp": 0.03925949569103096, "mov": 0.24577082668368974, "adrp": 0.047877433769549956, "add": 0.08043408873284393, "str": 0.043408873284391955, "bl": 0.10309607405043089, "ldr": 0.07181615065432492, "cmn": 0.005106926268751995, "b.eq": 0.02010852218321098, "cmp": 0.03957867858282796, "b.le": 0.0022342802425789976, "b.lt": 0.0015959144589849984, "b.ne": 0.015320778806255984, "tbz": 0.0035110118097669966, "ldp": 0.054580274497286946, "ret": 0.024896265560165973, "and": 0.0022342802425789976, "b.ge": 0.000957548675390999, "movk": 0.0022342802425789976, "b": 0.03447175231407597, "cbz": 0.028088094478135973, "orr": 0.013086498563676987, "tbnz": 0.0028726460261729973, "sub": 0.006702840727736993, "cset": 0.0022342802425789976, "csel": 0.0025534631343759975, "br": 0.0006383657835939994, "asr": 0.0006383657835939994, "sdiv": 0.0003191828917969997, "ldrb": 0.025853814235556973, "cbnz": 0.010852218321097989, "strb": 0.011171401212894989, "nop": 0.009575486753909991, "ubfiz": 0.0003191828917969997, "blr": 0.01053303542930099, "strh": 0.0012767315671879987, "ldrh": 0.0047877433769549956, "ccmp": 0.0035110118097669966, "ccmn": 0.000957548675390999, "sxtw": 0.0015959144589849984, "b.ls": 0.000957548675390999, "b.hi": 0.0015959144589849984, "rev": 0.000957548675390999, "b.gt": 0.0015959144589849984, "lsl": 0.007341206511330993, "rev16": 0.0003191828917969997, "mul": 0.0006383657835939994, "msub": 0.0003191828917969997, "lsr": 0.004149377593360996, "eor": 0.0012767315671879987, "adds": 0.0003191828917969997, "b.cs": 0.0006383657835939994, "sbfiz": 0.000957548675390999, "fmov": 0.0012767315671879987, "subs": 0.0003191828917969997, "ldrsw": 0.0003191828917969997, "tst": 0.0003191828917969997, "csinc": 0.0006383657835939994}