{"mov": 0.2426791277258567, "ldr": 0.06510903426791277, "add": 0.08598130841121496, "bl": 0.10872274143302181, "stur": 0.00031152647975077883, "sturb": 0.00031152647975077883, "adrp": 0.06448598130841121, "cbz": 0.029283489096573207, "b": 0.041121495327102804, "ret": 0.019626168224299065, "cmp": 0.03644859813084112, "b.eq": 0.02118380062305296, "sub": 0.005919003115264798, "str": 0.0514018691588785, "br": 0.0006230529595015577, "asr": 0.0006230529595015577, "sdiv": 0.00031152647975077883, "stp": 0.03302180685358255, "ldrb": 0.03364485981308411, "cbnz": 0.009657320872274144, "strb": 0.012461059190031152, "ldp": 0.03551401869158879, "b.le": 0.001557632398753894, "b.lt": 0.0012461059190031153, "cset": 0.0012461059190031153, "csinc": 0.0009345794392523365, "b.ne": 0.011526479750778817, "ubfiz": 0.00031152647975077883, "blr": 0.010280373831775701, "strh": 0.0012461059190031153, "movk": 0.00031152647975077883, "ldrh": 0.003426791277258567, "cmn": 0.00529595015576324, "ccmp": 0.003738317757009346, "ccmn": 0.0009345794392523365, "sxtw": 0.001557632398753894, "eor": 0.001557632398753894, "orr": 0.019314641744548288, "tbnz": 0.003738317757009346, "tbz": 0.0024922118380062306, "and": 0.001557632398753894, "b.ge": 0.0006230529595015577, "lsl": 0.008722741433021807, "b.gt": 0.0021806853582554517, "b.hi": 0.0012461059190031153, "mul": 0.0006230529595015577, "b.ls": 0.0009345794392523365, "msub": 0.00031152647975077883, "lsr": 0.004984423676012461, "adds": 0.00031152647975077883, "b.cc": 0.00031152647975077883, "csel": 0.001869158878504673, "b.cs": 0.00031152647975077883, "sbfiz": 0.0009345794392523365, "fmov": 0.003738317757009346, "movi": 0.00031152647975077883, "subs": 0.00031152647975077883, "shl": 0.00031152647975077883, "ldrsw": 0.00031152647975077883, "tst": 0.00031152647975077883, "nop": 0.0006230529595015577}