{"stp": 0.02576299795583956, "mov": 0.17337001496128152, "ldr": 0.1496073348641702, "adrp": 0.023302332973458795, "str": 0.06174131779844468, "add": 0.08576705339478602, "bl": 0.04783225827665766, "cmn": 0.0019290736610201073, "b.eq": 0.024107940439850716, "cmp": 0.06142893939310904, "b.le": 0.0015618920266782118, "b.ne": 0.017865852656038492, "ldp": 0.048095313775887674, "ret": 0.013470633689737, "and": 0.012928081722575094, "b.lt": 0.0007069616541806644, "b.gt": 0.0015673723495788373, "nop": 0.007294309780732281, "ldrh": 0.0037869031243320857, "tst": 0.0038033440930339613, "cbz": 0.03589611499909574, "strb": 0.014095390500408284, "b": 0.04191898986688296, "orr": 0.005255629661699668, "cbnz": 0.015076368299620214, "stur": 0.0008604106953981729, "sturh": 0.0002301735618262628, "sub": 0.01653961451408717, "br": 0.0005589929358637811, "asr": 0.0006466781022737859, "sdiv": 2.192129160250122e-05, "ldrb": 0.022217229039134985, "cset": 0.002800445002219531, "csinc": 0.0003342996969381436, "csel": 0.005058338037277156, "smull": 0.00026853582213063996, "b.cs": 0.002142806254144494, "blr": 0.009354911191367395, "smaddl": 5.480322900625305e-05, "sxtw": 0.0023400978785670054, "subs": 0.00047678809235440154, "b.mi": 0.0001205671038137567, "mvn": 0.0002301735618262628, "lsl": 0.004554148330419628, "tbnz": 0.005014495454072154, "b.cc": 0.0020003178587282362, "ccmp": 0.004219848633481485, "tbz": 0.004795282538047142, "b.ls": 0.0057652996914578205, "movk": 0.0030799414701514214, "b.hi": 0.005737898076954694, "sbfiz": 0.0002466145305281387, "bfi": 0.0004713077694537762, "bics": 0.00010412613511188079, "fmov": 0.0022414520663557496, "ubfiz": 0.0011947103923363165, "ldurb": 0.00048774873815565214, "cneg": 0.00016440968701875915, "sturb": 0.00014248839541625792, "bfxil": 5.480322900625305e-05, "strh": 0.0030635005014495453, "ubfx": 0.001759183651100723, "ldrsb": 0.00014796871831688322, "udiv": 0.0005973551961681583, "msub": 0.00025209485342876403, "eor": 0.001583813318280713, "ands": 0.00030141775953439177, "mul": 0.0005535126129631557, "umulh": 0.0001205671038137567, "rev": 5.480322900625305e-05, "rev16": 2.192129160250122e-05, "sxth": 0.00025209485342876403, "ldrsh": 4.9322906105627744e-05, "lsr": 0.0030470595327476693, "orn": 3.288193740375183e-05, "movi": 0.00013152774961500732, "bic": 0.00013700807251563262, "ldur": 0.0005973551961681583, "neg": 0.0003617013114412701, "umull": 0.0005918748732675329, "dup": 0.00029593743663376644, "brk": 0.00021373259312438688, "adds": 0.00013700807251563262, "ldursh": 5.480322900625305e-06, "adr": 0.00016989000991938445, "madd": 0.0002466145305281387, "ccmn": 6.028355190687835e-05, "umaddl": 0.0005535126129631557, "csetm": 3.836226030437714e-05, "mvni": 3.288193740375183e-05, "ldrsw": 0.0004384258320500244, "cinc": 0.0001205671038137567, "csinv": 6.576387480750366e-05, "rbit": 4.384258320500244e-05, "clz": 4.384258320500244e-05, "b.pl": 1.096064580125061e-05, "cmeq": 2.7401614503126526e-05, "ldursb": 2.192129160250122e-05, "smulh": 1.6440968701875915e-05, "b.ge": 0.0005370716442612799, "eon": 1.6440968701875915e-05, "ldursw": 5.480322900625305e-06, "rorv": 5.480322900625305e-06, "cnt": 1.6440968701875915e-05, "addv": 2.192129160250122e-05, "umov": 1.6440968701875915e-05, "sxtb": 1.6440968701875915e-05, "tbl": 4.384258320500244e-05, "ushll": 2.192129160250122e-05, "ushll2": 2.192129160250122e-05, "cmhs": 4.384258320500244e-05, "xtn": 2.192129160250122e-05, "xtn2": 2.192129160250122e-05, "ldurh": 0.00016989000991938445, "ins": 5.480322900625305e-06, "sqrdmulh": 5.480322900625305e-06, "bit": 5.480322900625305e-06, "umaxv": 1.096064580125061e-05, "smsubl": 2.7401614503126526e-05, "csneg": 5.480322900625305e-06, "fmsub": 5.480322900625305e-06, "ucvtf": 1.096064580125061e-05, "fdiv": 5.480322900625305e-06, "sshll": 1.6440968701875915e-05, "sshll2": 1.6440968701875915e-05}