{"stp": 0.024194054517687913, "mov": 0.1789293111022782, "adrp": 0.0320774321318243, "add": 0.09428324372572401, "str": 0.055762431748289785, "bl": 0.05313347698444244, "ldr": 0.1294777654581843, "nop": 0.006272532652733903, "cmn": 0.0015306513810729205, "b.eq": 0.021606939882708173, "cmp": 0.0596117236041087, "b.ls": 0.009581389510679692, "ldrh": 0.0028660488274303885, "adr": 0.00020920064433798457, "br": 0.000550895030090026, "b.ne": 0.01544946758436016, "cbnz": 0.015111259876013751, "cbz": 0.032886341289931176, "b.ge": 0.00041840128867596914, "b": 0.04600670836732844, "sub": 0.01481489229653494, "b.gt": 0.0012621772208391735, "b.lt": 0.000596221836363256, "ldp": 0.0429140255085319, "ret": 0.012987873335983209, "tbz": 0.004218879660816022, "ldrb": 0.020951444530449153, "ccmn": 0.00010808699957462535, "sbfiz": 0.0006136552233914214, "stur": 0.0007217422229660467, "b.le": 0.0016770918321095095, "ld2": 3.486677405633076e-06, "asr": 0.0006973354811266152, "sdiv": 4.532680627322999e-05, "strb": 0.010592525958313285, "b.hi": 0.0062655592979226375, "b.cc": 0.002248906926633334, "csetm": 2.7893419245064607e-05, "csel": 0.007151175358953439, "lsl": 0.005313696366184808, "ldur": 0.0005160282560336953, "subs": 0.00040096790164780374, "tst": 0.006289966039762069, "blr": 0.008057711484418039, "ccmp": 0.006513113393722586, "tbnz": 0.005557763784579123, "b.cs": 0.002520867764272714, "udiv": 0.0005090549012224291, "cset": 0.002562707893140311, "and": 0.012004630307594681, "neg": 0.00038004783721400526, "lsr": 0.0030020292462500783, "dup": 0.0002893942246675453, "shl": 1.0460032216899228e-05, "fmov": 0.004323479982985014, "movk": 0.008054224807012405, "ldurb": 0.00037307448240273916, "eor": 0.0011819836405096127, "cneg": 0.00014295377363095612, "sxtw": 0.0019490526697488895, "mul": 0.0005787884493350906, "csinc": 0.00033820770834640837, "orr": 0.007001248230511217, "ubfx": 0.0016247916710250133, "mvn": 0.00020920064433798457, "sturb": 0.00010460032216899228, "ldrsw": 0.00041840128867596914, "msub": 0.00023012070877178302, "smaddl": 4.532680627322999e-05, "sbc": 1.0460032216899228e-05, "ubfiz": 0.00347970405082181, "strh": 0.0023081804425290962, "umull": 0.0005230016108449614, "umulh": 0.00010808699957462535, "ldrsh": 5.230016108449614e-05, "bics": 0.00013249374141405688, "umaddl": 0.0004672147723548322, "ands": 0.00028590754726191223, "ldrsb": 0.0008472626095688375, "madd": 0.00019176725730981917, "adds": 0.00011854703179152459, "cinc": 0.00012552038660279075, "movi": 0.00017084719287602072, "ins": 2.0920064433798455e-05, "addv": 1.743338702816538e-05, "cmeq": 2.0920064433798455e-05, "bic": 0.0006380619652308529, "ushll2": 2.0920064433798455e-05, "ushll": 2.0920064433798455e-05, "addp": 3.486677405633076e-06, "sbfx": 1.0460032216899228e-05, "smull": 0.00019176725730981917, "brk": 0.00014295377363095612, "stxrb": 3.486677405633076e-06, "negs": 2.0920064433798455e-05, "csneg": 2.440674183943153e-05, "smulh": 2.7893419245064607e-05, "mvni": 3.1380096650697687e-05, "csinv": 5.5786838490129215e-05, "ext": 3.486677405633076e-06, "bfxil": 0.0001011136447633592, "bfi": 0.0003939945468365376, "b.mi": 9.065361254645998e-05, "b.pl": 1.3946709622532304e-05, "rev": 5.5786838490129215e-05, "rev16": 2.7893419245064607e-05, "orn": 2.7893419245064607e-05, "sxtb": 1.3946709622532304e-05, "xtn": 1.743338702816538e-05, "cinv": 3.486677405633076e-06, "sxth": 0.00016736051547038764, "fcvt": 6.973354811266152e-06, "rorv": 1.0460032216899228e-05, "ror": 5.230016108449614e-05, "st2": 3.486677405633076e-06, "sturh": 0.00014295377363095612, "ldursh": 3.486677405633076e-06, "rbit": 2.7893419245064607e-05, "clz": 2.7893419245064607e-05, "ldursb": 1.3946709622532304e-05, "eon": 1.0460032216899228e-05, "ldursw": 3.486677405633076e-06, "cnt": 1.0460032216899228e-05, "umov": 1.0460032216899228e-05, "tbl": 2.7893419245064607e-05, "cmhs": 2.7893419245064607e-05, "xtn2": 1.3946709622532304e-05, "ldurh": 0.00010808699957462535, "sqrdmulh": 3.486677405633076e-06, "bit": 3.486677405633076e-06, "umaxv": 6.973354811266152e-06, "smsubl": 1.743338702816538e-05, "fmadd": 3.486677405633076e-06, "ucvtf": 1.743338702816538e-05, "fadd": 6.973354811266152e-06, "fneg": 1.0460032216899228e-05, "fcsel": 1.0460032216899228e-05, "fcmpe": 3.486677405633076e-06, "fcmp": 1.0460032216899228e-05, "fmul": 6.973354811266152e-06, "fcvtzu": 6.973354811266152e-06, "fsub": 6.973354811266152e-06, "ushl": 6.973354811266152e-06, "fdiv": 3.486677405633076e-06, "sshll": 1.0460032216899228e-05, "sshll2": 1.0460032216899228e-05}