{"mov": 0.08412548862383482, "ldr": 0.35323644382078784, "add": 0.06755938658915506, "bl": 0.03967926230329758, "sturh": 4.009221208780195e-06, "stur": 4.009221208780195e-06, "and": 0.02658514583542147, "adrp": 0.019288363235441516, "cbz": 2.0046106043900973e-05, "b": 0.040453041996592165, "ret": 0.008515585847449133, "cmp": 0.07810363836824696, "b.eq": 0.0367004109451739, "sub": 0.009473789716347599, "str": 0.10436002806454846, "br": 0.00010824897263706525, "asr": 0.0005532725268116668, "sdiv": 4.0092212087801946e-05, "stp": 0.007721760048110655, "ldrb": 0.019440713641375163, "cbnz": 4.009221208780195e-06, "strb": 0.004907286759546958, "ldp": 0.0077458153753633355, "b.ne": 0.030361832214092412, "nop": 0.0074932344392101835, "b.gt": 0.0008980655507667636, "ldrsw": 0.0029748421369149044, "lsl": 0.01258895459556981, "b.hi": 0.002245163876916909, "b.cc": 0.0022251177708730078, "b.ls": 0.0022211085496642276, "b.ge": 0.0005813370752731282, "ldrh": 0.0021930440012027665, "blr": 0.004991480404931342, "cmn": 0.0014553472987872105, "mul": 0.0007376967024155558, "cset": 0.0009501854264809061, "movk": 0.0017239651197754836, "neg": 0.00042898666933948083, "b.cs": 0.0013310614413150246, "sxtw": 0.0023413851859276336, "b.lt": 0.0007657612508770172, "ubfx": 0.0011666833717550366, "b.le": 0.0009782499749423676, "orr": 0.0035200962213090105, "bfi": 0.00040092212087801946, "ldrsh": 4.0092212087801946e-05, "adr": 0.00010023053021950487, "lsr": 0.002726270421970532, "bfxil": 3.608299087902175e-05, "cneg": 8.419364538438409e-05, "strh": 0.0009942868597774882, "csel": 0.00019645183923022952, "eor": 0.0009221208780194447, "udiv": 0.0004410143329658214, "umulh": 7.61752029668237e-05, "mvn": 0.00026861782098827304, "ldrsb": 1.2027663626340584e-05, "ubfiz": 6.81567605492633e-05, "sxth": 0.0005813370752731282, "sxtb": 0.00011626741505462564, "smulh": 1.603688483512078e-05, "umull": 2.4055327252681167e-05, "rbit": 4.009221208780195e-06, "clz": 4.009221208780195e-06, "fmov": 4.009221208780195e-06, "cnt": 4.009221208780195e-06, "addv": 4.009221208780195e-06, "umov": 4.009221208780195e-06, "rorv": 4.009221208780195e-06, "smull": 8.01844241756039e-06, "adds": 1.603688483512078e-05, "adc": 1.603688483512078e-05, "negs": 4.009221208780195e-06, "csneg": 4.009221208780195e-06, "movi": 4.009221208780195e-06, "ucvtf": 8.01844241756039e-06, "fdiv": 4.009221208780195e-06}