{"mov": 0.10761764085250053, "ldr": 0.22409791095167758, "add": 0.12133361468664275, "bl": 0.07491031863262292, "cbz": 0.0012660898923823592, "stxr": 0.00021101498206372652, "stxrb": 0.00021101498206372652, "adrp": 0.074066258704368, "b": 0.03924878666385313, "ret": 0.010761764085250054, "cmp": 0.05760709010339734, "b.eq": 0.02912006752479426, "sub": 0.005697404515720616, "str": 0.07976366322008863, "br": 0.00042202996412745304, "asr": 0.00042202996412745304, "sdiv": 0.00021101498206372652, "stp": 0.011394809031441232, "ldrb": 0.027220932686220722, "cbnz": 0.00021101498206372652, "strb": 0.008651614264612787, "ldp": 0.010550749103186326, "b.gt": 0.002110149820637265, "b.lt": 0.0016881198565098122, "b.hi": 0.00042202996412745304, "b.ne": 0.023633677991137372, "ldrh": 0.0016881198565098122, "cmn": 0.0046423296054019835, "sxtw": 0.002743194766828445, "blr": 0.006963494408102976, "and": 0.02173454315256383, "cset": 0.0006330449461911796, "nop": 0.005064359569529437, "strh": 0.0008440599282549061, "orr": 0.01266089892382359, "b.ge": 0.0018991348385735388, "lsl": 0.017303228529225573, "b.ls": 0.0010550749103186326, "lsr": 0.0031652247309558977, "eor": 0.0008440599282549061, "b.cc": 0.0008440599282549061, "b.cs": 0.0008440599282549061, "mul": 0.0010550749103186326, "ldrsw": 0.0031652247309558977}