{"stp": 0.027291756681362658, "mov": 0.18813106419393674, "adrp": 0.03419649561427427, "add": 0.0908942182249871, "str": 0.05068229391703406, "bl": 0.05796037535603871, "ldr": 0.13379504754873378, "nop": 0.007609475348907449, "cmn": 0.0017492564611325282, "b.eq": 0.021267938268445846, "cmp": 0.057956180496419686, "b.ls": 0.006019623553297789, "ldrh": 0.0022694190538913614, "adr": 0.00023910699828430242, "br": 0.0007005415563768159, "b.ne": 0.015479031994194314, "cbnz": 0.01606211748123849, "cbz": 0.034590812418462416, "b.ge": 0.0004572396984734906, "sub": 0.013465499377063346, "cset": 0.0026637358580795093, "b.lt": 0.00034397848875987366, "ldp": 0.048958206613615676, "ret": 0.016024363744667286, "b": 0.04597146656487141, "b.gt": 0.0008263873449475014, "tbz": 0.004241003074832101, "ldrb": 0.017995947765608023, "ccmn": 0.00013843036742775404, "sbfiz": 0.0002600812963794167, "stur": 0.0004194859619022849, "sturb": 0.00013004064818970834, "st4": 4.194859619022849e-06, "asr": 0.0007005415563768159, "sdiv": 5.033831542827419e-05, "strb": 0.006543981005675645, "b.hi": 0.006237756253486977, "b.cc": 0.002525305490651755, "csetm": 3.355887695218279e-05, "csel": 0.007479434700717741, "b.le": 0.0016737489879901169, "lsl": 0.004832478281114322, "ldur": 0.00044465511961642204, "subs": 0.0003146144714267137, "tst": 0.003733425060930336, "blr": 0.007739515997097157, "eor": 0.0012710424645639234, "ccmp": 0.0035530460973123533, "tbnz": 0.0058979726243461265, "b.cs": 0.002621787261889281, "udiv": 0.0006124495043773361, "and": 0.011368069567551922, "neg": 0.00037753736571205645, "fmov": 0.0045346432481637, "b.mi": 5.453317504729704e-05, "b.pl": 1.6779438476091397e-05, "movk": 0.009258055179183428, "ldurb": 0.0003691476464740107, "cneg": 0.00017198924437993683, "sxtw": 0.0014262522704677689, "lsr": 0.0024036545617000925, "mul": 0.0006753723986626788, "csinc": 0.00037753736571205645, "orr": 0.004752775948352888, "ubfx": 0.001732477022656437, "mvn": 0.00025588643676039384, "ldrsw": 0.0003733425060930336, "msub": 0.00028944531371257663, "smaddl": 6.292289428534274e-05, "saddl": 4.194859619022849e-06, "sbc": 1.2584578857068547e-05, "ubfiz": 0.0010487149047557123, "strh": 0.0012920167626590377, "ldrsh": 6.292289428534274e-05, "ands": 0.00030202989256964514, "bics": 0.00015520980590384543, "umulh": 8.809205199947983e-05, "umull": 0.00034397848875987366, "adds": 0.00011745606933263979, "cinc": 0.00015940466552286827, "madd": 0.00021813270018918816, "sbfx": 1.2584578857068547e-05, "movi": 5.453317504729704e-05, "smull": 0.00020554812133211962, "brk": 0.00010487149047557123, "umaddl": 0.00045304483885446776, "stxrb": 4.194859619022849e-06, "negs": 2.0974298095114246e-05, "csneg": 2.0974298095114246e-05, "smulh": 2.9364017333159947e-05, "csinv": 5.453317504729704e-05, "bfxil": 0.00010487149047557123, "bfi": 0.00039431680418814785, "rev": 5.8728034666319895e-05, "rev16": 3.355887695218279e-05, "bic": 0.0004949934350446962, "sxtb": 1.6779438476091397e-05, "fcvt": 8.389719238045698e-06, "sxth": 0.00018457382323700536, "orn": 2.9364017333159947e-05, "cinv": 4.194859619022849e-06, "rorv": 1.6779438476091397e-05, "ldrsb": 5.453317504729704e-05, "sturh": 1.2584578857068547e-05, "mvni": 1.6779438476091397e-05, "rbit": 3.355887695218279e-05, "clz": 3.355887695218279e-05, "cmeq": 8.389719238045698e-06, "ldursb": 4.194859619022849e-06, "eon": 1.2584578857068547e-05, "ldursw": 4.194859619022849e-06, "cnt": 1.2584578857068547e-05, "addv": 1.2584578857068547e-05, "umov": 1.2584578857068547e-05, "ldurh": 8.389719238045698e-06, "smsubl": 8.389719238045698e-06, "ucvtf": 1.6779438476091397e-05, "fadd": 8.389719238045698e-06, "fneg": 1.2584578857068547e-05, "fcsel": 1.2584578857068547e-05, "fcmpe": 4.194859619022849e-06, "fcmp": 1.2584578857068547e-05, "dup": 4.194859619022849e-06, "ushl": 4.194859619022849e-06, "fmul": 4.194859619022849e-06, "fcvtzu": 4.194859619022849e-06, "fsub": 4.194859619022849e-06, "fdiv": 4.194859619022849e-06}