{"stp": 0.029056564822460777, "adrp": 0.02482452518579686, "mov": 0.17780372625928983, "add": 0.08352472130470685, "str": 0.0571260838150289, "bl": 0.05258438274153592, "ldr": 0.15566293352601157, "strb": 0.008296345995045418, "cmn": 0.0022773018166804293, "b.eq": 0.022611736168455823, "cmp": 0.057674442609413706, "b.le": 0.001445086705202312, "nop": 0.008709227910817506, "b.ne": 0.016986220066061108, "cbnz": 0.01545726672171759, "ldrb": 0.022089182493806772, "b.ls": 0.005444880264244426, "b.ge": 0.0005612613542526837, "b": 0.04076563790255987, "cbz": 0.037365813377374074, "tbnz": 0.004941680429397193, "and": 0.012521934351775392, "eor": 0.0017160404624277457, "orr": 0.005844859620148637, "b.lt": 0.0002903075970272502, "ldp": 0.05239729562345169, "ret": 0.016579789430222956, "b.gt": 0.0008064099917423616, "fmov": 0.002522450454170107, "adr": 0.00018708711808422792, "sub": 0.01393476465730801, "br": 0.0006967382328654005, "asr": 0.000664481833195706, "sdiv": 2.5805119735755573e-05, "b.cs": 0.0021998864574731625, "ubfx": 0.0018644199009083403, "ubfiz": 0.0011160714285714285, "csel": 0.004877167630057804, "lsl": 0.004322357555739059, "lsr": 0.0025289017341040463, "sxtw": 0.00157411230388109, "b.hi": 0.00547713666391412, "ldrh": 0.002851465730800991, "ccmp": 0.003999793559042114, "tbz": 0.005064254748142032, "smull": 0.0002774050371593724, "stur": 0.0005354562345169281, "blr": 0.008154417836498761, "smaddl": 7.096407927332783e-05, "subs": 0.000361271676300578, "b.mi": 5.1610239471511145e-05, "mvn": 0.0002709537572254335, "b.cc": 0.0022256915772089184, "tst": 0.003141773327828241, "movk": 0.0030450041288191576, "cset": 0.0026772811725846407, "sbfiz": 0.0002128922378199835, "bfi": 0.00047739471511147813, "bics": 0.00011612303881090008, "ldurb": 0.000425784475639967, "cneg": 0.0001935383980181668, "sturb": 0.00016773327828241124, "bfxil": 5.806151940545004e-05, "strh": 0.0016773327828241123, "ldrsb": 8.386663914120562e-05, "udiv": 0.0007031895127993393, "msub": 0.00030966143682906687, "ands": 0.0002967588769611891, "mul": 0.0006128715937241949, "umulh": 0.00012257431874483898, "rev": 6.451279933938893e-05, "rev16": 2.5805119735755573e-05, "sxth": 0.0002774050371593724, "ldrsh": 5.806151940545004e-05, "orn": 3.870767960363336e-05, "bic": 0.00013547687861271675, "ldur": 0.0005548100743187448, "neg": 0.0003870767960363336, "umull": 0.00033546655656482247, "adds": 0.00014192815854665566, "sturh": 1.935383980181668e-05, "umaddl": 0.0005741639141205615, "madd": 0.0002709537572254335, "ccmn": 7.741535920726672e-05, "csetm": 4.515895953757225e-05, "csinc": 0.00034836911643270024, "ldrsw": 0.00033546655656482247, "cinc": 0.0001935383980181668, "csinv": 7.741535920726672e-05, "brk": 0.00014837943848059455, "mvni": 2.5805119735755573e-05, "rbit": 5.1610239471511145e-05, "clz": 5.1610239471511145e-05, "b.pl": 6.451279933938893e-06, "cmeq": 1.2902559867877786e-05, "movi": 1.2902559867877786e-05, "ldursb": 6.451279933938893e-06, "sbfx": 6.451279933938893e-06, "smulh": 1.935383980181668e-05, "eon": 1.935383980181668e-05, "ldursw": 6.451279933938893e-06, "rorv": 6.451279933938893e-06, "cnt": 1.935383980181668e-05, "addv": 1.935383980181668e-05, "umov": 1.935383980181668e-05, "sxtb": 1.935383980181668e-05, "ldurh": 1.2902559867877786e-05, "smsubl": 1.2902559867877786e-05, "ucvtf": 1.2902559867877786e-05, "fdiv": 6.451279933938893e-06}