{"stp": 0.029005908371807703, "mov": 0.17776773318696928, "adrp": 0.024808704355406323, "add": 0.08356310334807736, "str": 0.0570884318600071, "bl": 0.05263293836567333, "ldr": 0.1558712426952507, "nop": 0.008710812643269944, "cmn": 0.002260032931908436, "b.eq": 0.022548671423497885, "cmp": 0.05759209634197527, "b.le": 0.0014335066025247796, "b.ne": 0.01696316146320989, "sub": 0.013979917993090757, "csel": 0.0048945856068188425, "cbz": 0.03745843153714525, "orr": 0.005817970490427146, "cbnz": 0.015471539728150324, "tbz": 0.0050753882413715175, "blr": 0.0082200626351984, "b.lt": 0.00029703289962225166, "b.gt": 0.0008006973815904174, "ldrb": 0.02205146417847803, "tst": 0.0031511316307751914, "lsl": 0.004326348755367578, "and": 0.012507667968876118, "eor": 0.0017176250282504117, "b.ls": 0.005443450747425177, "b": 0.04074516514383495, "ldp": 0.052342362702999384, "ret": 0.016575727246311303, "tbnz": 0.004939786265457011, "adr": 0.00018725987150098472, "br": 0.0006973815904174603, "asr": 0.0006586381687276015, "sdiv": 2.5828947793239272e-05, "strb": 0.008278177767733187, "b.hi": 0.0054821941691150355, "b.cs": 0.002201917799373648, "smull": 0.0002776611887773222, "stur": 0.0005359506667097149, "smaddl": 7.1029606431408e-05, "b.ge": 0.0005488651406063346, "sxtw": 0.0015691085784392859, "subs": 0.0003616052691053498, "b.mi": 5.1657895586478544e-05, "mvn": 0.0002712039518290124, "b.cc": 0.0022277467471668875, "ccmp": 0.003990572434055467, "ldrh": 0.00284118425725632, "movk": 0.0030478158396022343, "cset": 0.0026797533335485746, "sbfiz": 0.000213088819294224, "bfi": 0.00047783553417492654, "bics": 0.00011623026506957672, "fmov": 0.002511865172892519, "ubfiz": 0.0011106447551092887, "ldurb": 0.000426177638588448, "cneg": 0.00019371710844929454, "sturb": 0.00016788816065605526, "bfxil": 5.811513253478836e-05, "strh": 0.0016788816065605528, "ubfx": 0.0018596842411132276, "ldrsb": 8.394408032802763e-05, "udiv": 0.0007038388273657702, "msub": 0.0003099473735188713, "ands": 0.00029703289962225166, "mul": 0.0006134375100894327, "umulh": 0.00012268750201788656, "rev": 6.457236948309819e-05, "rev16": 2.5828947793239272e-05, "sxth": 0.0002776611887773222, "ldrsh": 5.811513253478836e-05, "lsr": 0.0025247796467891387, "orn": 3.874342168985891e-05, "bic": 0.0001356019759145062, "ldur": 0.0005553223775546444, "neg": 0.0003874342168985891, "umull": 0.0003357763213121105, "adds": 0.000142059212862816, "sturh": 1.9371710844929456e-05, "umaddl": 0.0005746940883995738, "madd": 0.0002712039518290124, "ccmn": 7.748684337971783e-05, "csetm": 4.5200658638168725e-05, "csinc": 0.00034869079520873016, "ldrsw": 0.0003357763213121105, "cinc": 0.00019371710844929454, "csinv": 7.748684337971783e-05, "brk": 0.00014851644981112583, "mvni": 2.5828947793239272e-05, "rbit": 5.1657895586478544e-05, "clz": 5.1657895586478544e-05, "b.pl": 6.457236948309818e-06, "cmeq": 1.2914473896619636e-05, "movi": 1.2914473896619636e-05, "ldursb": 6.457236948309818e-06, "sbfx": 6.457236948309818e-06, "smulh": 1.9371710844929456e-05, "eon": 1.9371710844929456e-05, "ldursw": 6.457236948309818e-06, "rorv": 6.457236948309818e-06, "cnt": 1.9371710844929456e-05, "addv": 1.9371710844929456e-05, "umov": 1.9371710844929456e-05, "sxtb": 1.9371710844929456e-05, "ldurh": 1.2914473896619636e-05, "smsubl": 1.2914473896619636e-05, "ucvtf": 1.2914473896619636e-05, "fdiv": 6.457236948309818e-06}