{"mov": 0.09471795063535218, "ldr": 0.32718367259733255, "add": 0.07266890646782645, "bl": 0.04523045203745346, "adrp": 0.028047366987325004, "sturh": 2.670669109438679e-06, "stur": 1.6024014656632073e-05, "adr": 0.0001522281392380047, "cbz": 1.3353345547193394e-05, "b": 0.04925782105448699, "ret": 0.007675503020526763, "cmp": 0.08099071141283737, "b.eq": 0.035442449751360704, "sub": 0.009056238950106559, "str": 0.09797616694886736, "br": 0.00015489880834744336, "asr": 0.0008118834092693583, "sdiv": 4.2730705751018863e-05, "stp": 0.007015847750495409, "ldrb": 0.01633114160421752, "cbnz": 2.670669109438679e-06, "strb": 0.004454676074543716, "ldp": 0.007031871765152041, "blr": 0.004938067183352117, "b.ne": 0.03164742894684834, "nop": 0.006628600729626801, "and": 0.02542744059096566, "udiv": 0.0004112830428535565, "b.ge": 0.0006035712187331414, "b.hi": 0.003308959026594523, "b.le": 0.0009400755265224149, "ubfx": 0.0009240515118657829, "b.ls": 0.0031006468360583062, "b.cs": 0.0015436467452555563, "eor": 0.000723751328657882, "movk": 0.0013193105400627074, "b.gt": 0.001145717047949193, "lsr": 0.002187278000630278, "lsl": 0.012317125932731186, "b.cc": 0.0021231819420037498, "b.lt": 0.0011243516950736837, "cset": 0.0009267221809752215, "ldrsw": 0.002692034462314188, "sxtw": 0.0019576004572185515, "mul": 0.0008546141150203772, "orr": 0.0030953054978394286, "ldrh": 0.0016905335462746836, "mvn": 0.00029644427114769336, "neg": 0.00037389367532141503, "cmn": 0.0011537290552775092, "strh": 0.0008172247474882357, "bfi": 0.0003124682858043254, "ldrsb": 1.6024014656632073e-05, "csel": 0.00017359349211351413, "ldrsh": 4.2730705751018863e-05, "ldur": 1.3353345547193394e-05, "umulh": 5.6084051298212254e-05, "umull": 4.5401374860457536e-05, "smulh": 2.1365352875509432e-05, "negs": 8.012007328316036e-06, "csneg": 8.012007328316036e-06, "bfxil": 5.3413382188773574e-05, "sxtb": 8.279074239259904e-05, "ubfiz": 4.8072043969896215e-05, "fcvt": 8.012007328316036e-06, "sxth": 0.0003925883590874858, "rorv": 1.0682676437754716e-05, "cneg": 5.6084051298212254e-05, "rbit": 2.670669109438679e-06, "clz": 2.670669109438679e-06, "fmov": 1.0682676437754716e-05, "cnt": 2.670669109438679e-06, "addv": 2.670669109438679e-06, "umov": 2.670669109438679e-06, "smull": 5.341338218877358e-06, "adds": 1.0682676437754716e-05, "adc": 1.0682676437754716e-05, "fneg": 8.012007328316036e-06, "ucvtf": 1.0682676437754716e-05, "fadd": 5.341338218877358e-06, "fcmpe": 2.670669109438679e-06, "b.pl": 2.670669109438679e-06, "fcmp": 8.012007328316036e-06, "fmul": 2.670669109438679e-06, "fcvtzu": 2.670669109438679e-06, "fsub": 2.670669109438679e-06, "movi": 2.670669109438679e-06, "fdiv": 2.670669109438679e-06}