{"stp": 0.029192257349979864, "mov": 0.1787467277486911, "adrp": 0.025813028594442206, "add": 0.08341723721304874, "str": 0.05735249697946033, "bl": 0.0539418042690294, "ldr": 0.15538159484494563, "tbnz": 0.004832863471606927, "cmp": 0.056817609746274665, "b.le": 0.0014913914619412002, "b": 0.04079616391461941, "cbnz": 0.015681635118807893, "sub": 0.013806383407168747, "ldrb": 0.02174788562223117, "b.ne": 0.0167262384212646, "cmn": 0.002233940797422473, "b.eq": 0.02222613773660894, "b.gt": 0.0008054772452678212, "b.ge": 0.0005411800241643174, "b.hi": 0.005392921868707209, "adr": 0.00020766210229561014, "br": 0.000723670962545308, "cbz": 0.03749244865082561, "tbz": 0.004977597664115989, "and": 0.01222689287152638, "sxtw": 0.00171163914619412, "sbfiz": 0.0002265404752315747, "ldrsw": 0.00035239629480467177, "orr": 0.0057201469995972615, "ldrsb": 0.0001321486105517519, "blr": 0.008017015706806283, "ccmp": 0.003914115988723319, "strb": 0.008256141763995167, "b.cs": 0.0021647200966572696, "lsr": 0.0024730668546113573, "adds": 0.00015102698348771646, "b.ls": 0.005336286749899315, "csinc": 0.00034610350382601693, "ret": 0.01662555376560612, "asr": 0.0006544502617801048, "sdiv": 2.5171163914619413e-05, "ldp": 0.0520602597664116, "stlxrb": 6.292790978654853e-06, "nop": 0.00876585783326621, "csel": 0.004832863471606927, "eor": 0.0016801751913008457, "mvn": 0.0002705900120821587, "bfi": 0.00047195932339911395, "ldur": 0.0005600583971002819, "fmov": 0.0024667740636327025, "strh": 0.0016487112364075714, "neg": 0.00038386024969794605, "cset": 0.0026303866290777285, "ldrh": 0.002869512686266613, "ldrsh": 0.00018878372935964558, "lsl": 0.00426651228352799, "b.cc": 0.002177305678614579, "stur": 0.0005348872331856625, "subs": 0.0003649818767619815, "ldurb": 0.00042790978654853, "ldurh": 1.8878372935964558e-05, "sturh": 2.5171163914619413e-05, "movk": 0.0029827829238824005, "smull": 0.0002705900120821587, "smaddl": 6.922070076520338e-05, "b.mi": 5.6635118807893674e-05, "b.lt": 0.00027688280306081354, "tst": 0.0030645892066049132, "ubfx": 0.0018123238018525976, "cneg": 0.00018878372935964558, "bfxil": 5.6635118807893674e-05, "cinc": 0.00018878372935964558, "ands": 0.00028946838501812326, "sturb": 0.0001636125654450262, "umull": 0.0003272251308900524, "umaddl": 0.0005600583971002819, "bics": 0.00011327023761578735, "ubfiz": 0.0010823600483286348, "udiv": 0.0006859142166733789, "msub": 0.00030205396697543293, "mul": 0.000597815142972211, "umulh": 0.00011956302859444221, "rev": 6.292790978654854e-05, "rev16": 2.5171163914619413e-05, "sxth": 0.0002705900120821587, "orn": 3.7756745871929116e-05, "bic": 0.0001321486105517519, "madd": 0.0002642972211035038, "ccmn": 7.551349174385823e-05, "csetm": 4.404953685058397e-05, "csinv": 7.551349174385823e-05, "brk": 0.00014473419250906163, "mvni": 2.5171163914619413e-05, "rbit": 5.0342327829238826e-05, "clz": 5.0342327829238826e-05, "b.pl": 6.292790978654853e-06, "cmeq": 1.2585581957309707e-05, "movi": 1.2585581957309707e-05, "ldursb": 6.292790978654853e-06, "sbfx": 6.292790978654853e-06, "smulh": 1.8878372935964558e-05, "eon": 1.8878372935964558e-05, "ldursw": 6.292790978654853e-06, "rorv": 6.292790978654853e-06, "cnt": 1.8878372935964558e-05, "addv": 1.8878372935964558e-05, "umov": 1.8878372935964558e-05, "sxtb": 1.8878372935964558e-05, "smsubl": 1.2585581957309707e-05, "ucvtf": 1.2585581957309707e-05, "fdiv": 6.292790978654853e-06}