{"mov": 0.09191447109376337, "ldr": 0.22152603016451816, "add": 0.13984900621437008, "bl": 0.060962456987314464, "stur": 0.0010186088713128928, "adrp": 0.09612586239364525, "cbz": 4.279869207197028e-05, "b": 0.08091520723126701, "ret": 0.004433944498656121, "cmp": 0.07659253933199801, "b.eq": 0.038801294232448255, "sub": 0.009176039580230428, "str": 0.06918836560354716, "br": 0.0005735024737644018, "asr": 0.0002139934603598514, "sdiv": 3.423895365757623e-05, "stp": 0.004202831561467482, "ldrb": 0.007917758033314503, "cbnz": 8.559738414394057e-06, "strb": 0.0031927824285689827, "ldp": 0.004202831561467482, "b.hi": 0.009492749901563008, "adr": 0.0005563829969356136, "b.cc": 0.0035694109188023214, "movk": 0.004296988684025816, "lsl": 0.01107630150822591, "and": 0.012154828548439559, "sxtw": 0.0005050245664492493, "mul": 0.0008987725335113759, "b.ne": 0.012308903839898652, "b.cs": 0.002935990276137161, "b.ls": 0.00552959101569856, "udiv": 0.00034238953657576225, "b.ge": 0.00041942718230530876, "neg": 0.00035950901340455035, "ldrh": 0.002696317600534128, "cmn": 0.0005392635201068256, "nop": 0.004724975604745519, "lsr": 0.0026363994316333694, "umulh": 0.00012839607621591083, "blr": 0.00398883810110763, "orr": 0.0008046154109530413, "b.gt": 0.0017119476828788111, "eor": 0.0011555646859431976, "ldur": 0.0010100491328984987, "mvn": 0.00023111293718863953, "strh": 0.0012411620700871382, "b.lt": 0.0005135843048636433, "cset": 0.0014979542225189598, "ldrsw": 0.0005478232585212196, "ubfx": 1.7119476828788114e-05, "bfxil": 3.423895365757623e-05, "bfi": 0.00022255319877424547, "b.le": 0.0002739116292606098, "sxtb": 1.7119476828788114e-05, "smulh": 1.7119476828788114e-05, "sxth": 8.559738414394057e-06, "ldrsh": 6.847790731515245e-05, "ucvtf": 0.00010271686097272867, "fmov": 8.559738414394056e-05, "fmul": 5.1358430486364334e-05, "fdiv": 5.1358430486364334e-05, "csel": 6.847790731515245e-05, "umull": 0.00012839607621591083, "smull": 1.7119476828788114e-05, "ldrsb": 5.1358430486364334e-05, "ubfiz": 1.7119476828788114e-05}