{"mov": 0.08424152568190589, "ldr": 0.3537299185571826, "add": 0.06698214757194793, "bl": 0.03932002355951825, "ldrsw": 0.0030139935414424113, "adrp": 0.018392672177427544, "adr": 0.00010154964762272276, "bic": 4.06198590490891e-06, "cbz": 2.030992952454455e-05, "b": 0.040526433373276195, "ret": 0.008485488555354713, "cmp": 0.07819322866949652, "b.eq": 0.036765034425330544, "sub": 0.009545666876535939, "str": 0.10464488088226334, "br": 0.00010561163352763166, "asr": 0.0005524300830676117, "sdiv": 3.655787314418019e-05, "stp": 0.007689339317992566, "ldrb": 0.019578772061660945, "cbnz": 4.06198590490891e-06, "strb": 0.004963746775798688, "ldp": 0.007709649247517111, "b.ne": 0.030412088470053007, "nop": 0.0074984259804618475, "b.gt": 0.0009261327863192315, "and": 0.026845664845542985, "orr": 0.003566423624510023, "cmn": 0.0014745008834819342, "b.ge": 0.0005605540548774295, "sxtw": 0.002364075796656986, "lsl": 0.012677458009220708, "b.lt": 0.000767715336027784, "b.hi": 0.0022584641631293537, "ldrh": 0.002213782318175356, "b.ls": 0.002221906289985174, "b.le": 0.0009789386030830472, "blr": 0.004915002944939781, "lsr": 0.0027621504153380588, "b.cs": 0.0013282693909052136, "movk": 0.0017263440095862867, "csel": 0.00019903730934053658, "cneg": 8.530170400308711e-05, "b.cc": 0.0022259682758900825, "bfi": 0.00040213660458598207, "ubfx": 0.0011739139265186749, "bfxil": 3.655787314418019e-05, "cset": 0.0009180088145094137, "strh": 0.0010073725044174096, "neg": 0.00042650852001543553, "eor": 0.0009342567581290493, "udiv": 0.0004468184495399801, "mul": 0.0007352194487885127, "umulh": 7.71777321932693e-05, "mvn": 0.00027215305562889696, "ldrsb": 1.218595771472673e-05, "ubfiz": 6.905376038345147e-05, "ldrsh": 3.249588723927128e-05, "sxth": 0.000588987956211792, "sxtb": 0.00011779759124235839, "smulh": 1.624794361963564e-05, "umull": 2.437191542945346e-05, "rbit": 4.06198590490891e-06, "clz": 4.06198590490891e-06, "fmov": 4.06198590490891e-06, "cnt": 4.06198590490891e-06, "addv": 4.06198590490891e-06, "umov": 4.06198590490891e-06, "rorv": 4.06198590490891e-06, "smull": 8.12397180981782e-06, "adds": 1.624794361963564e-05, "adc": 1.624794361963564e-05, "negs": 4.06198590490891e-06, "csneg": 4.06198590490891e-06, "movi": 4.06198590490891e-06, "ucvtf": 8.12397180981782e-06, "fdiv": 4.06198590490891e-06}