{"mov": 0.17075297318034388, "ldr": 0.06833374022018392, "add": 0.15274532370755298, "bl": 0.07732012694869739, "st4": 1.1625338587986375e-05, "sturh": 1.1625338587986375e-05, "stur": 0.001801927481137888, "adrp": 0.11567211895046443, "cbz": 0.0166358595194085, "b": 0.098978132738116, "ret": 0.005312779734709773, "cmp": 0.06563666166777107, "b.eq": 0.027133540264360198, "sub": 0.01298550320278078, "str": 0.03314384031434916, "br": 0.0007905230239830735, "asr": 0.00020925609458375476, "sdiv": 4.65013543519455e-05, "stp": 0.011950848068449994, "ldrb": 0.00744021669631128, "cbnz": 0.0054987851521175555, "strb": 0.0029412106627605527, "ldp": 0.023750566735256166, "b.hi": 0.010183796603076065, "ldrh": 0.0027087038910008254, "adr": 0.0007672723468071008, "b.ls": 0.010486055406363711, "b.cc": 0.00372010834815564, "csel": 0.004557132726490659, "movk": 0.004510631372138713, "and": 0.004464130017786768, "lsr": 0.002290191701833316, "csetm": 1.1625338587986375e-05, "ands": 0.0004882642206954278, "orr": 0.0018833048512537929, "lsl": 0.0035224775921598715, "cset": 0.0024296957648891524, "b.ne": 0.010532556760715656, "b.cs": 0.004603634080842605, "csinv": 1.1625338587986375e-05, "tbz": 0.0015345446936142015, "blr": 0.00545228379776561, "cmn": 0.0006277682837512642, "ccmp": 0.002673827875236866, "sbfiz": 8.137737011590463e-05, "mul": 0.0007207709924551553, "udiv": 0.00036038549622757765, "ubfx": 0.0005231402364593869, "movi": 0.000837024378335019, "fmov": 0.007370464664783362, "strh": 0.0012322858903265558, "neg": 0.00030225880328764573, "ubfiz": 0.00030225880328764573, "sxth": 2.325067717597275e-05, "mvn": 0.00020925609458375476, "madd": 0.00016275474023180926, "umulh": 0.00017438007881979563, "tbnz": 0.003603854962275776, "tst": 0.0007672723468071008, "bic": 0.00016275474023180926, "b.le": 0.0005115148978714005, "sxtw": 0.00022088143317174113, "subs": 0.00020925609458375476, "ldur": 0.0020809356072495613, "sxtb": 3.4876015763959124e-05, "smulh": 2.325067717597275e-05, "eor": 0.0010462804729187737, "adds": 9.3002708703891e-05, "b.gt": 0.00034876015763959126, "csinc": 6.975203152791825e-05, "mvni": 2.325067717597275e-05, "ccmn": 6.975203152791825e-05, "ldrsw": 0.00022088143317174113, "cinc": 9.3002708703891e-05, "ucvtf": 0.00011625338587986375, "fmul": 6.975203152791825e-05, "fdiv": 6.975203152791825e-05, "ushr": 1.1625338587986375e-05, "bfxil": 4.65013543519455e-05, "bfi": 0.00030225880328764573, "ldrsb": 4.65013543519455e-05, "b.ge": 6.975203152791825e-05, "umull": 0.0001395040630558365, "msub": 0.00019763075599576836, "ldurb": 0.00011625338587986375, "ldurh": 2.325067717597275e-05, "b.lt": 5.8126692939931874e-05, "smull": 1.1625338587986375e-05, "sbc": 3.4876015763959124e-05, "ldrsh": 5.8126692939931874e-05, "shl": 5.8126692939931874e-05, "bics": 4.65013543519455e-05, "b.mi": 2.325067717597275e-05, "b.pl": 1.1625338587986375e-05, "sturb": 2.325067717597275e-05, "nop": 2.325067717597275e-05}