{"mov": 0.08433463413476935, "ldr": 0.35069843943365714, "add": 0.06893061469787008, "bl": 0.04031298310539655, "stxrb": 3.9538037569043295e-06, "stxr": 3.9538037569043295e-06, "bic": 3.9538037569043295e-06, "adrp": 0.02072188548993559, "cbz": 1.976901878452165e-05, "b": 0.04039996678804844, "ret": 0.008571846544968587, "cmp": 0.07756967590670605, "b.eq": 0.036371040759762926, "sub": 0.009520759446625626, "str": 0.1044674028649262, "br": 0.00011466030895022557, "asr": 0.0005535325259666061, "sdiv": 3.5584233812138965e-05, "stp": 0.007737593952261774, "ldrb": 0.019270839511151702, "cbnz": 3.9538037569043295e-06, "strb": 0.004954116107401125, "ldp": 0.007745501559775582, "b.ne": 0.03021496831026289, "nop": 0.0075715341944717915, "sxth": 0.0005772553485080322, "strh": 0.0009844971354691782, "lsl": 0.012707525274690516, "b.cc": 0.0022022686925957115, "b.hi": 0.0022338991226509464, "b.ls": 0.0021864534775680945, "and": 0.02624139553457404, "b.cs": 0.0013008014360215245, "ldrsw": 0.003155135398009655, "ldrsb": 3.95380375690433e-05, "cmn": 0.0014589535862976977, "b.gt": 0.0009528667054139435, "sxtw": 0.0024157740954685457, "b.lt": 0.00076703792883944, "neg": 0.0004349184132594763, "adr": 0.00010675270143641691, "cset": 0.0009172824716018045, "ldrsh": 9.093748640879959e-05, "b.le": 0.0010042661542536998, "ldrh": 0.0021904072813249986, "lsr": 0.0026964941622087527, "csel": 0.0001976901878452165, "b.ge": 0.0005772553485080322, "blr": 0.004843409602207804, "orr": 0.003499116324860332, "mvn": 0.0002688586554694944, "bfi": 0.0004111955907180503, "ubfx": 0.0011584645007729686, "movk": 0.0016803665966843402, "bfxil": 3.5584233812138965e-05, "cneg": 8.302987889499093e-05, "eor": 0.0009093748640879958, "udiv": 0.0004349184132594763, "mul": 0.0007156384799996837, "umulh": 7.512227138118227e-05, "ubfiz": 6.72146638673736e-05, "sxtb": 0.00011466030895022557, "smulh": 1.5815215027617318e-05, "umull": 2.372282254142598e-05, "rbit": 3.9538037569043295e-06, "clz": 3.9538037569043295e-06, "fmov": 3.9538037569043295e-06, "cnt": 3.9538037569043295e-06, "addv": 3.9538037569043295e-06, "umov": 3.9538037569043295e-06, "rorv": 3.9538037569043295e-06, "smull": 7.907607513808659e-06, "adds": 1.5815215027617318e-05, "adc": 1.5815215027617318e-05, "negs": 3.9538037569043295e-06, "csneg": 3.9538037569043295e-06, "movi": 3.9538037569043295e-06, "ucvtf": 7.907607513808659e-06, "fdiv": 3.9538037569043295e-06}