{"mov": 0.08680175408487546, "ldr": 0.32500281103345424, "add": 0.07870005977144819, "bl": 0.047618906715115074, "stur": 5.917965166857028e-06, "prfm": 2.958982583428514e-06, "adrp": 0.03340099540174107, "cbz": 1.479491291714257e-05, "b": 0.04038715328121579, "ret": 0.009161010078294679, "cmp": 0.07667019771921622, "b.eq": 0.03595163838865644, "sub": 0.009646283221976956, "str": 0.10164401072335288, "br": 0.0001272362510874261, "asr": 0.0006361812554371305, "sdiv": 9.172846008628393e-05, "stp": 0.008234848529681555, "ldrb": 0.020556052007077885, "cbnz": 2.958982583428514e-06, "strb": 0.0058025648461033155, "ldp": 0.008246684460015268, "sxtw": 0.002580232812749664, "b.ne": 0.029598702782035424, "ldrsw": 0.003177947294602224, "b.le": 0.0011096184687856927, "nop": 0.008285151233599838, "b.ls": 0.0020831237387336737, "b.gt": 0.0010711516952011222, "blr": 0.0037224000899530704, "cmn": 0.0013315421625428312, "and": 0.023902661308935536, "b.cc": 0.0019470105398959622, "b.cs": 0.0014262296052125437, "b.lt": 0.0008492280014439835, "b.hi": 0.0021156725471513874, "lsl": 0.011190872130526639, "adr": 0.00012131828592056907, "b.ge": 0.000633222272853702, "orr": 0.0033406913366907922, "movk": 0.00139368079679483, "smulh": 5.326168650171325e-05, "mul": 0.0007012788722725578, "ldrh": 0.0019529285050628193, "neg": 0.0003935446835959924, "lsr": 0.002302088449907384, "umull": 2.367186066742811e-05, "strh": 0.0009971771306154092, "cset": 0.0009468744266971245, "mvn": 0.00043792942234742005, "eor": 0.0007634175065245566, "csel": 0.00017753895500571083, "ubfx": 0.0009971771306154092, "ldrsb": 1.7753895500571084e-05, "sxtb": 0.00013907218142114017, "ldrsh": 5.917965166857028e-05, "ubfiz": 5.917965166857028e-05, "bfi": 0.00032548808417713653, "udiv": 0.00034915994484456466, "sxth": 0.00046751924818170523, "clz": 5.917965166857028e-06, "bfxil": 4.438473875142771e-05, "ldur": 2.958982583428514e-06, "umulh": 5.917965166857028e-05, "fcvt": 8.876947750285542e-06, "cneg": 6.213863425199879e-05, "rbit": 2.958982583428514e-06, "fmov": 2.958982583428514e-06, "cnt": 2.958982583428514e-06, "addv": 2.958982583428514e-06, "umov": 2.958982583428514e-06, "rorv": 2.958982583428514e-06, "smull": 5.917965166857028e-06, "adds": 1.1835930333714056e-05, "adc": 1.1835930333714056e-05, "negs": 2.958982583428514e-06, "csneg": 2.958982583428514e-06, "movi": 2.958982583428514e-06, "ucvtf": 5.917965166857028e-06, "fdiv": 2.958982583428514e-06}