{"stp": 0.025360698627109324, "adrp": 0.026846155032304822, "mov": 0.1748006969823133, "str": 0.060292054093229096, "add": 0.08664477031965583, "bl": 0.05026393836126917, "ldr": 0.14945027833032645, "nop": 0.007293642349385515, "cmn": 0.0018503955220428366, "b.eq": 0.023438343279209264, "sub": 0.015928821452252086, "cmp": 0.06071867306081119, "b.ls": 0.005792765981506325, "ldrh": 0.0035671513674936906, "adr": 0.00015933961439813316, "br": 0.0005294187188067005, "cbz": 0.035378534383946794, "orr": 0.0051811074617199426, "b.ne": 0.017486237683304807, "and": 0.012407929972809466, "tbz": 0.004775048444382765, "b.ge": 0.0005242787312454704, "sbfiz": 0.0002621393656227352, "b.le": 0.00152143631812411, "cbnz": 0.015260623069292172, "b.lt": 0.0007350182212559046, "tst": 0.0035671513674936906, "b": 0.041762398934994574, "csinc": 0.00034437916660241683, "tbnz": 0.005139987561230102, "ldrb": 0.021274408515931393, "b.hi": 0.0058493058446798555, "bic": 0.00013363967659198265, "ldp": 0.04714396591160249, "ret": 0.013209768032361362, "asr": 0.0006630583953986831, "sdiv": 2.5699937806150508e-05, "strb": 0.013230327982606283, "b.cc": 0.0020971149249818816, "cset": 0.002729333395013184, "csel": 0.004990927921954429, "ccmp": 0.004081150123616701, "ldur": 0.0005808185944190015, "stur": 0.0008943578356540378, "b.cs": 0.0022461745642575544, "subs": 0.00045745889294947906, "blr": 0.008969278294346527, "cinc": 0.00013877966415321274, "lsl": 0.004476929165831419, "b.gt": 0.0015471362559302607, "fmov": 0.002621393656227352, "scvtf": 8.737978854091173e-05, "fmul": 0.00015419962683690307, "fdiv": 0.00022615945269412448, "movi": 0.00017989956464305355, "ucvtf": 0.00012335970146952244, "ldrsw": 0.00046259888051070915, "fadd": 0.00011307972634706224, "fsub": 1.5419962683690305e-05, "fcmpe": 0.00020559950244920406, "b.mi": 0.00017475957708182346, "cneg": 0.00015933961439813316, "umull": 0.0006681983829599132, "lsr": 0.0029554928477073085, "dup": 0.0003186792287962663, "umaddl": 0.0007504381839395949, "umlal": 2.0559950244920406e-05, "umlal2": 2.0559950244920406e-05, "sxtw": 0.002225614614012634, "fmadd": 1.0279975122460203e-05, "fcmp": 4.111990048984081e-05, "adds": 0.00013877966415321274, "fcvtzs": 1.0279975122460203e-05, "movk": 0.003119972449666672, "smull": 0.0002467194029390449, "umulh": 0.00011821971390829235, "shl": 1.0279975122460203e-05, "bfi": 0.00046259888051070915, "mul": 0.0005859585819802316, "ubfx": 0.0016756359449610133, "bfxil": 5.653986317353112e-05, "ubfiz": 0.0011564972012767728, "ushr": 1.0279975122460203e-05, "fcvtzu": 2.0559950244920406e-05, "fcsel": 5.139987561230102e-06, "b.pl": 3.083992536738061e-05, "fabd": 5.139987561230102e-06, "udiv": 0.0005653986317353112, "strh": 0.002878393034288857, "eor": 0.00152143631812411, "madd": 0.0002364394278165847, "smaddl": 5.653986317353112e-05, "sbfx": 5.139987561230102e-06, "bics": 9.765976366337194e-05, "ldurb": 0.00045745889294947906, "sturb": 0.00013363967659198265, "ldrsb": 0.00013877966415321274, "msub": 0.0002364394278165847, "ands": 0.0002826993158676556, "rev": 5.1399875612301016e-05, "rev16": 2.0559950244920406e-05, "sxth": 0.0002364394278165847, "ldrsh": 4.625988805107092e-05, "orn": 3.083992536738061e-05, "mvn": 0.00020559950244920406, "neg": 0.00033923917904118674, "sturh": 0.00021073949001043418, "brk": 0.00020045951488797397, "ldursh": 5.139987561230102e-06, "ccmn": 5.653986317353112e-05, "csetm": 3.5979912928610714e-05, "mvni": 3.083992536738061e-05, "csinv": 6.167985073476122e-05, "rbit": 4.111990048984081e-05, "clz": 4.111990048984081e-05, "cmeq": 2.5699937806150508e-05, "ldursb": 2.0559950244920406e-05, "smulh": 1.5419962683690305e-05, "eon": 1.5419962683690305e-05, "ldursw": 5.139987561230102e-06, "rorv": 5.139987561230102e-06, "cnt": 1.5419962683690305e-05, "addv": 2.0559950244920406e-05, "umov": 1.5419962683690305e-05, "sxtb": 1.5419962683690305e-05, "tbl": 4.111990048984081e-05, "ushll": 2.0559950244920406e-05, "ushll2": 2.0559950244920406e-05, "cmhs": 4.111990048984081e-05, "xtn": 2.0559950244920406e-05, "xtn2": 2.0559950244920406e-05, "ldurh": 0.00015933961439813316, "ins": 5.139987561230102e-06, "sqrdmulh": 5.139987561230102e-06, "bit": 5.139987561230102e-06, "umaxv": 1.0279975122460203e-05, "smsubl": 2.5699937806150508e-05, "csneg": 5.139987561230102e-06, "sshll": 1.5419962683690305e-05, "sshll2": 1.5419962683690305e-05}