{"mov": 0.1806291040033891, "ldr": 0.16069453270258185, "add": 0.08476311515921768, "bl": 0.058809338887712115, "stnp": 5.883875826684553e-06, "eor": 0.0014709689566711384, "adrp": 0.03138459365953541, "cbz": 0.03480900939066582, "b": 0.05552025230059545, "ret": 0.012203158464543765, "cmp": 0.05350208289204265, "b.eq": 0.02232930876226788, "sub": 0.01311515921767987, "str": 0.05780319612134906, "br": 0.00018240015062722116, "asr": 0.00065899409258867, "sdiv": 5.8838758266845534e-05, "stp": 0.0256360469768646, "ldrb": 0.021835063192826378, "cbnz": 0.012615029772411683, "strb": 0.008790510485066723, "ldp": 0.04784767822259879, "b.cc": 0.0016827884864317824, "b.hi": 0.004689449033867589, "cset": 0.0029419379133422767, "b.ge": 0.0001412130198404293, "b.ne": 0.013685895172868272, "ldur": 0.00020005177810727482, "tbnz": 0.005218997858269199, "csel": 0.0045717715173338985, "ccmp": 0.004448210124973522, "b.ls": 0.00546612064298995, "stur": 0.00014709689566711384, "subs": 0.0003177292946409659, "blr": 0.008160935771611475, "b.cs": 0.002412389088940667, "lsl": 0.004295229353479724, "movi": 0.00025889053637412037, "fmov": 0.0064369601543929015, "b.le": 0.0016769046106050978, "sbfiz": 0.00022358728141401305, "ldrsw": 0.0005060133210948716, "b.gt": 0.00065899409258867, "scvtf": 8.825813740026831e-05, "fmul": 0.00012944526818706018, "fdiv": 0.0002647744122008049, "ucvtf": 0.0001647485231471675, "tbz": 0.0047129845371743275, "fadd": 0.00012944526818706018, "fsub": 1.7651627480053662e-05, "fcmpe": 0.00010002588905363741, "b.mi": 8.237426157358375e-05, "cneg": 0.00018240015062722116, "mul": 0.0008002071124290993, "sxtw": 0.0014827367083245075, "orr": 0.005854456447551131, "fcmp": 4.7071006613476426e-05, "madd": 0.00040010355621454964, "adds": 0.00011179364070700652, "b.lt": 0.0002412389088940667, "cmn": 0.002071124290992963, "fcvtzs": 1.1767751653369107e-05, "movk": 0.0025653698604344655, "smull": 1.7651627480053662e-05, "lsr": 0.002347666454847137, "umull": 4.1187130786791875e-05, "csinc": 0.00037068417708112687, "and": 0.010791028266139471, "umulh": 0.00011767751653369107, "ldrh": 0.0028419120242886395, "ands": 0.0008943491256560522, "bfi": 0.0004942455694415026, "ubfx": 0.0017592788721786815, "bfxil": 5.8838758266845534e-05, "sxtb": 0.00010002588905363741, "ushr": 2.3535503306738213e-05, "ubfiz": 0.0010237943938431124, "adr": 0.00017063239897385205, "bic": 0.00012356139236037564, "tst": 0.0022535244416201842, "fcvtzu": 2.3535503306738213e-05, "fcsel": 5.883875826684553e-06, "b.pl": 1.1767751653369107e-05, "fabd": 5.883875826684553e-06, "udiv": 0.0006531102167619855, "strh": 0.0013885946950975548, "msub": 0.00028830991550754314, "cinc": 0.0002059356539339594, "bics": 7.64903857468992e-05, "ldurb": 0.0001529807714937984, "sturb": 7.64903857468992e-05, "ldrsb": 7.64903857468992e-05, "sxth": 0.00015886464732048296, "orn": 3.5303254960107325e-05, "csinv": 4.7071006613476426e-05, "mvn": 0.00022358728141401305, "neg": 0.00032361317046765046, "ccmn": 7.060650992021465e-05, "csetm": 5.8838758266845534e-05, "mvni": 7.060650992021465e-05, "ldrsh": 2.9419379133422767e-05, "shl": 5.8838758266845534e-05, "rbit": 4.7071006613476426e-05, "clz": 4.7071006613476426e-05, "cmeq": 5.883875826684553e-06, "umov": 5.8838758266845534e-05, "sbfx": 1.1767751653369107e-05, "smulh": 1.7651627480053662e-05, "cnt": 1.7651627480053662e-05, "addv": 1.7651627480053662e-05, "sshr": 5.883875826684553e-06, "rorv": 5.883875826684553e-06, "eon": 5.883875826684553e-06, "negs": 5.883875826684553e-06, "csneg": 5.883875826684553e-06, "nop": 1.1767751653369107e-05}