{"mov": 0.17905639244409208, "ldr": 0.16177747574281723, "add": 0.08336794150589598, "bl": 0.056367274512024765, "stnp": 6.292395011389235e-06, "stxrb": 6.292395011389235e-06, "stxr": 6.292395011389235e-06, "adrp": 0.026056807742162822, "cbz": 0.03529404361888222, "b": 0.05617850266168309, "ret": 0.012219831112117894, "cmp": 0.054404047268471326, "b.eq": 0.02295465700154793, "sub": 0.013509772089452688, "str": 0.05987213853336857, "br": 0.00017618706031889857, "asr": 0.000641824291161702, "sdiv": 5.6631555102503115e-05, "stp": 0.025792527151684473, "ldrb": 0.02287285586639987, "cbnz": 0.012408602962459572, "strb": 0.009331621801890235, "ldp": 0.0495085639496105, "tbz": 0.004744465838587483, "tst": 0.00238481770931652, "ccmp": 0.004700419073507759, "b.ne": 0.014164181170637167, "b.ge": 0.0001447250852619524, "b.ls": 0.005424044499817521, "csel": 0.004662664703439423, "ubfx": 0.0018562565283598243, "and": 0.011332603415512012, "blr": 0.008589119190546305, "tbnz": 0.004983576849020274, "cmn": 0.002196045858974843, "b.gt": 0.0006355318961503128, "b.le": 0.0016800694680409256, "b.lt": 0.0002454034054441802, "sxtw": 0.0015290519877675841, "b.cs": 0.0023156013641912384, "lsl": 0.00436062974289274, "ldrsw": 0.0004467600458086357, "stur": 0.00013214029523917395, "sturb": 8.809353015944929e-05, "fmov": 0.006367903751525906, "movi": 0.0002454034054441802, "subs": 0.00032720454059224024, "b.mi": 6.292395011389235e-05, "mvn": 0.0002516958004555694, "ands": 0.0009690288317539422, "cset": 0.0030077648154440543, "bfi": 0.0005096839959225281, "b.hi": 0.004681541888473591, "lsr": 0.002441449264419023, "cneg": 0.00018877185034167705, "orr": 0.005958898075785606, "ldurb": 0.00016360227029612012, "b.cc": 0.001629730307949812, "movk": 0.0025232503995670833, "ldrsb": 8.180113514806006e-05, "csinc": 0.0003649589106605756, "adds": 0.00011326311020500623, "ldrh": 0.0030077648154440543, "bfxil": 5.6631555102503115e-05, "cinc": 0.00020764903537584477, "csetm": 6.292395011389235e-05, "strh": 0.0014787128276764702, "shl": 6.292395011389235e-05, "sbfiz": 0.00021394143038723398, "bics": 8.180113514806006e-05, "ubfiz": 0.001044537571890613, "ldur": 0.00016989466530750936, "udiv": 0.0006921634512528158, "msub": 0.0003020349605466833, "eor": 0.0015227595927561949, "mul": 0.0007299178213211512, "umulh": 0.00011955550521639547, "sxth": 0.00016989466530750936, "orn": 3.775437006833541e-05, "bic": 0.0001258479002277847, "csinv": 5.033916009111388e-05, "adr": 0.00016360227029612012, "neg": 0.0003460817256264079, "ccmn": 7.550874013667082e-05, "madd": 0.0003334969356036295, "sxtb": 0.00010067832018222776, "mvni": 7.550874013667082e-05, "ldrsh": 3.146197505694618e-05, "rbit": 5.033916009111388e-05, "clz": 5.033916009111388e-05, "cmeq": 6.292395011389235e-06, "umov": 6.292395011389235e-05, "sbfx": 1.258479002277847e-05, "smulh": 1.8877185034167705e-05, "umull": 3.775437006833541e-05, "cnt": 1.8877185034167705e-05, "addv": 1.8877185034167705e-05, "sshr": 6.292395011389235e-06, "rorv": 6.292395011389235e-06, "ushr": 6.292395011389235e-06, "eon": 6.292395011389235e-06, "b.pl": 6.292395011389235e-06, "smull": 1.258479002277847e-05, "negs": 6.292395011389235e-06, "csneg": 6.292395011389235e-06, "ucvtf": 1.258479002277847e-05, "fdiv": 6.292395011389235e-06, "nop": 1.258479002277847e-05}