{"stp": 0.02906380756510022, "mov": 0.17757419071995462, "adrp": 0.025002095327741496, "add": 0.08367127208958977, "str": 0.05707028051603087, "bl": 0.05271844597600366, "ldr": 0.1558472538312262, "nop": 0.008748799216025066, "cmn": 0.0022694011230956694, "b.eq": 0.02259730379673387, "cmp": 0.0576118421476787, "b.le": 0.0014248228642163151, "b.ne": 0.016975378287246868, "ldrb": 0.022004164866833865, "b.ls": 0.005441404965604389, "cbnz": 0.015453847988807726, "b.ge": 0.0005609031184923955, "b.lt": 0.00029656946495000227, "cbz": 0.03732906961001115, "ldp": 0.05244121799789823, "ret": 0.016646573010889256, "b": 0.04068159399640248, "csel": 0.004912737658519603, "sturb": 0.00017407338160108828, "stur": 0.0005415616316478303, "sub": 0.013932317690368585, "br": 0.0006962935264043531, "asr": 0.0006576105527152224, "sdiv": 2.5788649126087152e-05, "strb": 0.008265262044910933, "tbz": 0.005067469553276125, "tst": 0.003159109517945676, "ccmp": 0.003997240614543509, "and": 0.012488153339307704, "blr": 0.008162107448406584, "tbnz": 0.0049320791453641676, "smull": 0.0002772279781054369, "b.cs": 0.002192035175717408, "smaddl": 7.091878509673967e-05, "sxtw": 0.0015666604344097945, "subs": 0.00036104108776522016, "b.mi": 5.1577298252174305e-05, "mvn": 0.00027078081582391513, "lsl": 0.0043067044040565544, "b.cc": 0.002224270987125017, "cset": 0.002675572346831542, "ubfx": 0.001856782737078275, "bfi": 0.0004770900088326123, "b.hi": 0.005467193614730476, "lsr": 0.0025208404520750192, "cneg": 0.00019341486844565365, "orr": 0.005802446053369609, "ldurb": 0.00042551271058043804, "movk": 0.003043060596878284, "ldrsb": 8.381310965978324e-05, "csinc": 0.00034814676320217656, "adds": 0.00014183757019347934, "ldrh": 0.002836751403869587, "bfxil": 5.802446053369609e-05, "cinc": 0.00019341486844565365, "fmov": 0.0025079461275119754, "ands": 0.00029656946495000227, "umull": 0.00033525243863913296, "eor": 0.0017084980046032738, "strh": 0.001676262193195665, "umaddl": 0.0005737974430554391, "ldrsw": 0.00033525243863913296, "sbfiz": 0.00021275635529021902, "bics": 0.00011604892106739218, "ubfiz": 0.0011089119124217475, "b.gt": 0.0007865537983456582, "udiv": 0.0007027406886858749, "msub": 0.0003094637895130458, "mul": 0.0006124804167445698, "umulh": 0.00012249608334891397, "rev": 6.447162281521788e-05, "rev16": 2.5788649126087152e-05, "sxth": 0.0002772279781054369, "ldrsh": 5.802446053369609e-05, "orn": 3.868297368913073e-05, "bic": 0.00013539040791195756, "ldur": 0.0005544559562108737, "neg": 0.0003868297368913073, "sturh": 1.9341486844565364e-05, "adr": 0.00018052054388261008, "madd": 0.00027078081582391513, "ccmn": 7.736594737826145e-05, "csetm": 4.513013597065252e-05, "csinv": 7.736594737826145e-05, "brk": 0.00014828473247500114, "mvni": 2.5788649126087152e-05, "rbit": 5.1577298252174305e-05, "clz": 5.1577298252174305e-05, "b.pl": 6.447162281521788e-06, "cmeq": 1.2894324563043576e-05, "movi": 1.2894324563043576e-05, "ldursb": 6.447162281521788e-06, "sbfx": 6.447162281521788e-06, "smulh": 1.9341486844565364e-05, "eon": 1.9341486844565364e-05, "ldursw": 6.447162281521788e-06, "rorv": 6.447162281521788e-06, "cnt": 1.9341486844565364e-05, "addv": 1.9341486844565364e-05, "umov": 1.9341486844565364e-05, "sxtb": 1.9341486844565364e-05, "ldurh": 1.2894324563043576e-05, "smsubl": 1.2894324563043576e-05, "ucvtf": 1.2894324563043576e-05, "fdiv": 6.447162281521788e-06}