{"stp": 0.029387755102040815, "mov": 0.24598639455782312, "adrp": 0.05605442176870748, "add": 0.08408163265306122, "str": 0.04353741496598639, "bl": 0.10666666666666667, "nop": 0.00816326530612245, "ldr": 0.07156462585034014, "cmn": 0.004353741496598639, "b.eq": 0.022312925170068026, "cmp": 0.03918367346938775, "b.le": 0.0019047619047619048, "b.lt": 0.0013605442176870747, "b.ne": 0.012244897959183673, "cbz": 0.03700680272108844, "ldp": 0.04326530612244898, "ret": 0.02040816326530612, "and": 0.002993197278911565, "b.ge": 0.0008163265306122449, "movk": 0.0019047619047619048, "b": 0.047619047619047616, "orr": 0.011156462585034013, "tbz": 0.0021768707482993197, "tbnz": 0.0027210884353741495, "sub": 0.006802721088435374, "cset": 0.0019047619047619048, "cbnz": 0.011156462585034013, "csinc": 0.0010884353741496598, "ubfiz": 0.0005442176870748299, "adr": 0.00027210884353741496, "br": 0.0005442176870748299, "asr": 0.0005442176870748299, "sdiv": 0.00027210884353741496, "ldrb": 0.02666666666666667, "strb": 0.010068027210884354, "blr": 0.008979591836734694, "strh": 0.0010884353741496598, "ldrh": 0.004081632653061225, "csel": 0.0019047619047619048, "ccmp": 0.0035374149659863946, "ccmn": 0.0008163265306122449, "sxtw": 0.0013605442176870747, "b.ls": 0.0013605442176870747, "b.hi": 0.0008163265306122449, "movi": 0.00027210884353741496, "stur": 0.0005442176870748299, "rev": 0.0013605442176870747, "b.gt": 0.0013605442176870747, "lsl": 0.007074829931972789, "rev16": 0.00027210884353741496, "lsr": 0.0035374149659863946, "eor": 0.0010884353741496598, "adds": 0.00027210884353741496, "b.cs": 0.0008163265306122449, "b.cc": 0.0005442176870748299, "sbfiz": 0.0010884353741496598, "subs": 0.00027210884353741496, "ldrsw": 0.00027210884353741496, "tst": 0.00027210884353741496, "mul": 0.00027210884353741496}