{"mov": 0.17904925629718216, "ldr": 0.16203253855544758, "add": 0.08325858933153947, "bl": 0.05666841069337519, "stur": 0.00013703066995540274, "adrp": 0.026615093305428907, "subs": 0.0003363480080723522, "stxrb": 6.22866681615467e-06, "cbz": 0.03544734285073623, "b": 0.05615766001445051, "ret": 0.0122704736278247, "cmp": 0.054276602635971796, "b.eq": 0.02296509455116227, "sub": 0.01341654832199716, "str": 0.05952736876199018, "br": 0.00018063133766848543, "asr": 0.000641552682063931, "sdiv": 6.22866681615467e-05, "stp": 0.02591125395520343, "ldrb": 0.022772005879861473, "cbnz": 0.01236390363006702, "strb": 0.009262027555621995, "ldp": 0.04930612651668037, "b.cc": 0.001625682039016369, "b.ls": 0.005412711463238408, "cneg": 0.00021800333856541345, "ldrsw": 0.0004609213443954456, "blr": 0.008707676208984228, "b.ne": 0.014076787004509555, "sxtw": 0.0015197947031417396, "cset": 0.00302713207265117, "ldrsh": 4.360066771308269e-05, "and": 0.01124274360315918, "b.hi": 0.0046715001121160026, "csel": 0.004602984777138302, "tbnz": 0.004982933452923736, "ldrh": 0.0029959887385703965, "ubfx": 0.0018374567107656277, "cmn": 0.0021862620524702894, "ccmp": 0.004696414779380621, "neg": 0.0003550340085208162, "ldurb": 0.0001868600044846401, "tbz": 0.004708872113012931, "tst": 0.0023731220569549296, "ubfiz": 0.00104018735829783, "lsl": 0.004353838104492114, "b.le": 0.001663054039913297, "b.gt": 0.0006353240152477764, "fmov": 0.006371926152926228, "madd": 0.0003488053417046615, "b.cs": 0.0023108353887933827, "movk": 0.002510152726910332, "cinc": 0.00021800333856541345, "orr": 0.0059047761417146275, "adr": 0.0001681740040361761, "b.lt": 0.00024291800583003213, "sturb": 8.720133542616538e-05, "movi": 0.00024291800583003213, "b.ge": 0.00013080200313924807, "b.mi": 6.22866681615467e-05, "mvn": 0.0002491466726461868, "ands": 0.0009592146896878192, "bfi": 0.0005045220121085282, "lsr": 0.002416722724668012, "ldrsb": 8.097266861001071e-05, "csinc": 0.00036126267533697086, "adds": 0.00011211600269078406, "bfxil": 5.605800134539203e-05, "csetm": 6.22866681615467e-05, "strh": 0.0014637367017963476, "shl": 6.22866681615467e-05, "sbfiz": 0.00021177467174925878, "bics": 8.097266861001071e-05, "ldur": 0.0001681740040361761, "udiv": 0.0006851533497770138, "msub": 0.00029897600717542416, "eor": 0.0015073373695094303, "mul": 0.0007225253506739417, "umulh": 0.00011834466950693873, "sxth": 0.0001681740040361761, "orn": 3.737200089692802e-05, "bic": 0.0001245733363230934, "csinv": 4.982933452923736e-05, "ccmn": 7.474400179385604e-05, "sxtb": 9.965866905847472e-05, "mvni": 7.474400179385604e-05, "rbit": 4.982933452923736e-05, "clz": 4.982933452923736e-05, "cmeq": 6.22866681615467e-06, "umov": 6.22866681615467e-05, "sbfx": 1.245733363230934e-05, "smulh": 1.868600044846401e-05, "umull": 3.737200089692802e-05, "cnt": 1.868600044846401e-05, "addv": 1.868600044846401e-05, "sshr": 6.22866681615467e-06, "rorv": 6.22866681615467e-06, "ushr": 6.22866681615467e-06, "eon": 6.22866681615467e-06, "b.pl": 6.22866681615467e-06, "smull": 1.245733363230934e-05, "negs": 6.22866681615467e-06, "csneg": 6.22866681615467e-06, "ucvtf": 1.245733363230934e-05, "fdiv": 6.22866681615467e-06, "nop": 1.245733363230934e-05}