{"stp": 0.025758527459922985, "mov": 0.1733620995712374, "adrp": 0.023584673785400224, "add": 0.08594368735833083, "str": 0.06171450419204195, "bl": 0.04809787803479258, "ldr": 0.14958625774913292, "nop": 0.007313542889914521, "cmn": 0.0019171423109484666, "b.eq": 0.02404893901739629, "cmp": 0.06134855395035093, "b.le": 0.001567577900974957, "b.ne": 0.01782778490864899, "ldrb": 0.022131796706447826, "b.ls": 0.005756888876751236, "cbnz": 0.015053117404484256, "b.ge": 0.0005461943905836087, "b.lt": 0.0007045907638528553, "cbz": 0.0359013572930606, "ldp": 0.048081492203075074, "ret": 0.013523773110850151, "b": 0.041871261982139446, "csel": 0.0051233033836742495, "stxr": 5.461943905836087e-06, "stxrb": 5.461943905836087e-06, "sub": 0.016495070595624984, "br": 0.0005571182783952809, "asr": 0.0006445093808886583, "sdiv": 2.184777562334435e-05, "strb": 0.014031733894092908, "tbz": 0.004795586749324085, "tst": 0.0038015129584619166, "ccmp": 0.004216620695305459, "and": 0.012862877898243984, "blr": 0.009334462135073872, "tbnz": 0.005008602561651692, "smull": 0.00026763525138596826, "b.cs": 0.00213562006718191, "stur": 0.0008520632493104296, "smaddl": 5.461943905836087e-05, "sxtw": 0.002332250047792009, "subs": 0.00047518911980773957, "b.mi": 0.00012016276592839392, "mvn": 0.00022940164404511567, "lsl": 0.004538875385749788, "b.gt": 0.0015457301253516127, "b.cc": 0.0019936095256301717, "cset": 0.0027855913919764045, "b.hi": 0.005718655269410383, "lsr": 0.0030368408116448645, "cneg": 0.0001638583171750826, "orr": 0.0052325422617909715, "ldurb": 0.00048611300761941176, "movk": 0.003069612475079881, "ubfx": 0.001753283993773384, "bfi": 0.0004697271759019035, "ldrsb": 0.00014747248545757434, "csinc": 0.0003277166343501652, "adds": 0.00013654859764590218, "ldrh": 0.0037687412950269, "bfxil": 5.461943905836087e-05, "fmov": 0.0022339350574869595, "cinc": 0.00012016276592839392, "strh": 0.0030532266433623725, "ands": 0.0003004069148209848, "sturb": 0.00014201054155173827, "umull": 0.0005898899418302974, "eor": 0.001578501788786629, "ldur": 0.0005953518857361335, "umaddl": 0.0005516563344894448, "ldrsw": 0.00043695551246688695, "sbfiz": 0.00024578747576262393, "bics": 0.00010377693421088566, "ubfiz": 0.001190703771472267, "udiv": 0.0005953518857361335, "msub": 0.00025124941966846, "mul": 0.0005516563344894448, "umulh": 0.00012016276592839392, "rev": 5.461943905836087e-05, "rev16": 2.184777562334435e-05, "sxth": 0.00025124941966846, "ldrsh": 4.915749515252478e-05, "orn": 3.277166343501652e-05, "movi": 0.00013108665374006608, "bic": 0.00013654859764590218, "neg": 0.0003604882977851817, "sturh": 0.00022393970013927957, "dup": 0.0002949449709151487, "brk": 0.0002130158123276074, "ldursh": 5.461943905836087e-06, "adr": 0.0001638583171750826, "madd": 0.00024578747576262393, "ccmn": 6.008138296419696e-05, "csetm": 3.823360734085261e-05, "mvni": 3.277166343501652e-05, "csinv": 6.554332687003304e-05, "rbit": 4.36955512466887e-05, "clz": 4.36955512466887e-05, "b.pl": 1.0923887811672175e-05, "cmeq": 2.7309719529180435e-05, "ldursb": 2.184777562334435e-05, "smulh": 1.638583171750826e-05, "eon": 1.638583171750826e-05, "ldursw": 5.461943905836087e-06, "rorv": 5.461943905836087e-06, "cnt": 1.638583171750826e-05, "addv": 2.184777562334435e-05, "umov": 1.638583171750826e-05, "sxtb": 1.638583171750826e-05, "tbl": 4.36955512466887e-05, "ushll": 2.184777562334435e-05, "ushll2": 2.184777562334435e-05, "cmhs": 4.36955512466887e-05, "xtn": 2.184777562334435e-05, "xtn2": 2.184777562334435e-05, "ldurh": 0.0001693202610809187, "ins": 5.461943905836087e-06, "sqrdmulh": 5.461943905836087e-06, "bit": 5.461943905836087e-06, "umaxv": 1.0923887811672175e-05, "smsubl": 2.7309719529180435e-05, "csneg": 5.461943905836087e-06, "ucvtf": 1.0923887811672175e-05, "fdiv": 5.461943905836087e-06, "sshll": 1.638583171750826e-05, "sshll2": 1.638583171750826e-05}