{"mov": 0.18029360415078566, "ldr": 0.16083679641970147, "add": 0.08298497553298743, "bl": 0.05777411660560159, "ccmn": 8.606486832075146e-05, "b": 0.056151179088696, "adrp": 0.02730715322005557, "cbz": 0.035520200654093, "ret": 0.012374898566405194, "cmp": 0.05374751026630929, "b.eq": 0.022610470405980278, "sub": 0.013438414439225908, "str": 0.05979049352054491, "br": 0.00019057220842452112, "asr": 0.0006393390218112966, "sdiv": 5.5327415349054515e-05, "stp": 0.026071507610593354, "ldrb": 0.022579732953008583, "cbnz": 0.012485553397103303, "strb": 0.00928271079745248, "ldp": 0.04916148228293211, "tbnz": 0.004905697494282834, "b.ne": 0.013960951139744757, "blr": 0.00847124203899968, "csel": 0.004604470455160203, "b.hi": 0.004653650379914919, "cset": 0.0029692379570659256, "mvn": 0.000252047114367915, "lsr": 0.0023975213317923624, "bfi": 0.00050409422873583, "orr": 0.005870853517594118, "tbz": 0.004647502889320579, "ccmp": 0.004610617945754543, "b.ls": 0.005305284382914894, "sxtw": 0.0015553151203678659, "b.le": 0.0017581823099810658, "b.gt": 0.0006577814935943148, "sbfiz": 0.00023360464258489685, "cmn": 0.0021700641798018047, "movi": 0.00024589962377357565, "ldrsb": 0.0001290973024811272, "fmov": 0.006288882878009197, "b.cs": 0.002280719010499914, "b.ge": 0.0001352447930754666, "adr": 0.00017827722723584233, "ldrsw": 0.0004672092851697937, "and": 0.011108515503971279, "adds": 0.00011680232129244843, "b.cc": 0.0016044950451225809, "csinc": 0.000362701945066024, "strh": 0.0014569552708584355, "neg": 0.00034425947328300586, "ldrh": 0.0029999754100376226, "ldrsh": 0.00011680232129244843, "lsl": 0.004303243416037573, "ldur": 0.0001967196990188605, "subs": 0.0003319644920943271, "b.lt": 0.00023975213317923623, "ldurb": 0.00017212973664150293, "movk": 0.0024774387095187742, "stur": 0.0001290973024811272, "sturb": 8.606486832075146e-05, "b.mi": 6.76223965377333e-05, "ands": 0.0009467135515282662, "ubfx": 0.0018073622347357808, "cneg": 0.00018442471783018172, "bfxil": 5.5327415349054515e-05, "cinc": 0.0002028671896131999, "csetm": 6.147490594339391e-05, "tst": 0.002311456463471611, "shl": 6.147490594339391e-05, "bics": 7.991737772641208e-05, "ubfiz": 0.001020483438660339, "udiv": 0.000676223965377333, "msub": 0.0002950795485282907, "eor": 0.0014876927238301326, "mul": 0.0007131089089433693, "umulh": 0.00011680232129244843, "sxth": 0.00016598224604716356, "orn": 3.688494356603634e-05, "bic": 0.00012294981188678783, "csinv": 4.917992475471512e-05, "madd": 0.0003258170014999877, "sxtb": 9.835984950943025e-05, "mvni": 7.376988713207268e-05, "rbit": 4.917992475471512e-05, "clz": 4.917992475471512e-05, "cmeq": 6.14749059433939e-06, "umov": 6.147490594339391e-05, "sbfx": 1.229498118867878e-05, "smulh": 1.844247178301817e-05, "umull": 3.688494356603634e-05, "cnt": 1.844247178301817e-05, "addv": 1.844247178301817e-05, "sshr": 6.14749059433939e-06, "rorv": 6.14749059433939e-06, "ushr": 6.14749059433939e-06, "eon": 6.14749059433939e-06, "b.pl": 6.14749059433939e-06, "smull": 1.229498118867878e-05, "negs": 6.14749059433939e-06, "csneg": 6.14749059433939e-06, "ucvtf": 1.229498118867878e-05, "fdiv": 6.14749059433939e-06, "nop": 1.229498118867878e-05}