{"stp": 0.02904040404040404, "mov": 0.17745889552458896, "fmov": 0.002557509400575094, "adrp": 0.036104659736046596, "add": 0.08919947651699477, "str": 0.05553712305537123, "bl": 0.060638317481383174, "ldr": 0.14064919265649192, "cbz": 0.033413514709135145, "sbfiz": 0.00026727125267271253, "cmn": 0.0018662906436629064, "b.eq": 0.02294846272948463, "sub": 0.013506414510064145, "cmp": 0.05836651183366512, "b.ls": 0.005225613802256138, "cbnz": 0.014985622649856227, "b.ne": 0.01716987392169874, "b": 0.041247327287473275, "ldrh": 0.002612806901128069, "adr": 0.00019814937698149377, "br": 0.0005990562559905626, "ldur": 0.00041933937919339377, "ldrb": 0.023736452112364522, "orr": 0.005866143183661431, "ldp": 0.05017787362677874, "strb": 0.00862180196121802, "ccmp": 0.004603516921035169, "b.le": 0.0015621543906215439, "ldrsw": 0.00042394750423947503, "ldurb": 0.0005437587554375876, "b.hi": 0.005631128806311288, "and": 0.01101802698518027, "nop": 0.008764653837646538, "csel": 0.004013676915136769, "sxtw": 0.001857074393570744, "bic": 0.0006681781316817813, "ret": 0.01657542579075426, "asr": 0.0007142593821425938, "sdiv": 0.00011981125119811252, "sturh": 2.7648750276487504e-05, "b.gt": 0.0014561675145616751, "b.cs": 0.00202757502027575, "sturb": 0.00023501437735014378, "b.cc": 0.001857074393570744, "blr": 0.006013603185136032, "ccmn": 9.677062596770625e-05, "b.lt": 0.00034100125341001255, "movk": 0.002963024404630244, "smulh": 4.6081250460812505e-05, "msub": 0.0002857037528570375, "tst": 0.0027786994027869942, "tbz": 0.005096586300965863, "cset": 0.002704969402049694, "tbnz": 0.004806274423062744, "cneg": 0.00015206812652068127, "madd": 0.00025805500258055, "lsr": 0.002133561896335619, "umull": 0.00024883875248838755, "mul": 0.0005575831305758313, "ubfiz": 0.0009677062596770625, "umaddl": 0.0004377718793777188, "strh": 0.0014561675145616751, "subs": 0.0003732581287325813, "lsl": 0.005313168178131682, "b.ge": 0.00046081250460812504, "eor": 0.0014607756396077564, "csinc": 0.00036865000368650004, "mvn": 0.00031796062817960626, "rbit": 5.0689375506893756e-05, "clz": 5.529750055297501e-05, "csinv": 6.912187569121876e-05, "neg": 0.0004009068790090688, "ldurh": 3.686500036865e-05, "negs": 2.3040625230406253e-05, "csneg": 2.3040625230406253e-05, "stur": 0.0004009068790090688, "b.pl": 9.2162500921625e-06, "csetm": 0.00011059500110595002, "sxth": 0.00020736562707365628, "ubfx": 0.0018202093932020939, "bfi": 0.0004101231291012313, "cinv": 2.3040625230406253e-05, "orn": 4.6081250460812505e-05, "b.mi": 5.0689375506893756e-05, "udiv": 0.0005437587554375876, "smull": 0.00019814937698149377, "cinc": 0.00017050062670500627, "ands": 0.00025805500258055, "ldrsh": 5.0689375506893756e-05, "sbfx": 1.3824375138243752e-05, "st1": 4.60812504608125e-06, "adds": 0.00011520312615203126, "umulh": 0.00010137875101378751, "bfxil": 6.45137506451375e-05, "movi": 2.3040625230406253e-05, "ldrsb": 6.45137506451375e-05, "bics": 0.00011059500110595002, "smaddl": 5.990562559905626e-05, "rev": 5.0689375506893756e-05, "sxtb": 1.8432500184325e-05, "fcvt": 9.2162500921625e-06, "rev16": 1.8432500184325e-05, "stxrb": 4.60812504608125e-06, "eon": 1.3824375138243752e-05, "brk": 0.00011059500110595002, "mvni": 1.8432500184325e-05, "cmeq": 9.2162500921625e-06, "ldursb": 4.60812504608125e-06, "ldursw": 4.60812504608125e-06, "rorv": 4.60812504608125e-06, "cnt": 1.3824375138243752e-05, "addv": 1.3824375138243752e-05, "umov": 1.3824375138243752e-05, "smsubl": 9.2162500921625e-06, "ucvtf": 9.2162500921625e-06, "fdiv": 4.60812504608125e-06}