{"mov": 0.08985487658596746, "ldr": 0.34819820580831545, "add": 0.06786842594313325, "bl": 0.04459461742494636, "stnp": 3.378892061293102e-06, "ldrsw": 0.002878816036221723, "ld4": 3.378892061293102e-06, "adrp": 0.02055717930090723, "cbz": 1.689446030646551e-05, "b": 0.04213478400432498, "ret": 0.0082782855501681, "cmp": 0.07847814701559358, "b.eq": 0.036475139801659034, "sub": 0.008815529387913704, "str": 0.10431315571624064, "br": 0.00013177679039043098, "asr": 0.0005034549171326722, "sdiv": 3.0410028551637917e-05, "stp": 0.007659948302951462, "ldrb": 0.017850686759811458, "cbnz": 3.378892061293102e-06, "strb": 0.004720312209626464, "ldp": 0.007673463871196635, "orr": 0.003179537429676809, "b.ne": 0.031237857106654728, "sxtw": 0.0022064165160243956, "movk": 0.0015069858593367235, "b.ls": 0.0020712608335726715, "and": 0.023405585308577316, "cset": 0.0010035309422040512, "nop": 0.007105810004899393, "b.gt": 0.0009055430724265514, "b.cs": 0.0011859911135138788, "lsl": 0.012038992414387323, "udiv": 0.00039195147910999986, "b.hi": 0.0025105168015407747, "b.lt": 0.0007534929296683617, "blr": 0.004399317463803619, "ubfx": 0.0011048977040428443, "b.cc": 0.0020104407764693958, "cmn": 0.0014360291260495683, "b.ge": 0.0005744116504198273, "b.le": 0.00092581642479431, "lsr": 0.0023348144143535334, "umulh": 6.757784122586203e-05, "mvn": 0.00024328022841310333, "ldrsh": 7.433562534844825e-05, "strh": 0.0009089219644878444, "bfi": 0.0003784359108648274, "bfxil": 3.7167812674224124e-05, "mul": 0.0006419894916456894, "neg": 0.00038519369498741363, "adr": 0.00012501900626784478, "sxth": 0.000496697133010086, "ldrh": 0.0019597573955499993, "smulh": 2.0273352367758612e-05, "negs": 1.0136676183879306e-05, "csneg": 1.0136676183879306e-05, "eor": 0.0008075552026490514, "csel": 0.0001689446030646551, "ldrsb": 1.3515568245172408e-05, "cneg": 7.095673328715515e-05, "ubfiz": 5.744116504198273e-05, "sxtb": 9.798786977749996e-05, "umull": 2.0273352367758612e-05, "rbit": 3.378892061293102e-06, "clz": 3.378892061293102e-06, "fmov": 3.378892061293102e-06, "cnt": 3.378892061293102e-06, "addv": 3.378892061293102e-06, "umov": 3.378892061293102e-06, "rorv": 3.378892061293102e-06, "smull": 6.757784122586204e-06, "adds": 1.3515568245172408e-05, "adc": 1.3515568245172408e-05, "movi": 3.378892061293102e-06, "ucvtf": 6.757784122586204e-06, "fdiv": 3.378892061293102e-06}