{"stp": 0.027555208129763534, "mov": 0.18340597461266822, "adrp": 0.02496011925592303, "add": 0.08561975358017734, "str": 0.06265026291749799, "bl": 0.055324022524098876, "ldr": 0.14442964854952256, "tbnz": 0.004481186741868192, "cbz": 0.03792192918270607, "nop": 0.0069262967490944455, "cmn": 0.001940635637705596, "b.eq": 0.02255136776181538, "cmp": 0.05830542059982457, "b.ls": 0.005503769923328986, "ldrh": 0.0034813276311065258, "adr": 0.0002090614504319846, "br": 0.0005908258381773477, "cbnz": 0.015647795083420065, "b.le": 0.001463430153023892, "sub": 0.014956983334166549, "b.lt": 0.0006453636078552567, "sbfiz": 0.0002272407069912876, "b.ge": 0.0004953847412410069, "tbz": 0.0042584908490167295, "orr": 0.004753875590257736, "cset": 0.002926860306047784, "b": 0.04255763960532834, "tst": 0.003254086924115238, "b.ne": 0.016902163786011972, "csel": 0.004644800050901918, "fmov": 0.0032131835968568067, "ldp": 0.04766146588435266, "and": 0.011162063527412046, "sxtw": 0.002254227813353573, "strb": 0.012870913643986528, "strh": 0.0027677918111538827, "ldrb": 0.020438029186796405, "sxth": 0.00021360626457181034, "ccmp": 0.0040766982834237, "b.cc": 0.0018406497266294296, "lsl": 0.004167594566220214, "b.gt": 0.0013770786843672028, "ret": 0.013161781748935378, "neg": 0.00032268180392762836, "ldrsh": 7.726184037703778e-05, "movk": 0.002654171457658239, "ccmn": 0.00013634442419477256, "b.hi": 0.005762824329299053, "sturb": 0.00013179961005494682, "stur": 0.0008180665451686353, "asr": 0.0005771913957578705, "sdiv": 1.8179256559303008e-05, "csetm": 3.6358513118606015e-05, "sturh": 0.00019088219387268157, "b.cs": 0.00208606969018002, "udiv": 0.000549922510918916, "msub": 0.0002181510787116361, "ldrsw": 0.00040903327258431764, "subs": 0.00048629511296135547, "mul": 0.0004908399271011812, "blr": 0.008117038053728792, "ubfx": 0.0015861401347991874, "bfi": 0.0004453917857029237, "dup": 0.00037267475946571165, "bic": 0.00011816516763546954, "ldurb": 0.0004272125291436207, "cinc": 0.0001227099817752953, "csinc": 0.00029541291908867387, "lsr": 0.0025541855465820726, "bfxil": 5.908258381773477e-05, "negs": 1.3634442419477256e-05, "csneg": 1.8179256559303008e-05, "smull": 0.00023633033527093909, "smulh": 2.272407069912876e-05, "brk": 0.00018179256559303008, "ubfiz": 0.0011861964904945211, "adds": 0.00012725479591512104, "eor": 0.0013543546136680741, "mvni": 3.6358513118606015e-05, "csinv": 5.908258381773477e-05, "movi": 0.0002863232908090224, "mvn": 0.00019542700801250732, "ext": 4.544814139825752e-06, "umull": 0.000586281024037522, "umaddl": 0.000531743254359613, "madd": 0.00022269589285146184, "ldur": 0.0005271984402197873, "b.mi": 0.0001045307252159923, "smaddl": 4.999295553808327e-05, "b.pl": 1.3634442419477256e-05, "ushll": 2.272407069912876e-05, "ushll2": 2.272407069912876e-05, "bics": 9.089628279651504e-05, "cneg": 0.00013634442419477256, "ldrsb": 0.0001227099817752953, "ands": 0.00024996477769041633, "sxtb": 1.3634442419477256e-05, "umulh": 9.998591107616654e-05, "rev": 4.544814139825752e-05, "rev16": 1.8179256559303008e-05, "orn": 2.726888483895451e-05, "ldursh": 4.544814139825752e-06, "rbit": 3.6358513118606015e-05, "clz": 3.6358513118606015e-05, "cmeq": 2.272407069912876e-05, "ldursb": 1.8179256559303008e-05, "eon": 1.3634442419477256e-05, "ldursw": 4.544814139825752e-06, "rorv": 4.544814139825752e-06, "cnt": 1.3634442419477256e-05, "addv": 1.8179256559303008e-05, "umov": 1.3634442419477256e-05, "tbl": 3.6358513118606015e-05, "cmhs": 3.6358513118606015e-05, "xtn": 1.8179256559303008e-05, "xtn2": 1.8179256559303008e-05, "ldurh": 0.0001408892383345983, "ins": 4.544814139825752e-06, "sqrdmulh": 4.544814139825752e-06, "bit": 4.544814139825752e-06, "umaxv": 9.089628279651504e-06, "smsubl": 2.272407069912876e-05, "fmsub": 9.089628279651504e-06, "ucvtf": 9.089628279651504e-06, "fdiv": 4.544814139825752e-06, "sshll": 1.3634442419477256e-05, "sshll2": 1.3634442419477256e-05}