{"stp": 0.03026037624769194, "mov": 0.18986325563970136, "adrp": 0.025743263132543017, "add": 0.08398940298108057, "str": 0.056244480719312796, "bl": 0.05988921298402419, "ldr": 0.14841178516952555, "tbnz": 0.0043886644009740695, "cbz": 0.039583612084883195, "cmn": 0.002172924081457893, "b.eq": 0.021301078433996094, "cmp": 0.05506703417271, "b.ls": 0.005127244507479462, "ldrh": 0.002686718938157296, "adr": 0.00021943322004870346, "br": 0.0007439321362626777, "cbnz": 0.016141721747972917, "b.le": 0.001354063528593219, "sub": 0.012753886911611228, "b.lt": 0.00029436163665069975, "b.gt": 0.0007492841660199631, "sbfiz": 0.00020337713077684712, "tbz": 0.00445824078781878, "ldp": 0.05218764216329043, "orr": 0.005266397281168883, "cset": 0.002900800128448714, "b": 0.04152639888677781, "tst": 0.0027134790869437235, "b.ne": 0.016232706253846773, "csel": 0.004479648906847922, "fmov": 0.0035109315207792553, "and": 0.010816452139473895, "sxtw": 0.0015360325403409242, "strb": 0.007583826166073483, "strh": 0.0015627926891273515, "ldrb": 0.020305600899140998, "sxth": 0.00023548930932055983, "nop": 0.008279590034520591, "ldrsh": 9.633653563113811e-05, "ccmp": 0.003933741871604806, "b.cc": 0.0020016591292247583, "lsl": 0.003933741871604806, "ret": 0.016098905509914635, "b.ge": 0.0005030907971848323, "neg": 0.0003478819342235543, "movk": 0.0026439027000990127, "ccmn": 0.00016591292247584896, "b.hi": 0.0054001980251010195, "stxr": 5.35202975728545e-06, "stxrb": 5.35202975728545e-06, "asr": 0.0005994273328159705, "sdiv": 2.14081190291418e-05, "csetm": 4.28162380582836e-05, "sturh": 2.14081190291418e-05, "b.cs": 0.002114051754127753, "udiv": 0.0006208354518451122, "blr": 0.007086087398645936, "msub": 0.00026760148786427254, "ldrsw": 0.0003318258449516979, "subs": 0.0003425299044662688, "mul": 0.0005352029757285451, "cinc": 0.00019802510101956167, "ubfx": 0.0016912414033022024, "bic": 0.00011774465466027991, "ldurb": 0.00038534614252455244, "csinc": 0.0003157697556798416, "lsr": 0.002119403783885038, "stur": 0.00046027455912654876, "bfi": 0.0004442184698546924, "bfxil": 5.887232733013996e-05, "negs": 1.07040595145709e-05, "csneg": 1.07040595145709e-05, "smull": 0.0002461933688351307, "smulh": 2.676014878642725e-05, "sturb": 0.0001498568332039926, "brk": 0.00012844871417485082, "ubfiz": 0.0010864620407289465, "eor": 0.0014664561534962134, "csinv": 6.957638684471086e-05, "movi": 1.6056089271856353e-05, "mvn": 0.00023013727956327438, "umull": 0.000321121785437127, "umaddl": 0.0005137948566994033, "ldur": 0.0004977387674275469, "b.mi": 4.8168267815569055e-05, "smaddl": 6.422435708742541e-05, "b.pl": 1.07040595145709e-05, "madd": 0.0002461933688351307, "bics": 0.00010168856538842356, "cneg": 0.0001605608927185635, "ldrsb": 6.957638684471086e-05, "adds": 0.00011774465466027991, "ands": 0.0002461933688351307, "sxtb": 1.6056089271856353e-05, "umulh": 0.00010168856538842356, "rev": 5.35202975728545e-05, "rev16": 2.14081190291418e-05, "orn": 3.2112178543712706e-05, "mvni": 2.14081190291418e-05, "rbit": 4.28162380582836e-05, "clz": 4.28162380582836e-05, "cmeq": 1.07040595145709e-05, "ldursb": 5.35202975728545e-06, "sbfx": 5.35202975728545e-06, "eon": 1.6056089271856353e-05, "ldursw": 5.35202975728545e-06, "rorv": 5.35202975728545e-06, "cnt": 1.6056089271856353e-05, "addv": 1.6056089271856353e-05, "umov": 1.6056089271856353e-05, "ldurh": 1.07040595145709e-05, "smsubl": 1.07040595145709e-05, "ucvtf": 1.07040595145709e-05, "fdiv": 5.35202975728545e-06}