{"stp": 0.029117350391338212, "mov": 0.1776471189080834, "adrp": 0.025274192106842355, "add": 0.08352166085724136, "str": 0.05678553644616387, "bl": 0.05284023441988739, "ldr": 0.15619693313415303, "nop": 0.008777977809272098, "cmn": 0.002253546303034946, "b.eq": 0.022535463030349458, "cmp": 0.057475006703183056, "b.ls": 0.005464690185263211, "ldrh": 0.002828104850550938, "adr": 0.00018513553197737516, "br": 0.0007022382247417678, "b.ne": 0.016911173248554026, "cbnz": 0.015442856960457604, "cset": 0.0026812732217412955, "ldp": 0.05249549929137779, "ret": 0.016585590071628298, "b": 0.040844728744525736, "ldrb": 0.021916216595804446, "cbz": 0.03746760128190396, "strb": 0.008209803245617394, "sub": 0.013834093027412826, "b.le": 0.001398092465622247, "cinc": 0.00020428748356124155, "b.lt": 0.00029366325761928473, "sturb": 0.00017236756425479757, "stur": 0.0005362546443482591, "asr": 0.0006575503377127462, "sdiv": 3.1919919306443995e-05, "blr": 0.008286411051952861, "ccmp": 0.003989989913305499, "cneg": 0.00021705545128381917, "neg": 0.0003958069993999055, "tbnz": 0.004966739444082685, "ldurb": 0.0004532628541515047, "and": 0.012391312674761559, "csel": 0.004839059766856909, "b.hi": 0.0054583062014019225, "ubfiz": 0.0011044292080029622, "lsl": 0.004302805122508651, "tst": 0.0031345360758928, "b.gt": 0.0007979979826610998, "b.cc": 0.002215242399867213, "fmov": 0.002534441592931653, "tbz": 0.005017811314972996, "madd": 0.00028727927375799597, "movk": 0.0030260083502508905, "b.cs": 0.0021769384966994804, "ldpsw": 6.383983861288798e-06, "subs": 0.0003638870800934615, "ldrsh": 7.022382247417679e-05, "ubfx": 0.0018449713359124627, "orr": 0.005751969459021207, "smull": 0.0002745113060354183, "smaddl": 7.022382247417679e-05, "b.ge": 0.0005426386282095479, "sxtw": 0.001551308078293178, "b.mi": 5.107187089031039e-05, "mvn": 0.00026812732217412955, "bfi": 0.0004724148057353711, "lsr": 0.0024961376897639203, "ldrsb": 8.299179019675438e-05, "csinc": 0.00034473512850959515, "adds": 0.00014044764494835357, "bfxil": 5.745585475159919e-05, "ands": 0.00029366325761928473, "umull": 0.0003319671607870175, "eor": 0.0016917557232415316, "strh": 0.0016598358039350877, "umaddl": 0.0005681745636547031, "ldrsw": 0.0003319671607870175, "sbfiz": 0.00021067146742253034, "bics": 0.00011491170950319838, "udiv": 0.0006958542408804791, "msub": 0.0003064312253418623, "mul": 0.0006064784668224359, "umulh": 0.00012129569336448717, "rev": 6.383983861288799e-05, "rev16": 2.5535935445155194e-05, "sxth": 0.0002745113060354183, "orn": 3.830390316773279e-05, "bic": 0.00013406366108706478, "ldur": 0.0005490226120708366, "sturh": 1.9151951583866395e-05, "ccmn": 7.660780633546558e-05, "csetm": 4.468788702902159e-05, "csinv": 7.660780633546558e-05, "brk": 0.00014683162880964237, "mvni": 2.5535935445155194e-05, "rbit": 5.107187089031039e-05, "clz": 5.107187089031039e-05, "b.pl": 6.383983861288798e-06, "cmeq": 1.2767967722577597e-05, "movi": 1.2767967722577597e-05, "ldursb": 6.383983861288798e-06, "sbfx": 6.383983861288798e-06, "smulh": 1.9151951583866395e-05, "eon": 1.9151951583866395e-05, "ldursw": 6.383983861288798e-06, "rorv": 6.383983861288798e-06, "cnt": 1.9151951583866395e-05, "addv": 1.9151951583866395e-05, "umov": 1.9151951583866395e-05, "sxtb": 1.9151951583866395e-05, "ldurh": 1.2767967722577597e-05, "smsubl": 1.2767967722577597e-05, "ucvtf": 1.2767967722577597e-05, "fdiv": 6.383983861288798e-06}