{"mov": 0.19140825833389594, "ldr": 0.15314426377644022, "add": 0.08285338886667325, "bl": 0.06393431555331668, "stnp": 5.1932674480803084e-06, "adrp": 0.02789823273108742, "adr": 0.00020773069792321235, "cbz": 0.03689297195116251, "b": 0.05783222630182232, "ret": 0.011658885420940294, "cmp": 0.05228062339982447, "b.eq": 0.02167150506083913, "sub": 0.012224951572781046, "str": 0.059099383559153916, "br": 0.00021292396537129265, "asr": 0.0005868392216330749, "sdiv": 4.673940703272278e-05, "stp": 0.026132521798740115, "ldrb": 0.02083019573425012, "cbnz": 0.01395950290043987, "strb": 0.008506572079955546, "ldp": 0.04872323519788946, "b.ne": 0.013512881899904964, "b.cs": 0.0021655925258494886, "udiv": 0.0006076122914253961, "b.ls": 0.0049907300176051765, "cset": 0.00336523730635604, "blr": 0.00756139740440493, "and": 0.009768536069839061, "b.hi": 0.004824545459266607, "b.cc": 0.0015372071646317714, "csetm": 5.7125941928883395e-05, "tbnz": 0.004429857133212503, "sxtw": 0.0015008542924952093, "tst": 0.00202018103730324, "ccmp": 0.004549302284518351, "csel": 0.004237706237633532, "tbz": 0.004133840888671926, "orr": 0.005364645273866959, "msub": 0.00025966337240401543, "lsl": 0.004014395737366078, "ldrsw": 0.0004310411981906656, "b.le": 0.001630685978697217, "mul": 0.0006283853612177174, "cinc": 0.00021811723281937298, "cmn": 0.0020825002466802038, "b.gt": 0.0005972257565292355, "movk": 0.002196752130537971, "ubfx": 0.0016670388508337791, "bfi": 0.00046739407032722776, "movi": 0.00025966337240401543, "fmov": 0.007317313834345155, "bic": 0.00010905861640968649, "ldrsh": 7.270574427312432e-05, "strh": 0.001329476466708559, "ldurb": 0.00015060475599432894, "csinc": 0.00033236911667713974, "lsr": 0.0020409541070955614, "subs": 0.00031159604688481854, "ands": 0.0008465025940370903, "b.ge": 0.00014541148854624864, "bfxil": 5.7125941928883395e-05, "ldrh": 0.002742045212586403, "neg": 0.00031159604688481854, "ccmn": 0.0001194451513058471, "sxth": 0.00014541148854624864, "b.lt": 0.00021811723281937298, "sbfiz": 0.00020253743047513205, "negs": 1.5579802344240927e-05, "csneg": 1.5579802344240927e-05, "smulh": 2.5966337240401544e-05, "sturb": 8.309227916928494e-05, "ubfiz": 0.00100749388492758, "mvn": 0.00021292396537129265, "csinv": 4.673940703272278e-05, "ldur": 0.0001817643606828108, "stur": 0.0001194451513058471, "eor": 0.0012879303271239166, "madd": 0.0002960162445405776, "b.mi": 5.7125941928883395e-05, "b.pl": 1.0386534896160617e-05, "adds": 9.867208151352586e-05, "bics": 7.270574427312432e-05, "shl": 5.7125941928883395e-05, "cneg": 0.00015579802344240927, "ldrsb": 6.751247682504401e-05, "sxtb": 8.309227916928494e-05, "umulh": 9.867208151352586e-05, "orn": 3.1159604688481854e-05, "mvni": 6.231920937696371e-05, "rbit": 4.154613958464247e-05, "clz": 4.154613958464247e-05, "cmeq": 5.1932674480803084e-06, "umov": 5.193267448080309e-05, "sbfx": 1.0386534896160617e-05, "umull": 3.1159604688481854e-05, "cnt": 1.5579802344240927e-05, "addv": 1.5579802344240927e-05, "sshr": 5.1932674480803084e-06, "rorv": 5.1932674480803084e-06, "ushr": 5.1932674480803084e-06, "eon": 5.1932674480803084e-06, "smull": 1.0386534896160617e-05, "ucvtf": 1.0386534896160617e-05, "fdiv": 5.1932674480803084e-06, "nop": 1.0386534896160617e-05}