{"mov": 0.17931025799221867, "ldr": 0.1615756537943365, "add": 0.08315181123380466, "bl": 0.056238274511779, "orn": 4.406894901852155e-05, "ldrsw": 0.00045328061847622165, "adrp": 0.025792926304126114, "cbz": 0.035355888241145286, "b": 0.056244570075924503, "ret": 0.01216932549325745, "cmp": 0.05447551655103814, "b.eq": 0.022997695823522745, "sub": 0.013522871784540612, "str": 0.05980156381813374, "br": 0.0001762757960740862, "asr": 0.000648443106986817, "sdiv": 5.6660077309527706e-05, "stp": 0.025906246458745168, "ldrb": 0.022953626874504224, "cbnz": 0.012383374674204556, "strb": 0.009361503884363078, "ldp": 0.049571272081691244, "b.le": 0.0017060978834313343, "b.cs": 0.002323063169690636, "and": 0.011376084410924064, "orr": 0.005999672630664434, "cmn": 0.0022097430150715804, "b.ne": 0.01415242819909092, "ubfiz": 0.001051359212299014, "ubfx": 0.001857191422923408, "csel": 0.004639830775235769, "lsl": 0.0043754170811246395, "lsr": 0.0024489744526006974, "sxtw": 0.001536117651502751, "b.ge": 0.00015109353949207388, "b.hi": 0.004696490852545297, "ldrh": 0.0030218707898414777, "tbnz": 0.004998677931529445, "ccmp": 0.0047027864166907995, "b.gt": 0.000648443106986817, "b.ls": 0.0054078896009871445, "sbfiz": 0.00022034474509260776, "eor": 0.001529822087357248, "stur": 0.00013220684705556466, "sturb": 8.81378980370431e-05, "blr": 0.008580853930320697, "fmov": 0.006371110915249115, "movi": 0.0002455270016746201, "subs": 0.0003273693355661601, "b.mi": 6.295564145503078e-05, "mvn": 0.00025182256582012314, "ands": 0.0009695168784074741, "tbz": 0.0047279686732728116, "movk": 0.0025245212223467344, "cset": 0.0030092796615504716, "bfi": 0.0005099406957857494, "bics": 8.184233389154002e-05, "b.cc": 0.0016305511136852973, "ldurb": 0.00016368466778308004, "cneg": 0.00018886692436509235, "ldur": 0.00016998023192858313, "bfxil": 5.6660077309527706e-05, "strh": 0.0014794575741932236, "tst": 0.0023671321187091576, "ldrsb": 8.184233389154002e-05, "udiv": 0.0006925120560053387, "msub": 0.00030218707898414777, "csinc": 0.0003651427204391786, "mul": 0.0007302854408783572, "umulh": 0.00011961571876455849, "sxth": 0.00016998023192858313, "bic": 0.00012591128291006157, "csinv": 5.036451316402463e-05, "adr": 0.00016368466778308004, "neg": 0.00034625602800266933, "ccmn": 7.554676974603694e-05, "adds": 0.00011332015461905541, "csetm": 6.295564145503078e-05, "madd": 0.00033366489971166315, "sxtb": 0.00010072902632804926, "mvni": 7.554676974603694e-05, "b.lt": 0.00023923143752911698, "cinc": 0.0002077536168016016, "ldrsh": 3.147782072751539e-05, "shl": 6.295564145503078e-05, "rbit": 5.036451316402463e-05, "clz": 5.036451316402463e-05, "cmeq": 6.2955641455030785e-06, "umov": 6.295564145503078e-05, "sbfx": 1.2591128291006157e-05, "smulh": 1.8886692436509235e-05, "umull": 3.777338487301847e-05, "cnt": 1.8886692436509235e-05, "addv": 1.8886692436509235e-05, "sshr": 6.2955641455030785e-06, "rorv": 6.2955641455030785e-06, "ushr": 6.2955641455030785e-06, "eon": 6.2955641455030785e-06, "b.pl": 6.2955641455030785e-06, "smull": 1.2591128291006157e-05, "negs": 6.2955641455030785e-06, "csneg": 6.2955641455030785e-06, "ucvtf": 1.2591128291006157e-05, "fdiv": 6.2955641455030785e-06, "nop": 1.2591128291006157e-05}