{"mov": 0.08433430069349444, "ldr": 0.35069705284633207, "add": 0.06893034216082429, "bl": 0.040312823716402685, "stur": 3.95378812440199e-06, "stxrb": 3.95378812440199e-06, "stxr": 3.95378812440199e-06, "bic": 3.95378812440199e-06, "adrp": 0.02072180355999083, "cbz": 1.9768940622009947e-05, "b": 0.04039980705513953, "ret": 0.008571812653703513, "cmp": 0.07756936921264264, "b.eq": 0.0363708969563739, "sub": 0.00952072180355999, "str": 0.10446698982294937, "br": 0.0001146598556076577, "asr": 0.0005535303374162785, "sdiv": 3.55840931196179e-05, "stp": 0.007737563359454694, "ldrb": 0.019270763318335295, "cbnz": 3.95378812440199e-06, "strb": 0.004954096519875693, "ldp": 0.007745470935703497, "nop": 0.00757150425822981, "b.ne": 0.030214848846680003, "blr": 0.004843390452392437, "and": 0.026241291781656004, "b.gt": 0.0009528629379808794, "cset": 0.0009172788448612616, "b.ls": 0.0021864448327943, "sxtw": 0.0024157645440096155, "b.le": 0.0010042621835981054, "lsl": 0.012707475031827994, "ldrsw": 0.003155122923272788, "b.cc": 0.002202259985291908, "b.ge": 0.0005772530661626905, "b.hi": 0.0022338902902871243, "adr": 0.00010675227935885371, "cmn": 0.001458947817904334, "orr": 0.003499102490095761, "b.lt": 0.000767034896133986, "mvn": 0.0002688575924593353, "lsr": 0.0026964835008421568, "bfi": 0.0004111939649378069, "ubfx": 0.001158459920449783, "sxth": 0.0005772530661626905, "strh": 0.0009844932429760953, "b.cs": 0.0013007962929282545, "ldrsb": 3.953788124401989e-05, "neg": 0.0004349166936842188, "ldrsh": 9.093712686124577e-05, "ldrh": 0.0021903986209187024, "csel": 0.00019768940622009947, "movk": 0.0016803599528708456, "bfxil": 3.55840931196179e-05, "cneg": 8.302955061244178e-05, "eor": 0.0009093712686124575, "udiv": 0.0004349166936842188, "mul": 0.0007156356505167601, "umulh": 7.51219743636378e-05, "ubfiz": 6.721439811483382e-05, "sxtb": 0.0001146598556076577, "smulh": 1.581515249760796e-05, "umull": 2.3722728746411937e-05, "rbit": 3.95378812440199e-06, "clz": 3.95378812440199e-06, "fmov": 3.95378812440199e-06, "cnt": 3.95378812440199e-06, "addv": 3.95378812440199e-06, "umov": 3.95378812440199e-06, "rorv": 3.95378812440199e-06, "smull": 7.90757624880398e-06, "adds": 1.581515249760796e-05, "adc": 1.581515249760796e-05, "negs": 3.95378812440199e-06, "csneg": 3.95378812440199e-06, "movi": 3.95378812440199e-06, "ucvtf": 7.90757624880398e-06, "fdiv": 3.95378812440199e-06}