{"stp": 0.025879121522237005, "mov": 0.17196174899632083, "fmov": 0.00224730498971936, "adrp": 0.03523508917040892, "add": 0.09131237149199983, "str": 0.05969013721825779, "bl": 0.05566761734950665, "ldr": 0.13670715197009836, "cbz": 0.03258592235093072, "sbfiz": 0.0002770115525522128, "nop": 0.007424689922631844, "cmn": 0.0016542661729878623, "b.eq": 0.024474555903662404, "sub": 0.015360485667578333, "cmp": 0.06194524535030257, "b.ls": 0.0053958729180240885, "cbnz": 0.015243438532697117, "b.ne": 0.018044766627520904, "b": 0.04178972872375706, "ldrh": 0.0034138747673688194, "adr": 0.000175570702321825, "br": 0.00046818853952486665, "ldur": 0.00045258225487403777, "ldrb": 0.025570897400383135, "orr": 0.00568849075522713, "ldp": 0.0453245521971698, "strb": 0.012785448700191568, "ccmp": 0.004810637243618005, "b.le": 0.0016308567460116188, "ldrsw": 0.00046428696836215945, "ldurb": 0.00063205452835857, "b.hi": 0.005891372455687906, "and": 0.011611075780216694, "csel": 0.004131763861306949, "sxtw": 0.0023916631227395273, "stnp": 7.803142325414444e-06, "st4": 3.901571162707222e-06, "ret": 0.0136672037829634, "asr": 0.0007491016632397866, "sdiv": 0.00010924399255580222, "sturh": 0.000175570702321825, "b.gt": 0.0021458641394889724, "b.cs": 0.0020483248604212917, "sturb": 0.00019507855813536112, "b.cc": 0.001720592882753885, "blr": 0.006862863675202004, "b.lt": 0.0006515623841721061, "movk": 0.002840343806450858, "smulh": 4.291728278977944e-05, "msub": 0.00024189741208784776, "tst": 0.003242205636209702, "tbz": 0.004939389091987344, "cset": 0.0027467060985458844, "tbnz": 0.004814538814780712, "cneg": 0.00012875184836933832, "madd": 0.0002301926985997261, "lsr": 0.0026764778176171546, "umull": 0.00042917282789779444, "mul": 0.0005033026799892317, "ubfiz": 0.0011626682064867521, "umaddl": 0.00041356654324696556, "strh": 0.00252821811343428, "subs": 0.0004486806837113306, "lsl": 0.005750915893830445, "b.ge": 0.0004603853971994522, "movi": 0.0001365549906947528, "stur": 0.0006398576706839844, "bic": 0.0007881173748668589, "eor": 0.001353845193459406, "mvn": 0.0003472398334809428, "csinc": 0.0003589445469690644, "dup": 0.00026920841022679833, "cinc": 0.00014435813302016723, "ins": 3.901571162707222e-05, "xtn": 2.3409426976243332e-05, "rbit": 4.291728278977944e-05, "clz": 6.242513860331555e-05, "csinv": 6.632670976602277e-05, "negs": 2.3409426976243332e-05, "csneg": 2.7310998138950555e-05, "neg": 0.0003823539739453078, "ldurh": 0.000175570702321825, "ext": 1.5606284650828888e-05, "b.pl": 1.5606284650828888e-05, "csetm": 9.753927906768056e-05, "sxth": 0.00020288170046077556, "ubfx": 0.00175570702321825, "bfi": 0.00039405868743342944, "cinv": 2.3409426976243332e-05, "orn": 3.901571162707222e-05, "b.mi": 0.00010924399255580222, "saddl": 3.901571162707222e-06, "stlxr": 3.901571162707222e-06, "udiv": 0.00046818853952486665, "ccmn": 7.412985209143723e-05, "smull": 0.00018727541580994665, "ldrsh": 4.291728278977944e-05, "sbfx": 7.803142325414444e-06, "ands": 0.00029261783720304165, "adds": 0.00012875184836933832, "umulh": 9.753927906768056e-05, "bfxil": 6.632670976602277e-05, "ldrsb": 0.00010924399255580222, "bics": 0.00010144085023038778, "smaddl": 4.6818853952486663e-05, "rev": 4.291728278977944e-05, "shl": 7.803142325414444e-06, "sshl": 3.901571162707222e-06, "sxtb": 1.5606284650828888e-05, "fcvt": 7.803142325414444e-06, "rev16": 1.5606284650828888e-05, "eon": 1.1704713488121666e-05, "brk": 0.0001560628465082889, "ldursh": 3.901571162707222e-06, "mvni": 2.3409426976243332e-05, "cmeq": 1.950785581353611e-05, "ldursb": 1.5606284650828888e-05, "ldursw": 3.901571162707222e-06, "rorv": 3.901571162707222e-06, "cnt": 1.1704713488121666e-05, "addv": 1.5606284650828888e-05, "umov": 1.1704713488121666e-05, "tbl": 3.1212569301657776e-05, "ushll": 1.5606284650828888e-05, "ushll2": 1.5606284650828888e-05, "cmhs": 3.1212569301657776e-05, "xtn2": 1.5606284650828888e-05, "sqrdmulh": 3.901571162707222e-06, "bit": 3.901571162707222e-06, "umaxv": 7.803142325414444e-06, "smsubl": 1.950785581353611e-05, "fmsub": 7.803142325414444e-06, "ucvtf": 7.803142325414444e-06, "fdiv": 3.901571162707222e-06, "sshll": 1.1704713488121666e-05, "sshll2": 1.1704713488121666e-05}