{"mov": 0.17965710280625768, "ldr": 0.14325123329768977, "add": 0.09011834266356358, "bl": 0.06586124165446099, "stnp": 4.492887758678013e-06, "stur": 9.884353069091628e-05, "sturh": 1.3478663276034038e-05, "adrp": 0.04338332419779489, "cbz": 0.03194892485195935, "b": 0.0545796004924205, "ret": 0.012598057275333148, "cmp": 0.05499294616621887, "b.eq": 0.023210258161330613, "sub": 0.013528085041379496, "str": 0.059562213016794416, "br": 0.00019768706138183255, "asr": 0.0006874118270777359, "sdiv": 0.00015275818379505244, "stp": 0.025564531346877892, "ldrb": 0.023673025600474448, "cbnz": 0.011951081438083514, "strb": 0.009646230017881693, "ldp": 0.04328897355486265, "b.ne": 0.01395041649069523, "b.hi": 0.004964640973339204, "b.le": 0.0018600555320926972, "b.cs": 0.002143107460889412, "sturb": 0.0001752226225884425, "b.ls": 0.005211749800066495, "blr": 0.006334971739735998, "cmn": 0.001801647991229883, "b.cc": 0.0013658378786381158, "ccmp": 0.004888261881441678, "csel": 0.003845911921428379, "b.gt": 0.0012355441336364536, "ccmn": 8.985775517356026e-05, "and": 0.010028125477369325, "b.lt": 0.0003100092553487829, "sxtw": 0.0018196195422645952, "cset": 0.0030371921248663366, "ldurb": 0.00026058749000332476, "movk": 0.00199034927709436, "smulh": 6.290042862149218e-05, "msub": 0.0002830519287967148, "fmov": 0.005297114667481377, "sbfiz": 0.00022913727569257866, "ldrh": 0.0027092113184828417, "adr": 0.00018870128586447653, "ldrsw": 0.0005301607555240055, "ldur": 0.00014377240827769642, "orr": 0.005935104729213655, "tst": 0.00221499366502826, "movi": 0.00019768706138183255, "tbz": 0.0045512952995408265, "tbnz": 0.005063484504030121, "neg": 0.00037740257172895307, "adds": 0.0001033364184495943, "madd": 0.0003100092553487829, "lsr": 0.002075714144509242, "umull": 3.5943102069424105e-05, "mul": 0.0006379900617322778, "ubfiz": 0.0011726437050149612, "subs": 0.0003100092553487829, "strh": 0.0013748236541554718, "cneg": 0.00014377240827769642, "lsl": 0.005050005840754086, "bic": 0.000673933163801702, "mvn": 0.0002920377043140708, "csinc": 0.00043131722483308923, "eor": 0.0012220654703604195, "rbit": 4.942176534545814e-05, "clz": 5.3914653104136154e-05, "csinv": 4.942176534545814e-05, "b.ge": 0.0001392795205190184, "ldurh": 2.6957326552068077e-05, "negs": 3.145021431074609e-05, "csneg": 3.145021431074609e-05, "csetm": 0.00012580085724298436, "sxtb": 8.087197965620423e-05, "sxth": 0.0001392795205190184, "ubfx": 0.001752226225884425, "bfi": 0.0003953741227636651, "orn": 4.492887758678013e-05, "cinv": 1.7971551034712052e-05, "b.mi": 6.290042862149218e-05, "udiv": 0.0005301607555240055, "cinc": 0.0002111657246578666, "ands": 0.0007503122556992281, "ldrsh": 3.145021431074609e-05, "sbfx": 2.2464438793390065e-05, "ldrsb": 7.188620413884821e-05, "bfxil": 5.840754086281416e-05, "b.pl": 8.985775517356026e-06, "bics": 8.536486741488224e-05, "umulh": 8.985775517356026e-05, "fcvt": 1.3478663276034038e-05, "umov": 4.492887758678013e-05, "eon": 4.492887758678013e-06, "shl": 4.492887758678013e-05, "mvni": 5.3914653104136154e-05, "cmeq": 4.492887758678013e-06, "cnt": 1.3478663276034038e-05, "addv": 1.3478663276034038e-05, "sshr": 4.492887758678013e-06, "rorv": 4.492887758678013e-06, "ushr": 4.492887758678013e-06, "smull": 8.985775517356026e-06, "ucvtf": 8.985775517356026e-06, "fdiv": 4.492887758678013e-06, "nop": 8.985775517356026e-06}