{"mov": 0.08562435056655338, "ldr": 0.34845030430595786, "add": 0.07154520437408889, "bl": 0.04110699618237804, "sub": 0.00928332997118704, "adr": 0.0001065736938061653, "adrp": 0.02376973992212508, "cbz": 1.9031016751100945e-05, "b": 0.04022395700512696, "ret": 0.008301329506830232, "cmp": 0.07710226126541037, "b.eq": 0.03648245911186051, "str": 0.10217752893666097, "br": 0.00011037989715638547, "asr": 0.0005595118924823678, "sdiv": 3.806203350220189e-05, "stp": 0.007509639209984433, "ldrb": 0.01872652048308333, "cbnz": 3.806203350220189e-06, "strb": 0.004685436324121052, "ldp": 0.007532476430085754, "b.cs": 0.0013435897826277266, "b.ls": 0.002158117299574847, "b.ne": 0.029536137997708666, "cmn": 0.0013968766295308092, "nop": 0.00746015856643157, "blr": 0.004696854934171713, "and": 0.025965919255202127, "ldrsw": 0.002881295936116683, "lsl": 0.01250337800547332, "b.le": 0.000989612871057249, "b.cc": 0.002397908110638719, "b.gt": 0.0009325198208039462, "b.hi": 0.0022304351632290308, "ldur": 1.5224813400880756e-05, "stur": 1.5224813400880756e-05, "sxtw": 0.0023217840436343153, "b.lt": 0.0007574344666938176, "scvtf": 8.754267705506434e-05, "fmov": 0.00018269776081056906, "fmul": 8.373647370484415e-05, "fdiv": 0.0001674729474096883, "ucvtf": 0.00011037989715638547, "movi": 1.5224813400880756e-05, "fcmp": 3.044962680176151e-05, "fadd": 8.373647370484415e-05, "mul": 0.0009553570409052674, "orr": 0.0035131256922532345, "b.ge": 0.0005557056891321476, "fsub": 1.5224813400880756e-05, "fcmpe": 7.612406700440378e-05, "b.pl": 1.5224813400880756e-05, "fcvtzs": 7.612406700440378e-06, "movk": 0.001750853541101287, "smull": 1.1418610050660566e-05, "lsr": 0.0026453113284030313, "umull": 2.6643423451541324e-05, "umulh": 7.612406700440378e-05, "ldrh": 0.0020819932325704432, "cset": 0.0008754267705506435, "bfi": 0.00038823274172245924, "csel": 0.00022837220101321133, "bfxil": 3.806203350220189e-05, "ubfx": 0.0011456672084162768, "mvn": 0.00025882182781497283, "fabs": 3.806203350220189e-06, "udiv": 0.000422488571874441, "fcvtzu": 1.5224813400880756e-05, "b.mi": 3.806203350220189e-06, "strh": 0.000947744634204827, "eor": 0.0008944577873017444, "cneg": 7.993027035462397e-05, "neg": 0.00039965135177311986, "ldrsb": 1.1418610050660566e-05, "ubfiz": 6.470545695374321e-05, "ldrsh": 3.044962680176151e-05, "sxth": 0.0005518994857819274, "sxtb": 0.00011037989715638547, "smulh": 1.5224813400880756e-05, "rbit": 3.806203350220189e-06, "clz": 3.806203350220189e-06, "cnt": 3.806203350220189e-06, "addv": 3.806203350220189e-06, "umov": 3.806203350220189e-06, "rorv": 3.806203350220189e-06, "adds": 1.5224813400880756e-05, "adc": 1.5224813400880756e-05, "negs": 3.806203350220189e-06, "csneg": 3.806203350220189e-06}