{"stp": 0.025714989463313173, "mov": 0.17349681162593394, "adrp": 0.02326828867785106, "add": 0.08573852595856482, "str": 0.06179151044089876, "bl": 0.04798708229562933, "ldr": 0.14968116259339337, "nop": 0.007301787131558061, "cmn": 0.0019157612414132845, "b.eq": 0.024034593174416377, "cmp": 0.06133720134650647, "b.le": 0.0015763978215057883, "b.ne": 0.01783300035578423, "sub": 0.016552177125810776, "csel": 0.005063083280877966, "cbz": 0.03598346971728838, "orr": 0.0052491858014724, "cbnz": 0.015079777771695996, "tbz": 0.004805823914173896, "blr": 0.00939270368647199, "b.lt": 0.0007060948575494677, "b.gt": 0.001559977010865103, "ldrb": 0.02218998877911273, "tst": 0.0037986808615451985, "lsl": 0.004559511754563617, "and": 0.012890336352937957, "eor": 0.0015873450285995786, "b.ls": 0.005763704534880539, "b": 0.04192780316921645, "ldp": 0.04800897670981691, "ret": 0.013465064725361941, "tbnz": 0.005019294452502805, "adr": 0.00016968170995374806, "stur": 0.0008593557568625305, "sturh": 0.00022989134896959413, "br": 0.0005583075617833001, "asr": 0.0006458852185336217, "sdiv": 2.1894414187580393e-05, "strb": 0.014061687511973509, "b.hi": 0.005736336517146063, "b.cs": 0.0021456525903828785, "smull": 0.0002682065737978598, "smaddl": 5.4736035468950984e-05, "sxtw": 0.002337228714524207, "subs": 0.00047620350857987355, "b.mi": 0.00012041927803169217, "mvn": 0.00022989134896959413, "b.cc": 0.001997865294616711, "ccmp": 0.004214674731109226, "ldrh": 0.003776786447357618, "movk": 0.003076165193355045, "cset": 0.0027915378089165004, "sbfiz": 0.0002463121596102794, "bfi": 0.00047072990503297844, "bics": 0.00010399846739100687, "fmov": 0.0022387038506800952, "ubfiz": 0.0011932455732231314, "ldurb": 0.0004871507156736638, "cneg": 0.00016420810640685294, "sturb": 0.00014231369221927255, "bfxil": 5.4736035468950984e-05, "strh": 0.00305974438271436, "ubfx": 0.0017570267385533266, "ldrsb": 0.00014778729576616766, "udiv": 0.0005966227866115657, "msub": 0.00025178576315717453, "ands": 0.00030104819507923043, "mul": 0.0005528339582364049, "umulh": 0.00012041927803169217, "rev": 5.4736035468950984e-05, "rev16": 2.1894414187580393e-05, "sxth": 0.00025178576315717453, "ldrsh": 4.9262431922055885e-05, "lsr": 0.0030433235720736746, "orn": 3.284162128137059e-05, "movi": 0.00013136648512548235, "bic": 0.00013684008867237746, "ldur": 0.0005966227866115657, "neg": 0.0003612578340950765, "umull": 0.0005911491830646706, "dup": 0.0002955745915323353, "brk": 0.00021347053832890885, "adds": 0.00013684008867237746, "ldursh": 5.473603546895098e-06, "madd": 0.0002463121596102794, "ccmn": 6.020963901584608e-05, "umaddl": 0.0005528339582364049, "csetm": 3.8315224828265686e-05, "csinc": 0.0003284162128137059, "mvni": 3.284162128137059e-05, "ldrsw": 0.00043788828375160787, "cinc": 0.00012041927803169217, "csinv": 6.568324256274117e-05, "rbit": 4.3788828375160786e-05, "clz": 4.3788828375160786e-05, "b.pl": 1.0947207093790196e-05, "cmeq": 2.7368017734475492e-05, "ldursb": 2.1894414187580393e-05, "smulh": 1.6420810640685294e-05, "b.ge": 0.0005364131475957196, "eon": 1.6420810640685294e-05, "ldursw": 5.473603546895098e-06, "rorv": 5.473603546895098e-06, "cnt": 1.6420810640685294e-05, "addv": 2.1894414187580393e-05, "umov": 1.6420810640685294e-05, "sxtb": 1.6420810640685294e-05, "tbl": 4.3788828375160786e-05, "ushll": 2.1894414187580393e-05, "ushll2": 2.1894414187580393e-05, "cmhs": 4.3788828375160786e-05, "xtn": 2.1894414187580393e-05, "xtn2": 2.1894414187580393e-05, "ldurh": 0.00016968170995374806, "ins": 5.473603546895098e-06, "sqrdmulh": 5.473603546895098e-06, "bit": 5.473603546895098e-06, "umaxv": 1.0947207093790196e-05, "smsubl": 2.7368017734475492e-05, "csneg": 5.473603546895098e-06, "ucvtf": 1.0947207093790196e-05, "fdiv": 5.473603546895098e-06, "sshll": 1.6420810640685294e-05, "sshll2": 1.6420810640685294e-05}