{"mov": 0.1790987305975849, "ldr": 0.1617272962549157, "add": 0.08329072534575593, "bl": 0.05609104853523207, "sturh": 6.31229445591178e-06, "adr": 0.00017043195030961805, "adrp": 0.025766785969031883, "cbz": 0.03533622436419414, "b": 0.05626148048554169, "ret": 0.012189040594365645, "cmp": 0.05449403803788639, "b.eq": 0.023008313291798435, "sub": 0.013546183902386679, "str": 0.05976480390857273, "br": 0.0001767442447655298, "asr": 0.0006438540345030015, "sdiv": 5.6810650103206016e-05, "stp": 0.025810972030223266, "ldrb": 0.022957814936151143, "cbnz": 0.012397346311410734, "strb": 0.009373757267028993, "ldp": 0.049583072951187024, "cset": 0.0030235890443817423, "csinc": 0.00037242537289879497, "and": 0.01138737919846485, "cinc": 0.0002146180115010005, "b.le": 0.0016790703252725333, "b.ne": 0.01419003793688968, "cmn": 0.0022156153540250348, "orr": 0.005984055144204367, "b.lt": 0.0002524917782364712, "b.gt": 0.0006501663289589133, "ldrh": 0.0030235890443817423, "tst": 0.0023797350098787406, "sxtw": 0.0015338875527865625, "b.cs": 0.002322924359775535, "lsl": 0.004374420057946863, "csel": 0.00464584871955107, "ldrsw": 0.00044817290636973636, "stur": 0.00013255818357414738, "sturb": 8.83721223827649e-05, "blr": 0.008603657343407756, "fmov": 0.00638804198938272, "movi": 0.0002461794837805594, "b.ge": 0.00013255818357414738, "subs": 0.0003282393117074125, "b.mi": 6.31229445591178e-05, "mvn": 0.0002524917782364712, "tbnz": 0.004980400325714394, "ccmp": 0.004702659369654276, "ands": 0.000972093346210414, "tbz": 0.004740533136389747, "b.ls": 0.0054159486431723065, "movk": 0.0025312300768206234, "b.hi": 0.004696347075198364, "sbfiz": 0.0002146180115010005, "bfi": 0.0005112958509288541, "bics": 8.205982792685313e-05, "ubfiz": 0.0010478408796813553, "b.cc": 0.001634884264081151, "ldurb": 0.00016411965585370626, "cneg": 0.00018936883367735337, "ldur": 0.00017043195030961805, "bfxil": 5.6810650103206016e-05, "strh": 0.0014833891971392681, "ubfx": 0.001855814570038063, "ldrsb": 8.205982792685313e-05, "udiv": 0.0006943523901502957, "msub": 0.0003029901338837654, "eor": 0.0015275752583306507, "mul": 0.0007322261568857664, "umulh": 0.00011993359466232381, "sxth": 0.00017043195030961805, "lsr": 0.0024491702488937703, "orn": 3.7873766735470675e-05, "bic": 0.0001262458891182356, "csinv": 5.049835564729424e-05, "neg": 0.00034717619507514786, "ccmn": 7.574753347094135e-05, "adds": 0.00011362130020641203, "csetm": 6.31229445591178e-05, "madd": 0.00033455160616332433, "sxtb": 0.00010099671129458848, "mvni": 7.574753347094135e-05, "ldrsh": 3.15614722795589e-05, "shl": 6.31229445591178e-05, "rbit": 5.049835564729424e-05, "clz": 5.049835564729424e-05, "cmeq": 6.31229445591178e-06, "umov": 6.31229445591178e-05, "sbfx": 1.262458891182356e-05, "smulh": 1.8936883367735337e-05, "umull": 3.7873766735470675e-05, "cnt": 1.8936883367735337e-05, "addv": 1.8936883367735337e-05, "sshr": 6.31229445591178e-06, "rorv": 6.31229445591178e-06, "ushr": 6.31229445591178e-06, "eon": 6.31229445591178e-06, "b.pl": 6.31229445591178e-06, "smull": 1.262458891182356e-05, "negs": 6.31229445591178e-06, "csneg": 6.31229445591178e-06, "ucvtf": 1.262458891182356e-05, "fdiv": 6.31229445591178e-06, "nop": 1.262458891182356e-05}