{"stp": 0.025971947309171812, "mov": 0.17425426685802392, "adrp": 0.024157965779771973, "add": 0.08563593390704945, "str": 0.062032833065682136, "bl": 0.04924959852320562, "ldr": 0.14926933891043734, "tbnz": 0.00490842060896427, "cmp": 0.06061365928091638, "b.le": 0.001632583376459855, "b": 0.04196166096685215, "cbnz": 0.015360155362182753, "sub": 0.01630982804522149, "ldrb": 0.02199719366386922, "b.ne": 0.01761696179434785, "cmn": 0.0018940101262851258, "b.eq": 0.023651117999498487, "b.gt": 0.0015418842999898631, "b.ge": 0.0005281887394428942, "b.hi": 0.00564468370030891, "adr": 0.00018673339273233636, "br": 0.0005815411373664189, "cbz": 0.03608756195547209, "tbz": 0.004716351976439581, "and": 0.012612506869121232, "sxtw": 0.002534238901367422, "sbfiz": 0.0002560915100329184, "ldrsw": 0.0004588306221423122, "orr": 0.005148506399620131, "ldrsb": 0.00018673339273233636, "blr": 0.009155271483676834, "ccmp": 0.004156151798242572, "strb": 0.014010339694717579, "b.cs": 0.002102084478186872, "b.ls": 0.005767394215533017, "lsr": 0.0029877342837173818, "lsl": 0.004502942384745482, "adds": 0.00014405147439351662, "b.cc": 0.0019580330037933555, "csinc": 0.00032544962733350053, "ret": 0.013476815715482333, "asr": 0.000640228775082296, "sdiv": 2.1340959169409868e-05, "ldp": 0.047761066621139284, "fmov": 0.0022087892740339215, "strh": 0.0029984047633020866, "neg": 0.0003574610660876153, "cset": 0.0027423132532691684, "ldrh": 0.0038200316913243665, "ldrsh": 0.00021340959169409868, "csel": 0.0050151254048113195, "ldur": 0.0005975468567434763, "nop": 0.007293272796145823, "stur": 0.0008643088463610997, "brk": 0.00021874483148645116, "subs": 0.0004748363415193696, "ldurb": 0.0004855068211040745, "eor": 0.001552554779574568, "mvn": 0.0002294153110711561, "bfi": 0.00046416586193466465, "ldurh": 0.00017072767335527895, "sturh": 0.00022408007127880362, "movk": 0.0030090752428867914, "movi": 0.00013871623460116414, "smull": 0.00026142674982527087, "smaddl": 5.335239792352467e-05, "b.mi": 0.00012271051522410676, "b.lt": 0.0006775754536287634, "tst": 0.0036973211761002597, "cneg": 0.000160057193770574, "ubfx": 0.001712611973345142, "bfxil": 5.335239792352467e-05, "cinc": 0.00011737527543175427, "ands": 0.0002934381885793857, "sturb": 0.00013871623460116414, "umull": 0.0005762058975740665, "umaddl": 0.0005388592190275992, "bics": 0.00010136955605469687, "ubfiz": 0.0011630822747328378, "dup": 0.00028810294878703325, "udiv": 0.0005815411373664189, "msub": 0.0002454210304482135, "mul": 0.0005388592190275992, "umulh": 0.00011737527543175427, "rev": 5.335239792352467e-05, "rev16": 2.1340959169409868e-05, "sxth": 0.0002454210304482135, "orn": 3.20114387541148e-05, "bic": 0.0001333809948088117, "ldursh": 5.335239792352467e-06, "madd": 0.00024008579065586103, "ccmn": 5.868763771587714e-05, "csetm": 3.734667854646727e-05, "mvni": 3.20114387541148e-05, "csinv": 6.40228775082296e-05, "rbit": 4.2681918338819736e-05, "clz": 4.2681918338819736e-05, "b.pl": 1.0670479584704934e-05, "cmeq": 2.6676198961762335e-05, "ldursb": 2.1340959169409868e-05, "smulh": 1.60057193770574e-05, "eon": 1.60057193770574e-05, "ldursw": 5.335239792352467e-06, "rorv": 5.335239792352467e-06, "cnt": 1.60057193770574e-05, "addv": 2.1340959169409868e-05, "umov": 1.60057193770574e-05, "sxtb": 1.60057193770574e-05, "tbl": 4.2681918338819736e-05, "ushll": 2.1340959169409868e-05, "ushll2": 2.1340959169409868e-05, "cmhs": 4.2681918338819736e-05, "xtn": 2.1340959169409868e-05, "xtn2": 2.1340959169409868e-05, "ins": 5.335239792352467e-06, "sqrdmulh": 5.335239792352467e-06, "bit": 5.335239792352467e-06, "umaxv": 1.0670479584704934e-05, "smsubl": 2.6676198961762335e-05, "csneg": 5.335239792352467e-06, "stnp": 5.335239792352467e-06, "fmsub": 1.0670479584704934e-05, "ucvtf": 1.0670479584704934e-05, "fdiv": 5.335239792352467e-06, "sshll": 1.60057193770574e-05, "sshll2": 1.60057193770574e-05}