{"mov": 0.08433856988301842, "ldr": 0.35331920531948086, "add": 0.06713372853953345, "bl": 0.039413917039114066, "adrp": 0.018586577306303715, "adr": 0.00010130029052923324, "bic": 4.0520116211693295e-06, "cbz": 2.0260058105846648e-05, "b": 0.04054442828142031, "ret": 0.008472756299865068, "cmp": 0.07817546020721987, "b.eq": 0.036763901438869324, "sub": 0.009534383344611432, "str": 0.1046067320121074, "br": 0.00010535230215040256, "asr": 0.0005632296153425369, "sdiv": 3.646810459052396e-05, "stp": 0.007682614033737049, "ldrb": 0.019559060095384353, "cbnz": 4.0520116211693295e-06, "strb": 0.004959662224311259, "ldp": 0.007706926103464065, "b.gt": 0.0009400666961112844, "nop": 0.00749216948754209, "cmn": 0.0014789842417268053, "b.ne": 0.030390087158769973, "ldrsw": 0.0030228006693923198, "lsl": 0.012674692351017662, "b.lt": 0.00078609025450685, "sxtw": 0.002362322775141719, "cset": 0.0009198066380054378, "and": 0.02683647296700447, "orr": 0.003577926261492518, "b.ge": 0.0005591776037213675, "b.le": 0.0009805868123229776, "ldrh": 0.0022205023684007926, "b.ls": 0.0022164503567796232, "blr": 0.004902934061614889, "lsr": 0.002755367902395144, "b.hi": 0.002248866449748978, "b.cs": 0.0013250078001223707, "movk": 0.001722104938996965, "csel": 0.00019854856943729714, "cneg": 8.509224404455592e-05, "b.cc": 0.0022205023684007926, "bfi": 0.00040114915049576364, "ubfx": 0.0011710313585179362, "bfxil": 3.646810459052396e-05, "strh": 0.0010048988820499938, "neg": 0.0004254612202227796, "eor": 0.0009319626728689458, "udiv": 0.00044572127832862626, "mul": 0.0007334141034316486, "umulh": 7.698822080221726e-05, "mvn": 0.0002714847786183451, "ldrsb": 1.2156034863507989e-05, "ubfiz": 6.88841975598786e-05, "ldrsh": 3.2416092969354636e-05, "sxth": 0.0005875416850695528, "sxtb": 0.00011750833701391055, "smulh": 1.6208046484677318e-05, "umull": 2.4312069727015977e-05, "rbit": 4.0520116211693295e-06, "clz": 4.0520116211693295e-06, "fmov": 4.0520116211693295e-06, "cnt": 4.0520116211693295e-06, "addv": 4.0520116211693295e-06, "umov": 4.0520116211693295e-06, "rorv": 4.0520116211693295e-06, "smull": 8.104023242338659e-06, "adds": 1.6208046484677318e-05, "adc": 1.6208046484677318e-05, "negs": 4.0520116211693295e-06, "csneg": 4.0520116211693295e-06, "movi": 4.0520116211693295e-06, "ucvtf": 8.104023242338659e-06, "fdiv": 4.0520116211693295e-06}