{"stp": 0.01326329165626631, "mov": 0.17641652862556445, "adrp": 0.06876716058907623, "add": 0.13278041253488848, "str": 0.038814132383308, "bl": 0.07263609339898795, "ldr": 0.08018107967051669, "cmp": 0.06883523565318024, "b.le": 0.0005105629807801403, "nop": 0.003698745149651683, "cmn": 0.0008282466132655609, "b.eq": 0.026742154348862013, "b.lt": 0.00010211259615602804, "b.ne": 0.011606798429735188, "b": 0.05224761169983435, "b.ge": 7.942090812135514e-05, "cbz": 0.019991377158546823, "b.gt": 0.0003857586965894393, "ldrb": 0.017586058226871495, "ccmp": 0.011958519594272618, "strb": 0.003437790737252944, "cbnz": 0.009383013002337244, "orr": 0.010211259615602805, "sub": 0.01319521659216229, "movk": 0.00469717942317729, "tbnz": 0.0031087612607501873, "and": 0.008815720801470422, "stur": 0.0018266808867911683, "ldp": 0.02752501758605823, "ret": 0.012639270235312805, "b.cs": 0.005219088247974767, "br": 0.00015884181624271028, "asr": 0.0003971045406067757, "sdiv": 4.53833760693458e-05, "fmadd": 1.134584401733645e-05, "b.ls": 0.022124395833806078, "b.hi": 0.010222605459620141, "csel": 0.004413533322743879, "b.cc": 0.004470262542830561, "csetm": 1.134584401733645e-05, "blr": 0.00543465928430416, "cset": 0.001815335042773832, "neg": 0.00046517960471079443, "bic": 0.00019287934829471964, "subs": 0.00041979622864144866, "sxtw": 0.00015884181624271028, "ldur": 0.0017586058226871496, "tbz": 0.004356804102657197, "tst": 0.008543420545054347, "ldrh": 0.0031087612607501873, "ubfiz": 0.007874015748031496, "lsl": 0.004300074882570514, "cinc": 0.00015884181624271028, "lsr": 0.002904536068438131, "sturb": 0.000453833760693458, "adr": 0.00014749597222537384, "umull": 0.00037441285257210283, "adds": 0.00012480428419070095, "ands": 0.00031768363248542056, "ubfx": 0.0006580589530055141, "strh": 0.0017018766026004675, "fmov": 0.004810637863350654, "eor": 0.0015089972543057479, "mul": 0.0006013297329188318, "madd": 0.00012480428419070095, "sbfiz": 0.0016111098504617758, "udiv": 0.0003403753205200935, "umulh": 0.00026095441239873835, "umaddl": 0.0006126755769361682, "movi": 0.00044248791667612155, "csinc": 0.00010211259615602804, "ldrsb": 0.0024960856838140187, "ldurb": 0.0005219088247974767, "smulh": 5.672922008668225e-05, "msub": 0.0001815335042773832, "bfxil": 4.53833760693458e-05, "bfi": 0.0002949919444507477, "ldurh": 4.53833760693458e-05, "sturh": 3.403753205200935e-05, "sxth": 1.134584401733645e-05, "mvn": 0.0001815335042773832, "sbfx": 3.403753205200935e-05, "ucvtf": 9.07667521386916e-05, "scvtf": 2.26916880346729e-05, "fmul": 6.80750641040187e-05, "fdiv": 6.80750641040187e-05, "ldrsw": 0.00021557103632939255, "csinv": 3.403753205200935e-05, "rev16": 2.26916880346729e-05, "sbc": 3.403753205200935e-05, "ldrsh": 4.53833760693458e-05, "bics": 4.53833760693458e-05, "ccmn": 2.26916880346729e-05, "dup": 3.403753205200935e-05, "ins": 3.403753205200935e-05, "addv": 1.134584401733645e-05, "cmeq": 1.134584401733645e-05, "ushll2": 1.134584401733645e-05, "ushll": 1.134584401733645e-05, "addp": 1.134584401733645e-05, "smull": 2.26916880346729e-05, "brk": 1.134584401733645e-05, "rev": 5.672922008668225e-05, "b.mi": 0.00017018766026004675, "sqrdmulh": 1.134584401733645e-05}