{"ldrsw": 0.0010940065645889986, "b.hi": 0.00423569291328388, "fsub": 1.5808799836719842e-06, "cinv": 5.528824714259637e-07, "msub": 0.00021320780899613048, "orn": 2.3299228150224995e-05, "adc": 3.0651910414314094e-06, "fabd": 3.426658374153401e-07, "stlxrb": 4.1951939857699024e-07, "b.cs": 0.0018631653726756717, "cmeq": 8.600955947716865e-06, "saddl": 2.7965730793485663e-07, "ldr": 0.19068671105319907, "b.gt": 0.0010766493105582918, "fneg": 1.6586474142778915e-06, "bl": 0.0568479729749348, "smull": 0.00012486980983173067, "csel": 0.00369332117720473, "b.pl": 7.254715954122996e-06, "sxtb": 4.9045548190454146e-05, "ld4": 2.2525947075287346e-07, "tbz": 0.0033219375409989523, "clz": 3.1094758665423226e-05, "addv": 1.2847043340299046e-05, "scvtf": 5.825319236060782e-06, "strh": 0.0015306787156053113, "stur": 0.0003347658251816431, "fcmpe": 1.4259515968039568e-05, "cmhs": 5.66058192433344e-06, "brk": 7.368562106258562e-05, "b.le": 0.001361783015447644, "cneg": 0.00013624835438461099, "sqrdmulh": 7.0757274054168e-07, "cbnz": 0.01036116752221009, "ldursw": 2.6871801129586534e-06, "stxrb": 1.4347322778849959e-05, "b.cc": 0.0018855241537926164, "fadd": 8.644413365989411e-06, "mvn": 0.00022082644399818162, "ushr": 1.789209175005199e-06, "ldp": 0.03767600425899997, "fcvtzs": 6.853316748306802e-07, "ldrb": 0.02206616579444948, "bic": 0.0001363983775201098, "umull": 0.0002086926598764903, "csinc": 0.00030199915106337243, "and": 0.014565127010800514, "br": 0.0004420913174950963, "movk": 0.0026481097629584304, "bfi": 0.00038894910333871056, "fmadd": 6.853316748306802e-07, "fcsel": 2.0013132516932318e-06, "smaddl": 3.031270357115827e-05, "sshll2": 2.12271822162504e-06, "cbz": 0.02599461875556535, "sbfiz": 0.00021679195501126924, "sxth": 0.0002598659574118705, "sturh": 3.657406981013424e-05, "strb": 0.008594664894411436, "fmov": 0.0029469804840045735, "rbit": 3.1094758665423226e-05, "eon": 9.165417839050477e-06, "bics": 7.393198923315949e-05, "fcvt": 1.378990106343035e-06, "blr": 0.007686383166307955, "ldursh": 7.0757274054168e-07, "ret": 0.013332937452270602, "str": 0.06803690743873406, "sbc": 1.6586474142778915e-06, "madd": 0.00017963450619030405, "tbl": 5.66058192433344e-06, "ands": 0.0005146245639839057, "dup": 4.1229911996508296e-05, "adds": 0.00011076141037516601, "rev": 2.799043036132596e-05, "b.ne": 0.01908960274639217, "sshll": 2.12271822162504e-06, "orr": 0.006486769828382019, "ldur": 0.0002949906234431772, "movi": 0.000105350657594116, "ldrh": 0.0027238146850644624, "sshr": 1.650327827156733e-06, "b.ge": 0.0005575458791473604, "shl": 3.4678339967889976e-05, "ldurh": 2.6733008498780008e-05, "b.lt": 0.0005944819877759864, "add": 0.0842113314139985, "subs": 0.00026536764556771183, "fdiv": 1.9291986382350648e-05, "sub": 0.012088669063889211, "xtn": 2.83029096216672e-06, "rorv": 6.216002787768915e-06, "sturb": 0.00010901039793516033, "ccmn": 0.00011788126089878934, "xtn2": 2.83029096216672e-06, "cinc": 0.0001182132127225549, "ccmp": 0.0029885875987912857, "csinv": 4.1630063828325945e-05, "ldurb": 0.00023562390705306947, "bit": 7.0757274054168e-07, "negs": 5.358331722659043e-06, "tbnz": 0.003797017062996903, "umulh": 9.038616056897465e-05, "mvni": 2.5410395935012192e-05, "mov": 0.16047563745114132, "adrp": 0.03157704717428251, "ldrsb": 7.170489211768737e-05, "ushll2": 2.83029096216672e-06, "umlal": 1.3706633496613604e-06, "b.ls": 0.004272651936911657, "ushll": 2.83029096216672e-06, "smsubl": 7.497078447542347e-06, "ldrsh": 6.593601581123409e-05, "cset": 0.0022073854623918354, "ubfiz": 0.0007532076006130102, "asr": 0.0006164840813594671, "nop": 0.005669762811756135, "ins": 7.0757274054168e-07, "umaxv": 1.41514548108336e-06, "smulh": 1.7100412708040525e-05, "ldursb": 4.809898334583693e-06, "fmul": 1.0832857593886168e-05, "b": 0.04479668540770268, "stp": 0.02252210648519977, "cnt": 1.2139470599757368e-05, "csetm": 3.067514342737283e-05, "lsl": 0.007195433698932221, "eor": 0.0013581470898638224, "sdiv": 6.800179635022266e-05, "cmn": 0.0023257722606798027, "b.mi": 5.193363400001064e-05, "ushl": 2.7965730793485663e-07, "ubfx": 0.001420995985919253, "umov": 2.0139838264470104e-05, "csneg": 6.0659044632007235e-06, "bfxil": 5.027017476973297e-05, "lsr": 0.002774430426468668, "umlal2": 1.3706633496613604e-06, "umaddl": 0.0002683833544742728, "ucvtf": 1.7759124112971457e-05, "st4": 2.7965730793485663e-07, "adr": 0.00015062689887805717, "stnp": 2.2525947075287346e-07, "stxr": 1.40676654709151e-05, "ldaxrb": 4.311004485600167e-07, "sbfx": 5.3625679895421705e-06, "udiv": 0.0005199531095852739, "b.eq": 0.02575408346240444, "fcmp": 4.399974113600612e-06, "mul": 0.0006841301341763747, "rev16": 1.186734968357404e-05, "tst": 0.0020240999779389058, "sxtw": 0.0018905241258692542, "cmp": 0.06005856969396172, "neg": 0.0003262402262874493, "fcvtzu": 1.923545821087324e-06}