{"push": 0.024848052503923527, "xor": 0.02932800684833785, "mov": 0.35619917249250965, "sub": 0.01641318305036382, "call": 0.06044799543444143, "test": 0.05718932800684834, "jz": 0.06019688971322585, "cmp": 0.056658581823369955, "add": 0.034093308603224425, "inc": 1.7120844628334997e-05, "jmp": 0.038761592238550434, "lea": 0.057098016835497215, "sar": 0.00059352261378228, "jbe": 0.005450135540019974, "jnb": 0.0024768155228991296, "shl": 0.004685404479954344, "imul": 0.0014609787416179198, "jnz": 0.03495505778285062, "pop": 0.03186759880154088, "ret": 0.010786132115851048, "movzx": 0.018473391353973464, "cmovnz": 0.0008275074903695249, "and": 0.011328292195748324, "jns": 0.000245398773006135, "or": 0.004845199029818804, "ja": 0.005107718647453274, "repz ": 0.0031045798259380798, "neg": 0.00041660721928948494, "jb": 0.00240833214438579, "jg": 0.000633471251248395, "nop": 0.040975888143815094, "movsxd": 0.0029676130689113996, "xchg": 0.0031730632044514196, "cmovz": 0.0012783563989156798, "jle": 0.001124268797260665, "js": 0.0007647310600656299, "hlt": 5.706948209444999e-06, "shr": 0.0036981024397203595, "cmovg": 2.8534741047224996e-05, "movaps": 0.0008560422314167499, "cmovl": 2.8534741047224996e-05, "jnl": 0.00037095163361392495, "not": 0.0006391781994578399, "seta": 0.0017063775146240548, "sbb": 0.002185761164217435, "jl": 0.00015979454986445998, "cmovb": 0.00025681266942502494, "movsx": 0.0008160935939506349, "setz": 0.0012954772435440148, "cmovns": 2.2827792837779997e-05, "setbe": 0.00011413896418889998, "cmova": 0.00022257098016835496, "fld": 5.706948209444999e-06, "fstp": 5.706948209444999e-06, "cmovs": 7.989727493222999e-05, "setnz": 0.0011299757454701098, "movsd": 1.7120844628334997e-05, "cdqe": 0.00037095163361392495, "movdqu": 0.001147096590098445, "movups": 0.0011927521757740048, "div": 0.0005764017691539449, "ud2": 5.136253388500499e-05, "mul": 0.000245398773006135, "jo": 2.2827792837779997e-05, "rol": 1.1413896418889998e-05, "bswap": 3.4241689256669995e-05, "setb": 3.4241689256669995e-05, "bt": 0.00018262234270223997, "cmovbe": 0.000245398773006135, "cqo": 4.565558567555999e-05, "idiv": 6.2776430303895e-05, "setl": 1.1413896418889998e-05, "pxor": 0.00017120844628335, "cmovae": 0.00020545013554001997, "movdqa": 0.00025681266942502494, "pcmpeqd": 5.706948209444999e-06, "adc": 3.4241689256669995e-05, "setg": 5.136253388500499e-05, "cwde": 1.7120844628334997e-05, "cdq": 1.7120844628334997e-05, "setle": 5.706948209444999e-06, "setnl": 5.706948209444999e-06, "setnb": 5.706948209444999e-06, "bsf": 5.706948209444999e-06, "repnz ": 5.136253388500499e-05, "movq": 5.706948209444999e-06, "cmovge": 1.7120844628334997e-05, "movsb": 2.8534741047224996e-05, "cmovle": 1.7120844628334997e-05, "cvtsi2sd": 1.1413896418889998e-05, "divsd": 5.706948209444999e-06}