{"push": 0.025034352695087147, "xor": 0.029891017117934054, "mov": 0.3564112977252118, "sub": 0.016289018820270038, "call": 0.06108938376550044, "test": 0.057006002681457335, "jz": 0.05973752871996573, "cmp": 0.05604357090006843, "add": 0.033746307432977476, "inc": 1.668956846339143e-05, "jmp": 0.03897570555150679, "lea": 0.057645769472554, "sar": 0.0006008244646820915, "jbe": 0.005335098718797461, "jnb": 0.002436676995655149, "shl": 0.004600757706408238, "imul": 0.0014241765088760688, "jnz": 0.03480887662514673, "pop": 0.03211629291305291, "ret": 0.010831529932741038, "movzx": 0.01823057195151124, "cmovnz": 0.0008400416126573688, "and": 0.011087436649179707, "jns": 0.0002559067164386686, "or": 0.004778779770017747, "ja": 0.005034686486456415, "repz ": 0.0030820069762396178, "neg": 0.00041167602209698866, "jb": 0.002358792342825989, "jg": 0.000656456359560063, "js": 0.0007621569598282087, "jle": 0.0012072121188519802, "nop": 0.041050775230455125, "movsxd": 0.003132075681629792, "xchg": 0.003176581197532169, "not": 0.000656456359560063, "repnz ": 6.119508436576859e-05, "movsq": 5.563189487797144e-06, "shr": 0.003627199546043738, "setz": 0.001273970392705546, "hlt": 5.563189487797144e-06, "movsx": 0.0009457422129255144, "cdqe": 0.0003894232641458001, "cmovbe": 0.0002503435269508715, "adc": 3.8942326414580004e-05, "setg": 5.563189487797144e-05, "pxor": 0.00017245887412171146, "movups": 0.0011849593609007916, "cmovns": 2.781594743898572e-05, "cmovle": 2.2252757951188574e-05, "cmova": 0.00022252757951188575, "cmovg": 2.781594743898572e-05, "movaps": 0.0008344784231695716, "cmovl": 2.781594743898572e-05, "jnl": 0.0003616073167068144, "seta": 0.001663393656851346, "sbb": 0.002130701573826306, "jl": 0.00015576930565832002, "cmovz": 0.001240591255778763, "setb": 3.337913692678286e-05, "setnz": 0.0011015115185838344, "movdqa": 0.0002503435269508715, "cqo": 4.450551590237715e-05, "idiv": 6.119508436576859e-05, "cmovb": 0.0002503435269508715, "setbe": 0.00011126378975594288, "fld": 5.563189487797144e-06, "fstp": 5.563189487797144e-06, "cmovs": 7.788465282916001e-05, "movsd": 1.668956846339143e-05, "movdqu": 0.0011182010870472259, "div": 0.0005618821382675116, "ud2": 5.006870539017429e-05, "mul": 0.0002392171479752772, "jo": 2.2252757951188574e-05, "rol": 1.1126378975594287e-05, "bswap": 3.337913692678286e-05, "bt": 0.0001780220636095086, "setl": 1.1126378975594287e-05, "cmovae": 0.00020027482156069717, "pcmpeqd": 5.563189487797144e-06, "cwde": 1.668956846339143e-05, "cdq": 1.668956846339143e-05, "setle": 5.563189487797144e-06, "setnl": 5.563189487797144e-06, "setnb": 5.563189487797144e-06, "bsf": 5.563189487797144e-06, "movq": 5.563189487797144e-06, "cmovge": 1.668956846339143e-05, "movsb": 2.781594743898572e-05, "cvtsi2sd": 1.1126378975594287e-05, "divsd": 5.563189487797144e-06}