{"push": 0.024145917041013765, "xor": 0.03314718297634522, "mov": 0.3418872174402703, "sub": 0.016046471258187298, "call": 0.06552803051793267, "test": 0.05637011037770599, "jz": 0.05948625888589223, "cmp": 0.057559835555423836, "add": 0.03167378667084411, "inc": 1.2701692288802611e-05, "jmp": 0.040073839171172236, "lea": 0.0626955531375297, "sar": 0.0006181490247217271, "jbe": 0.005034104043795435, "jnb": 0.002277836817125268, "shl": 0.004043372045268831, "imul": 0.001240531946873055, "jnz": 0.03665708394548434, "pop": 0.031182654569010412, "ret": 0.010859946906926233, "movzx": 0.018451324998200593, "cmovnz": 0.0007112947681729463, "and": 0.011067407880976675, "jns": 0.000359881281516074, "or": 0.005461727684185123, "ja": 0.004653053275131357, "repz ": 0.003200826456778258, "neg": 0.00045302702496729315, "jb": 0.0021931588685332507, "jg": 0.000783271024476161, "shr": 0.0037851043020631784, "pxor": 0.0001735897946136357, "movups": 0.0011304506137034323, "movsxd": 0.0034802636871319155, "nop": 0.04220772347569108, "jle": 0.0012447658443026559, "repnz ": 4.2338974296008706e-05, "not": 0.0007663354347577575, "sbb": 0.0021973927659628516, "movsx": 0.0012362980494434541, "hlt": 4.233897429600871e-06, "movdqa": 0.0003133084097904644, "movdqu": 0.001079643844548222, "movaps": 0.0010034336908154064, "cmovz": 0.0011516201008514367, "cmovg": 2.5403384577605222e-05, "xchg": 0.0032728027130814728, "setz": 0.0015115013823675109, "cmovle": 3.810507686640783e-05, "cmovbe": 0.00019475928176164003, "mul": 0.00027096943549445574, "cdqe": 0.00035564738408647314, "seta": 0.0017613013307139621, "js": 0.0010119014856746081, "jnl": 0.0003175423072200653, "setnz": 0.0012447658443026559, "setle": 3.387117943680697e-05, "setg": 6.350846144401306e-05, "jl": 0.00020322707662084178, "bsf": 1.6935589718403484e-05, "cqo": 0.00011008133316962263, "idiv": 0.00012701692288802612, "cmovns": 3.387117943680697e-05, "setnl": 1.6935589718403484e-05, "setl": 2.1169487148004353e-05, "div": 0.00045302702496729315, "cmovge": 1.6935589718403484e-05, "bt": 0.0002159287689096444, "adc": 3.387117943680697e-05, "cmova": 0.00018205758947283744, "bsr": 4.233897429600871e-06, "cmovae": 0.00016512199975443395, "cmovb": 0.0001989931791912409, "setb": 3.810507686640783e-05, "cdq": 1.6935589718403484e-05, "setbe": 0.00010161353831042089, "fld": 4.233897429600871e-06, "fstp": 4.233897429600871e-06, "cmovs": 5.927456401441219e-05, "movsd": 1.2701692288802611e-05, "cmovl": 1.6935589718403484e-05, "ud2": 4.2338974296008706e-05, "jo": 1.6935589718403484e-05, "rol": 8.467794859201742e-06, "bswap": 2.5403384577605222e-05, "pcmpeqd": 4.233897429600871e-06, "cwde": 1.2701692288802611e-05, "setnb": 4.233897429600871e-06, "movq": 4.233897429600871e-06, "movsb": 2.1169487148004353e-05, "cvtsi2sd": 8.467794859201742e-06, "divsd": 4.233897429600871e-06}