{"jo": 1.8082193240838804e-05, "setb": 3.36247540238915e-05, "movsq": 7.417585983729525e-07, "fstp": 4.520548310209701e-06, "jz": 0.05801370030186247, "jbe": 0.005296974985364191, "ror": 2.8816616813919578e-05, "ja": 0.005439144054334206, "cmovae": 0.00017371389556922206, "cmovb": 0.0002129243282367817, "inc": 1.3849811098768298e-05, "jnb": 0.0024653966655306153, "xor": 0.03445421346189332, "hlt": 2.5641199117348163e-05, "neg": 0.00037789951301824026, "cmovz": 0.0012312611862097963, "cvtsi2sd": 4.450327743034732e-05, "cmovle": 1.7848567381419055e-05, "jnz": 0.03342230685898871, "sbb": 0.0020782451543912284, "cqo": 4.4516585899621e-05, "setle": 7.881431800543993e-06, "jnl": 0.000374599753977089, "mul": 0.00022466705184026386, "shr": 0.0036217755151777037, "cmovge": 1.4414948756717047e-05, "movsx": 0.0008140645229167906, "mov": 0.3462080867418333, "ucomisd": 1.2509091428949254e-05, "adc": 3.559786826113882e-05, "addsd": 2.1027199753498424e-05, "mulsd": 1.2677745179944754e-05, "sub": 0.01566074871880316, "setbe": 0.00010168679894212763, "cdq": 1.727868175426921e-05, "ret": 0.013299080639132285, "jns": 0.0003463921094601467, "pxor": 0.0001986814184658476, "pop": 0.03162336701115084, "jp": 2.8592208980455436e-06, "cmovnz": 0.0007710256353433969, "js": 0.0008312771684539501, "bsf": 5.367327796129875e-06, "cmova": 0.00019058200892203082, "cmovns": 2.1338055843625874e-05, "xchg": 0.003167843807166894, "cmovbe": 0.0002747506801901223, "shl": 0.004646276079952747, "add": 0.032161039031972594, "nop": 0.042648722373101876, "ud2": 4.416957159823032e-05, "movups": 0.0010397578959838649, "divsd": 2.4703748347524008e-05, "movsxd": 0.003108454342209182, "maxsd": 3.5740261225569295e-07, "repz ": 0.0031487139105024634, "movq": 4.520548310209701e-06, "cwde": 1.3561644930629103e-05, "pcmpeqd": 4.520548310209701e-06, "idiv": 6.084245387045874e-05, "call": 0.06529909773991407, "jle": 0.0010454076008963146, "cdqe": 0.0003254946579277138, "setz": 0.001312474546612348, "bsr": 2.8225982864005806e-07, "jb": 0.00234157565537606, "bswap": 0.0001361580962204683, "repnz ": 5.290233897832994e-05, "push": 0.024963063090062753, "and": 0.010079661470585982, "not": 0.000599467268847909, "cmovs": 6.565487927291074e-05, "movdqu": 0.0009821462549850213, "jg": 0.0006123139222267079, "setnz": 0.0010780051897619147, "seta": 0.0016371328950737216, "sar": 0.0005867926168669735, "movapd": 4.6462339593240084e-06, "or": 0.004822502512814769, "andpd": 3.5740261225569295e-07, "test": 0.05433681728630578, "cmovl": 2.411168337197382e-05, "jl": 0.0001680755475314727, "movsd": 7.337462197036835e-05, "subsd": 2.8592208980455436e-06, "lea": 0.06448876913040653, "cmp": 0.05544578380815271, "setnl": 5.367327796129875e-06, "movaps": 0.0011309754399110683, "rol": 8.543388555944135e-05, "setg": 4.564211670801976e-05, "setl": 1.024527871859527e-05, "setnb": 4.808714478348897e-06, "div": 0.0004974207023913139, "movdqa": 0.00027585757156784976, "fld": 4.520548310209701e-06, "jmp": 0.040371225383135395, "movzx": 0.017338533628210768, "cmovg": 2.319224638272515e-05, "bt": 0.00018592261178418788, "movsb": 2.667284501307851e-05, "cvttsd2si": 3.5740261225569298e-06, "imul": 0.0013425333201846543}