{"push": 0.024876105334758526, "xor": 0.029231710175081596, "mov": 0.35610784980594123, "sub": 0.016416400395548366, "call": 0.060252533624469126, "test": 0.057051564188011224, "jz": 0.060223953540215036, "cmp": 0.05682863953082934, "add": 0.03418749678474052, "inc": 1.7148050552453027e-05, "jmp": 0.03878317433279793, "lea": 0.05706299622171286, "sar": 0.0005944657524850383, "jbe": 0.005453080075680063, "jnb": 0.0024750352964040536, "shl": 0.004687133817670494, "imul": 0.0014633003138093252, "jnz": 0.03495915905960091, "pop": 0.03192967012866754, "ret": 0.010797555831194591, "movzx": 0.01852561061350009, "cmovnz": 0.0008231064265177454, "and": 0.011352009465723905, "jns": 0.0002400727077343424, "or": 0.004858614323195024, "ja": 0.005110119064631003, "repz ": 0.0030980811331431804, "neg": 0.00041726923010969037, "jb": 0.0024121591110450595, "jg": 0.000651625920993215, "nop": 0.04097812480351192, "movsxd": 0.002966612745574374, "jnl": 0.00037725711215396665, "cdqe": 0.00037725711215396665, "jl": 0.0001657644886737126, "hlt": 5.716016850817676e-06, "shr": 0.003703978919329854, "setz": 0.0013146838756880655, "xchg": 0.003178105369054628, "cmovg": 2.858008425408838e-05, "movaps": 0.0008574025276226515, "cmovl": 2.858008425408838e-05, "not": 0.0006401938872915798, "seta": 0.001709089038394485, "sbb": 0.00218923445386317, "js": 0.0007487982074571156, "cmovb": 0.00025722075828679545, "movsx": 0.0008173904096669277, "cmovns": 2.2864067403270706e-05, "setbe": 0.00011432033701635352, "cmova": 0.00022292465718188936, "fld": 5.716016850817676e-06, "fstp": 5.716016850817676e-06, "cmovs": 8.002423591144747e-05, "setnz": 0.0011317713364619, "movsd": 1.7148050552453027e-05, "cmovz": 0.0012746717577323417, "jle": 0.0011031912522078116, "movdqu": 0.0011489193870143528, "movups": 0.0011946475218208943, "div": 0.0005773177019325853, "ud2": 5.1444151657359086e-05, "mul": 0.0002457887245851601, "jo": 2.2864067403270706e-05, "rol": 1.1432033701635353e-05, "bswap": 3.4296101104906055e-05, "setb": 3.4296101104906055e-05, "bt": 0.00018291253922616564, "cmovbe": 0.0002457887245851601, "cqo": 4.572813480654141e-05, "idiv": 6.287618535899444e-05, "setl": 1.1432033701635353e-05, "pxor": 0.00017148050552453028, "cmovae": 0.00020577660662943634, "movdqa": 0.00025722075828679545, "pcmpeqd": 5.716016850817676e-06, "adc": 3.4296101104906055e-05, "setg": 5.1444151657359086e-05, "cwde": 1.7148050552453027e-05, "cdq": 1.7148050552453027e-05, "setle": 5.716016850817676e-06, "setnl": 5.716016850817676e-06, "setnb": 5.716016850817676e-06, "bsf": 5.716016850817676e-06, "repnz ": 5.1444151657359086e-05, "movq": 5.716016850817676e-06, "cmovge": 1.7148050552453027e-05, "movsb": 2.858008425408838e-05, "cmovle": 1.7148050552453027e-05, "cvtsi2sd": 1.1432033701635353e-05, "divsd": 5.716016850817676e-06}