{"push": 0.038988729820286325, "lea": 0.07005787389582699, "sub": 0.014316174230886384, "mov": 0.3161742308863844, "xor": 0.05239110569600975, "call": 0.09808102345415778, "nop": 0.05513250076149863, "cmp": 0.04051172707889126, "jz": 0.04843131282363692, "ja": 0.004873591227535791, "movsxd": 0.005178190679256778, "add": 0.02375875723423698, "jmp": 0.03837953091684435, "test": 0.04233932378921718, "jns": 0.0015229972586049345, "jnz": 0.023454157782515993, "pop": 0.04142552543405422, "ret": 0.01675296984465428, "js": 0.0015229972586049345, "jle": 0.0006091989034419738, "xchg": 0.0042643923240938165, "jnl": 0.0009137983551629607, "and": 0.0015229972586049345, "or": 0.006701187937861712, "hlt": 0.0003045994517209869, "sar": 0.0009137983551629607, "shr": 0.004568991775814804, "repz ": 0.003655193420651843, "shl": 0.007310386841303686, "movzx": 0.017666768199817242, "movdqa": 0.0006091989034419738, "movaps": 0.005482790130977765, "setnz": 0.0012183978068839476, "setz": 0.0006091989034419738, "jbe": 0.0009137983551629607, "cmovnz": 0.0006091989034419738, "bswap": 0.0015229972586049345, "rol": 0.0003045994517209869, "imul": 0.0009137983551629607, "seta": 0.0009137983551629607, "sbb": 0.0009137983551629607, "movdqu": 0.0003045994517209869, "movups": 0.0003045994517209869, "jnb": 0.0006091989034419738, "cmovbe": 0.0003045994517209869, "jb": 0.0003045994517209869, "jg": 0.0003045994517209869, "movsx": 0.0003045994517209869, "bt": 0.0003045994517209869, "jl": 0.0003045994517209869, "cmovz": 0.0012183978068839476}