{"push": 0.024800167264422537, "xor": 0.029351689531498786, "mov": 0.3549436822833738, "sub": 0.015991979885380984, "call": 0.06196289088676949, "test": 0.05703609587682476, "jz": 0.05889101543443181, "cmp": 0.05538489580820346, "add": 0.033683409192037786, "inc": 1.6083117551506183e-05, "jmp": 0.03856195484932799, "lea": 0.06008116613324327, "sar": 0.0006218805453249058, "jbe": 0.00536640022301923, "jnb": 0.0025036052988511295, "shl": 0.00462121577646611, "imul": 0.001576145520047606, "jnz": 0.0349432534002391, "pop": 0.031560437675238966, "ret": 0.010738161485222296, "movzx": 0.01762709683645078, "cmovnz": 0.0008095169167591445, "and": 0.011124156306458443, "jns": 0.00025196884164026354, "or": 0.004883906696474045, "ja": 0.005189485929952662, "repz ": 0.003002181942947821, "neg": 0.0003913558604199838, "jb": 0.0024339117894612693, "jg": 0.0006486857412440828, "nop": 0.04096906144287009, "movsxd": 0.0029432105119256316, "jle": 0.0011043740718700912, "js": 0.00081487795594298, "xchg": 0.0032166235103012366, "jl": 0.00016619221469889723, "jnl": 0.00035382858613313605, "not": 0.0006379636628764119, "hlt": 5.361039183835394e-06, "shr": 0.003704478076030258, "seta": 0.0016458390294374662, "cmovz": 0.0013670649918780255, "setz": 0.0012866494041204946, "setnz": 0.001125818228605433, "sbb": 0.0021283325559826516, "movsd": 0.0006969350938986013, "pxor": 0.0005629091143027165, "cvtsi2sd": 0.0003055792334786175, "mulsd": 0.00011258182286054329, "divsd": 0.00023052468490492197, "cmovle": 2.6805195919176975e-05, "addsd": 0.0002090805281695804, "subsd": 4.2888313470683154e-05, "ucomisd": 0.0001876363714342388, "movups": 0.0011579844637084453, "jp": 4.2888313470683154e-05, "movapd": 6.969350938986013e-05, "setb": 3.752727428684776e-05, "setl": 1.6083117551506183e-05, "cvttsd2si": 5.361039183835395e-05, "mul": 0.00024124676327259275, "movsx": 0.0007987948383914738, "movdqa": 0.0002573298808240989, "cdqe": 0.000380633782052313, "cqo": 4.8249352654518555e-05, "idiv": 6.433247020602473e-05, "cmovbe": 0.00024124676327259275, "cmovae": 0.000203719488985745, "maxsd": 5.361039183835394e-06, "cmova": 0.0002144415673534158, "andpd": 5.361039183835394e-06, "div": 0.0005468259967512102, "cmovb": 0.00024124676327259275, "cmovns": 2.1444156735341577e-05, "setbe": 0.0001072207836767079, "movaps": 0.0006754909371632597, "fld": 5.361039183835394e-06, "fstp": 5.361039183835394e-06, "cmovs": 7.505454857369552e-05, "movdqu": 0.0010775688759509143, "ud2": 4.8249352654518555e-05, "jo": 2.1444156735341577e-05, "rol": 1.0722078367670788e-05, "bswap": 3.2166235103012365e-05, "bt": 0.00017155325388273262, "pcmpeqd": 5.361039183835394e-06, "adc": 3.2166235103012365e-05, "setg": 4.8249352654518555e-05, "cmovg": 2.1444156735341577e-05, "cwde": 1.6083117551506183e-05, "cdq": 1.6083117551506183e-05, "setle": 5.361039183835394e-06, "setnl": 5.361039183835394e-06, "setnb": 5.361039183835394e-06, "bsf": 5.361039183835394e-06, "repnz ": 4.8249352654518555e-05, "movq": 5.361039183835394e-06, "cmovge": 1.6083117551506183e-05, "cmovl": 2.1444156735341577e-05, "movsb": 2.6805195919176975e-05}