{"lea": 0.0628490412711586, "mov": 0.3476796860141432, "push": 0.02493213686740322, "xor": 0.03417794837214932, "cmp": 0.05169268807164964, "jbe": 0.004599132043501565, "movzx": 0.01657243632968515, "test": 0.05939969223853243, "jz": 0.05994864878883759, "movsxd": 0.0027750401991804554, "cmovnz": 0.0008644985044175873, "movsx": 0.0010071407576464893, "add": 0.03133807078513754, "jle": 0.0010028182651244013, "jmp": 0.04175960025589156, "inc": 1.7289970088351747e-05, "pop": 0.03262185106419766, "ret": 0.010343724605356432, "jnz": 0.035159154174663275, "call": 0.06405069419229904, "and": 0.01154537752649688, "setz": 0.0013053927416705568, "sub": 0.014843439320849975, "sar": 0.00047115168490758513, "jnb": 0.0020747964106022096, "shl": 0.003916178225011671, "imul": 0.0011368155333091273, "jns": 0.00022909210367066065, "or": 0.006081746978577727, "ja": 0.004322492522087937, "repz ": 0.003751923509172329, "neg": 0.0003890243269879143, "jb": 0.0020402164704255064, "jg": 0.0007607586838874769, "nop": 0.04122361118315265, "xchg": 0.0030473572280719954, "seta": 0.0023341459619274857, "sbb": 0.002666977886128257, "jnl": 0.0002939294915019797, "shr": 0.0031943219738229853, "cmovz": 0.0012708128014938533, "cdqe": 0.0003285094316786832, "repnz ": 4.322492522087937e-05, "not": 0.0006137939381364871, "cqo": 5.619240278714318e-05, "idiv": 7.348237287549492e-05, "hlt": 4.322492522087937e-06, "cmovge": 1.7289970088351747e-05, "cmovbe": 0.00019451216349395715, "movdqu": 0.0012059754136625343, "movaps": 0.0009725608174697858, "movdqa": 0.0002463820737590124, "movups": 0.0011238480557428637, "adc": 4.322492522087937e-05, "pxor": 0.00018154468592769334, "setg": 4.7547417742967304e-05, "setnz": 0.0009855282950360497, "cmovns": 2.1612462610439684e-05, "cmovle": 1.7289970088351747e-05, "jl": 0.00015560973079516572, "ud2": 5.619240278714318e-05, "js": 0.0007088887736224216, "cmova": 0.00018586717844978128, "cdq": 1.7289970088351747e-05, "setbe": 0.00010806231305219842, "cmovb": 0.0002118021335823089, "bt": 0.00023341459619274858, "cvtsi2sd": 2.593495513252762e-05, "mulsd": 4.322492522087937e-06, "divsd": 8.644985044175873e-06, "addsd": 8.644985044175873e-06, "div": 0.00046250669986340926, "setb": 4.7547417742967304e-05, "setnb": 8.644985044175873e-06, "setle": 8.644985044175873e-06, "cmovae": 0.00019018967097186922, "fld": 4.322492522087937e-06, "fstp": 4.322492522087937e-06, "cmovs": 6.0514895309231114e-05, "movsd": 1.296747756626381e-05, "cmovl": 1.7289970088351747e-05, "cmovg": 1.7289970088351747e-05, "mul": 0.00018586717844978128, "jo": 1.7289970088351747e-05, "rol": 0.000821273579196708, "bswap": 5.619240278714318e-05, "setl": 8.644985044175873e-06, "pcmpeqd": 4.322492522087937e-06, "cwde": 1.296747756626381e-05, "setnl": 4.322492522087937e-06, "bsf": 4.322492522087937e-06, "movq": 4.322492522087937e-06, "movsb": 2.1612462610439684e-05, "ror": 0.0004322492522087937}