{"push": 0.02485306654772726, "xor": 0.029448794891627758, "mov": 0.35599392505688204, "sub": 0.01631652937822167, "call": 0.06058570130024108, "test": 0.05720383240835361, "jz": 0.06020742881984632, "cmp": 0.056582788037556245, "add": 0.03400500223011388, "inc": 1.6937573749019033e-05, "jmp": 0.038922544475245735, "lea": 0.05706268596044512, "sar": 0.0005928150812156661, "jbe": 0.0054482528892677885, "jnb": 0.0024559481936077595, "shl": 0.004669124496812913, "imul": 0.0014622772003319764, "jnz": 0.034913985354644565, "pop": 0.03200636852772963, "ret": 0.010777942762292445, "movzx": 0.01835468408602029, "cmovnz": 0.0008242952557855929, "and": 0.011223965537683279, "jns": 0.00023712603248626646, "or": 0.0048102709447214054, "ja": 0.0050869179826220495, "repz ": 0.003139097001484861, "neg": 0.0004234393437254758, "jb": 0.0023881978986116837, "jg": 0.0006436278024627232, "nop": 0.04125992965261036, "movsxd": 0.002958429548161991, "xchg": 0.0031955555806482574, "seta": 0.0017050490907345825, "sbb": 0.0022018845873724743, "jle": 0.0011178798674352562, "setz": 0.0012929014628417861, "jnl": 0.0003726266224784187, "hlt": 5.645857916339677e-06, "shr": 0.0036641617877044507, "setnz": 0.001140463299100615, "js": 0.0007847742503712152, "cqo": 5.0812721247057094e-05, "idiv": 6.775029499607613e-05, "movsx": 0.000858170403283631, "cmovz": 0.0012646721732600878, "cmovg": 2.8229289581698387e-05, "movaps": 0.0008468786874509517, "cmovl": 2.8229289581698387e-05, "not": 0.0006323360866300439, "jl": 0.00015808402165751098, "setb": 3.3875147498038065e-05, "movdqa": 0.0002540636062352855, "movups": 0.0011799843045149927, "cdqe": 0.00036698076456207905, "cmovb": 0.0002540636062352855, "cmovns": 2.2583431665358708e-05, "setbe": 0.00011291715832679355, "cmova": 0.00022018845873724742, "fld": 5.645857916339677e-06, "fstp": 5.645857916339677e-06, "cmovs": 7.904201082875549e-05, "movsd": 1.6937573749019033e-05, "movdqu": 0.001134817441184275, "div": 0.0005702316495503075, "ud2": 5.0812721247057094e-05, "mul": 0.00024277189040260614, "jo": 2.2583431665358708e-05, "rol": 1.1291715832679354e-05, "bswap": 3.3875147498038065e-05, "bt": 0.00018066745332286966, "cmovbe": 0.00024277189040260614, "setl": 1.1291715832679354e-05, "pxor": 0.00016937573749019032, "cmovae": 0.00020325088498822838, "pcmpeqd": 5.645857916339677e-06, "adc": 3.3875147498038065e-05, "setg": 5.0812721247057094e-05, "cwde": 1.6937573749019033e-05, "cdq": 1.6937573749019033e-05, "setle": 5.645857916339677e-06, "setnl": 5.645857916339677e-06, "setnb": 5.645857916339677e-06, "bsf": 5.645857916339677e-06, "repnz ": 5.0812721247057094e-05, "movq": 5.645857916339677e-06, "cmovge": 1.6937573749019033e-05, "movsb": 2.8229289581698387e-05, "cmovle": 1.6937573749019033e-05, "cvtsi2sd": 1.1291715832679354e-05, "divsd": 5.645857916339677e-06}