{"push": 0.02534367714446499, "xor": 0.032222244553420695, "mov": 0.35683636144384595, "sub": 0.01568152584612911, "call": 0.06336421738081839, "test": 0.057817147680681726, "jz": 0.059756612267867194, "cmp": 0.0548526810836884, "add": 0.03279503979419567, "inc": 1.5073558967762682e-05, "jmp": 0.03950779805450599, "lea": 0.05668663075809952, "sar": 0.0005828442800868237, "jbe": 0.005054666773856419, "jnb": 0.002331377120347295, "shl": 0.0043411849827156524, "imul": 0.001331497708819037, "jnz": 0.03489528901037061, "pop": 0.03322212396494895, "ret": 0.011109212959241097, "movzx": 0.01736473993086261, "cmovnz": 0.0007737760270118177, "and": 0.010440951845003618, "jns": 0.0002512259827960447, "or": 0.004657729721038669, "ja": 0.004818514350028137, "repz ": 0.0029996382345847737, "neg": 0.00038688801350590885, "jb": 0.002225862207572956, "jg": 0.0006230404373341908, "js": 0.0007637269876999759, "nop": 0.04023635340461452, "movsxd": 0.002944368518369644, "jle": 0.0011506150012058848, "jl": 0.00018088270761315218, "setnz": 0.0012360318353565399, "sbb": 0.002125371814454538, "bt": 0.00019093174692499397, "xchg": 0.0031101776670150335, "repnz ": 0.00010049039311841787, "not": 0.0006431385159578744, "cmovz": 0.0012661789532920653, "jnl": 0.00036678993488222525, "cdqe": 0.0003416673366026208, "setz": 0.0014571107002170592, "movsx": 0.0007988986252914222, "hlt": 5.024519655920894e-06, "shr": 0.003356379130155157, "seta": 0.001653066966797974, "div": 0.0005426481228394566, "cmovl": 3.517163759144626e-05, "cmovae": 0.00019093174692499397, "cmovbe": 0.00022610338451644024, "cmovg": 3.0147117935525364e-05, "cdq": 2.0098078623683576e-05, "pxor": 0.00020600530589275664, "movups": 0.0011707130798295684, "movaps": 0.0007637269876999759, "movdqa": 0.000236152423828282, "movsd": 4.5220676903288044e-05, "ud2": 5.0245196559208936e-05, "cmovs": 7.53677948388134e-05, "cmovb": 0.0002311279041723611, "setb": 3.0147117935525364e-05, "cqo": 4.019615724736715e-05, "idiv": 5.5269716215129835e-05, "cmovns": 2.0098078623683576e-05, "setbe": 0.00010049039311841787, "cmova": 0.00019595626658091487, "fld": 5.024519655920894e-06, "fstp": 5.024519655920894e-06, "movdqu": 0.0010300265294637832, "mul": 0.00021605434520459844, "jo": 2.0098078623683576e-05, "rol": 1.0049039311841788e-05, "bswap": 3.0147117935525364e-05, "setl": 1.0049039311841788e-05, "pcmpeqd": 5.024519655920894e-06, "adc": 3.0147117935525364e-05, "setg": 4.5220676903288044e-05, "cwde": 1.5073558967762682e-05, "setle": 5.024519655920894e-06, "setnl": 5.024519655920894e-06, "setnb": 5.024519655920894e-06, "bsf": 5.024519655920894e-06, "movq": 5.024519655920894e-06, "cmovge": 1.5073558967762682e-05, "movsb": 2.5122598279604468e-05, "cmovle": 1.5073558967762682e-05, "cvtsi2sd": 1.0049039311841788e-05, "divsd": 5.024519655920894e-06}