{"lea": 0.06410153051049547, "sub": 0.015589397173201852, "mov": 0.34997220725327044, "call": 0.06490348915658561, "push": 0.023575038294586143, "xor": 0.03689858405502539, "test": 0.05355301625557446, "jz": 0.05715122224438098, "cmp": 0.05701119771887318, "add": 0.03258328276892134, "inc": 1.2729502318891006e-05, "jmp": 0.04065803040653787, "sar": 0.0005261527625141616, "jbe": 0.005923461745723948, "jnb": 0.0029150560310260403, "shl": 0.004145574588518838, "imul": 0.001379029417879859, "jnz": 0.033075490191918466, "pop": 0.03073750493268215, "ret": 0.012131215709903128, "movzx": 0.01681991573069465, "cmovnz": 0.0008062018135297637, "and": 0.00961926058564197, "jns": 0.00023761737661929876, "or": 0.004395921467457028, "ja": 0.006207753964179181, "repz ": 0.0029702172077412346, "neg": 0.0003818850695667302, "jb": 0.002834435849673064, "jg": 0.0006237456136256593, "nop": 0.041841874122194735, "movsxd": 0.003072053226292363, "cmovle": 2.545900463778201e-05, "seta": 0.0015487561154650723, "sbb": 0.0020409635384621913, "cdqe": 0.0004200735765234032, "xchg": 0.003089025896050884, "jnl": 0.00034369656261005717, "setz": 0.0013111387388457735, "jl": 0.00014851086038706173, "hlt": 4.243167439630335e-06, "shr": 0.0031229712355679267, "cmovbe": 0.0002885353858948628, "jle": 0.0010820076971057354, "js": 0.0007680133065730907, "div": 0.0005600981020312042, "cmovz": 0.0012093027202946455, "not": 0.0005940434415482469, "movaps": 0.0007892291437712423, "cmovg": 2.545900463778201e-05, "cmovae": 0.00017821303246447407, "cmovb": 0.00021215837198151677, "cmovl": 2.545900463778201e-05, "cmovge": 1.697266975852134e-05, "cmovs": 8.48633487926067e-05, "setnz": 0.001065035027347214, "setg": 5.516117671519436e-05, "setb": 4.6674841835933686e-05, "cmova": 0.00018245619990410442, "mul": 0.00019518570222299542, "movsx": 0.0008316608181675457, "setbe": 9.334968367186737e-05, "setle": 8.48633487926067e-06, "movdqa": 0.00023761737661929876, "cdq": 2.545900463778201e-05, "idiv": 5.940434415482469e-05, "ud2": 4.6674841835933686e-05, "adc": 4.243167439630335e-05, "cmovns": 2.1215837198151675e-05, "cqo": 3.818850695667302e-05, "movsd": 4.6674841835933686e-05, "pxor": 0.00018245619990410442, "movups": 0.0010098738506320198, "bt": 0.00016548353014558307, "repnz ": 6.789067903408536e-05, "bswap": 4.6674841835933686e-05, "rol": 1.2729502318891006e-05, "movdqu": 0.0008740924925638491, "fld": 4.243167439630335e-06, "fstp": 4.243167439630335e-06, "jo": 1.697266975852134e-05, "setl": 8.48633487926067e-06, "pcmpeqd": 4.243167439630335e-06, "cwde": 1.2729502318891006e-05, "setnl": 4.243167439630335e-06, "setnb": 4.243167439630335e-06, "bsf": 4.243167439630335e-06, "movq": 4.243167439630335e-06, "movsb": 2.1215837198151675e-05, "cvtsi2sd": 8.48633487926067e-06, "divsd": 4.243167439630335e-06}