{"cmp": 0.06417739138928912, "lea": 0.13345869251996387, "jz": 0.04637475884636987, "ja": 0.011123592761728003, "jmp": 0.05512955139319641, "cmovbe": 0.0007204083127793109, "ret": 0.040819067620698916, "jnz": 0.023883367115192067, "xor": 0.05995262399570197, "nop": 0.05061173655034311, "push": 0.012906298078097145, "sub": 0.012234731006862195, "mov": 0.27545239199980465, "call": 0.07398227062931939, "jle": 0.0003418886908105204, "jl": 6.105155193045007e-05, "jg": 0.00029304744926616035, "test": 0.031160712105301715, "add": 0.02571491367310557, "jns": 0.00037851962196879045, "movsxd": 0.0021856455591101128, "and": 0.006679039781191238, "xchg": 0.0021612249383379327, "pop": 0.01647170871083543, "hlt": 1.2210310386090014e-05, "sar": 0.00030525775965225036, "shr": 0.0035165693911939242, "repz ": 0.0029304744926616035, "jbe": 0.009585093653080662, "jb": 0.0041270849104984245, "sbb": 0.0017582846955969621, "shl": 0.0043468704974480455, "or": 0.001721653764438692, "setnz": 0.00019536496617744023, "neg": 0.00036630931158270044, "not": 0.0005860948985323207, "movzx": 0.009426359618061491, "imul": 0.0010745073139759214, "jnb": 0.004713179809030746, "setz": 0.001709443454052602, "setbe": 0.00012210310386090014, "movsx": 0.00041515055312706047, "bt": 4.884124154436006e-05, "cmovz": 0.000854721727026301, "div": 0.00035409900119661044, "cmovnz": 0.00040294024274097046, "mul": 0.0003418886908105204, "js": 0.0007814598647097609, "jnl": 4.884124154436006e-05, "cmovb": 8.54721727026301e-05, "adc": 7.326186231654009e-05, "seta": 0.0011844001074507314, "cdqe": 7.326186231654009e-05, "movdqu": 0.0001709443454052602, "movups": 0.00020757527656353023, "cmovae": 6.105155193045007e-05, "pxor": 0.00026862682849398034, "cvtsi2sd": 0.00021978558694962027, "movsd": 0.00012210310386090014, "mulsd": 7.326186231654009e-05, "divsd": 7.326186231654009e-05, "addsd": 9.768248308872011e-05, "movaps": 0.0005738845881462307, "movdqa": 0.00021978558694962027, "repnz ": 1.2210310386090014e-05, "rol": 2.442062077218003e-05, "cmova": 0.00014652372463308018, "setle": 1.2210310386090014e-05, "setg": 1.2210310386090014e-05, "cdq": 2.442062077218003e-05, "idiv": 3.6630931158270044e-05, "ud2": 1.2210310386090014e-05, "setb": 3.6630931158270044e-05, "cmovns": 1.2210310386090014e-05, "cqo": 1.2210310386090014e-05, "bswap": 6.105155193045007e-05, "cmovl": 1.2210310386090014e-05, "movsb": 6.105155193045007e-05}