{"push": 0.024887986957463547, "xor": 0.029300103747449065, "mov": 0.35604756421511063, "sub": 0.01641147834414511, "call": 0.060464241332527674, "test": 0.05704969616818487, "jz": 0.06013361759374323, "cmp": 0.05672477283868982, "add": 0.034185354508453704, "inc": 1.7101227868160933e-05, "jmp": 0.0387399815306739, "lea": 0.057169404763262, "sar": 0.0005928425660962457, "jbe": 0.005455291689943338, "jnb": 0.0024682772223045615, "shl": 0.004674335617297322, "imul": 0.0014593047780830663, "jnz": 0.034966310581099724, "pop": 0.03196789529488217, "ret": 0.010813676421967098, "movzx": 0.018452224869745647, "cmovnz": 0.0008379601655398857, "and": 0.011326713258011925, "jns": 0.00023941719015425306, "or": 0.004833947077400157, "ja": 0.005096165904711959, "repz ": 0.00311242347200529, "neg": 0.0004161298781252494, "jb": 0.0024055727201213045, "jg": 0.0006384458404113415, "nop": 0.040997343609271146, "movsxd": 0.0029699132397706155, "jle": 0.0011115798114304607, "jnl": 0.00038192742238892755, "jl": 0.00016531186939222237, "hlt": 5.700409289386978e-06, "shr": 0.003705266038101536, "not": 0.0006441462497007285, "cmovz": 0.001293992908690844, "sbb": 0.0021889571671245994, "js": 0.000758154435488468, "xchg": 0.0031637271556097728, "cmovg": 2.850204644693489e-05, "movaps": 0.0008550613934080466, "cmovl": 2.850204644693489e-05, "seta": 0.0017044223775267064, "setz": 0.001293992908690844, "setb": 3.4202455736321865e-05, "setnz": 0.0011286810392986217, "movdqa": 0.000256518418022414, "movups": 0.0011913855414818783, "cqo": 4.560327431509582e-05, "idiv": 6.270450218325676e-05, "cdqe": 0.00037052660381015355, "cmovb": 0.000256518418022414, "movsx": 0.0008151585283823378, "cmovns": 2.280163715754791e-05, "setbe": 0.00011400818578773956, "cmova": 0.00022231596228609215, "fld": 5.700409289386978e-06, "fstp": 5.700409289386978e-06, "cmovs": 7.980573005141769e-05, "movsd": 1.7101227868160933e-05, "movdqu": 0.0011457822671667825, "div": 0.0005757413382280848, "ud2": 5.13036836044828e-05, "mul": 0.00024511759944364006, "jo": 2.280163715754791e-05, "rol": 1.1400818578773956e-05, "bswap": 3.4202455736321865e-05, "bt": 0.0001824130972603833, "cmovbe": 0.00024511759944364006, "setl": 1.1400818578773956e-05, "pxor": 0.00017101227868160935, "cmovae": 0.0002052147344179312, "pcmpeqd": 5.700409289386978e-06, "adc": 3.4202455736321865e-05, "setg": 5.13036836044828e-05, "cwde": 1.7101227868160933e-05, "cdq": 1.7101227868160933e-05, "setle": 5.700409289386978e-06, "setnl": 5.700409289386978e-06, "setnb": 5.700409289386978e-06, "bsf": 5.700409289386978e-06, "repnz ": 5.13036836044828e-05, "movq": 5.700409289386978e-06, "cmovge": 1.7101227868160933e-05, "movsb": 2.850204644693489e-05, "cmovle": 1.7101227868160933e-05, "cvtsi2sd": 1.1400818578773956e-05, "divsd": 5.700409289386978e-06}