{"push": 0.02487638796215504, "xor": 0.029358928296463582, "mov": 0.3561680553416939, "sub": 0.016390357405601463, "call": 0.060320393277330096, "test": 0.05705258715575402, "jz": 0.06017211586169139, "cmp": 0.056761735302001175, "add": 0.03410950857442671, "inc": 1.710893257369673e-05, "jmp": 0.038831573964767004, "lea": 0.05702977524565576, "sar": 0.0006045156176039511, "jbe": 0.0054463435359601246, "jnb": 0.00247509224566146, "shl": 0.004710659435291166, "imul": 0.0014599622462887873, "jnz": 0.034959252225586976, "pop": 0.03190245627241983, "ret": 0.010784330498953503, "movzx": 0.018517568022264425, "cmovnz": 0.0008212287635374429, "and": 0.011348925273885495, "jns": 0.00023952505603175417, "or": 0.004870342805979002, "ja": 0.005109867862010756, "repz ": 0.0031024197733636734, "neg": 0.00041631735929328705, "jb": 0.002406656515366673, "jg": 0.00064443646027591, "xchg": 0.003182261458707591, "movsxd": 0.0029769542678232306, "nop": 0.040958784581429965, "jle": 0.0011234865723394184, "jnl": 0.00038780247167045917, "cdqe": 0.000376396516621328, "seta": 0.0017108932573696727, "sbb": 0.0021899433694331813, "js": 0.000752793033242656, "hlt": 5.702977524565575e-06, "shr": 0.003695529435918493, "movsx": 0.0008212287635374429, "cmovg": 2.8514887622827878e-05, "movaps": 0.0008554466286848363, "cmovl": 2.8514887622827878e-05, "not": 0.0006387334827513445, "jl": 0.00015968337068783612, "cmovb": 0.0002566339886054509, "setz": 0.0012945758980763857, "cmovns": 2.28119100982623e-05, "setbe": 0.00011405955049131151, "cmova": 0.00022241612345805746, "fld": 5.702977524565575e-06, "fstp": 5.702977524565575e-06, "cmovs": 7.984168534391806e-05, "setnz": 0.001129189549863984, "movsd": 1.710893257369673e-05, "cmovz": 0.0012717639879781233, "movdqu": 0.0011462984824376808, "movups": 0.0011919223026342052, "div": 0.0005760007299811232, "ud2": 5.132679772109018e-05, "mul": 0.00024522803355631973, "jo": 2.28119100982623e-05, "rol": 1.140595504913115e-05, "bswap": 3.421786514739346e-05, "setb": 3.421786514739346e-05, "bt": 0.0001824952807860984, "cmovbe": 0.00024522803355631973, "cqo": 4.56238201965246e-05, "idiv": 6.273275277022133e-05, "setl": 1.140595504913115e-05, "pxor": 0.00017108932573696727, "cmovae": 0.00020530719088436073, "movdqa": 0.0002566339886054509, "pcmpeqd": 5.702977524565575e-06, "adc": 3.421786514739346e-05, "setg": 5.132679772109018e-05, "cwde": 1.710893257369673e-05, "cdq": 1.710893257369673e-05, "setle": 5.702977524565575e-06, "setnl": 5.702977524565575e-06, "setnb": 5.702977524565575e-06, "bsf": 5.702977524565575e-06, "repnz ": 5.132679772109018e-05, "movq": 5.702977524565575e-06, "cmovge": 1.710893257369673e-05, "movsb": 2.8514887622827878e-05, "cmovle": 1.710893257369673e-05, "cvtsi2sd": 1.140595504913115e-05, "divsd": 5.702977524565575e-06}