{"xor": 0.001184847243292325, "mov": 0.4217336419103724, "pop": 0.02370248153520768, "and": 0.010359108374766076, "push": 0.02631578947368421, "call": 0.06810103314250279, "hlt": 5.536669361179089e-06, "cmp": 0.06441361134795752, "jz": 0.06338932751613939, "test": 0.054065576311913804, "jmp": 0.05019544442844962, "ret": 0.013033319676215576, "sub": 0.01714706501157164, "sar": 0.0007585237024815352, "cqo": 5.536669361179089e-05, "idiv": 7.751337105650724e-05, "jnz": 0.032284319045035266, "dec": 5.536669361179089e-06, "jnb": 0.002812628035478977, "inc": 5.536669361179089e-06, "jb": 0.002043030994275084, "ja": 0.005326275925454284, "add": 0.03372938974830301, "seta": 0.0018160275504667412, "movzx": 0.020817876798033375, "jnl": 0.00013841673402947724, "lea": 0.03417785996655852, "movsxd": 0.0024527445270023365, "repnz ": 0.0018824675828008903, "not": 0.0022202044138328147, "cmovz": 0.0012678972837100115, "jbe": 0.005580962716068521, "shl": 0.005691696103292104, "jle": 0.0013897040096559515, "repz ": 0.0020817876798033376, "cmovle": 5.536669361179089e-05, "shr": 0.0038424485366582877, "or": 0.005807966159876865, "pxor": 0.00043186021017196897, "cvtsi2sd": 0.00034327350039310353, "addsd": 0.00022700344380834265, "divsd": 0.000249150121253059, "movsd": 0.0005702769442014462, "jg": 0.000620106968452058, "mulsd": 0.00012180672594593996, "js": 0.0009246237833169079, "subsd": 4.429335488943271e-05, "comisd": 0.00013841673402947724, "sbb": 0.002175911058943382, "imul": 0.001683147485798443, "ucomisd": 5.536669361179089e-05, "jp": 2.7683346805895446e-05, "movapd": 0.00010519671786240269, "jnp": 1.6610008083537266e-05, "setnz": 0.0013398739854053395, "jl": 0.00014395340339065632, "setb": 3.875668552825362e-05, "setl": 1.6610008083537266e-05, "cvttsd2si": 5.536669361179089e-05, "cmovnz": 0.000991063815651057, "mul": 0.000249150121253059, "movsx": 0.0009633804688451615, "setz": 0.0016610008083537268, "movdqu": 0.0015115107356018912, "movups": 0.0015115107356018912, "cdqe": 0.0005425935973955507, "cmovs": 3.322001616707453e-05, "cmovbe": 0.0003377368310319244, "cmovae": 0.00024361345189187993, "maxsd": 5.536669361179089e-06, "cmova": 0.00026576012933659626, "andpd": 5.536669361179089e-06, "div": 0.0007197670169532816, "cmovns": 7.751337105650724e-05, "setbe": 8.305004041768634e-05, "movaps": 9.96600485012236e-05, "fld": 5.536669361179089e-06, "fstp": 5.536669361179089e-06, "setg": 4.98300242506118e-05, "jns": 0.00011627005658476087, "jo": 2.2146677444716356e-05, "btc": 1.1073338722358178e-05, "cmovb": 0.00026576012933659626, "bt": 0.00011627005658476087, "neg": 0.0005702769442014462, "cmovg": 2.7683346805895446e-05, "bts": 2.7683346805895446e-05, "adc": 4.429335488943271e-05, "setnb": 2.7683346805895446e-05, "cwde": 1.6610008083537266e-05, "cdq": 2.7683346805895446e-05, "setle": 5.536669361179089e-06, "setnl": 5.536669361179089e-06, "bsf": 5.536669361179089e-06, "cmovge": 1.1073338722358178e-05, "cmovl": 2.2146677444716356e-05, "nop": 1.6610008083537266e-05}