{"xor": 0.0006985912980792456, "mov": 0.5817407557420117, "pop": 0.003745638449275955, "and": 0.015402451758183366, "push": 0.011118006190707993, "call": 0.04693567386190931, "hlt": 3.715911159995987e-06, "cmp": 0.0502799939059057, "jz": 0.034780928457562435, "test": 0.027386265249170424, "jmp": 0.041105409251875606, "ret": 0.007859152103391512, "sub": 0.014391723922664457, "sar": 0.0005165116512394421, "cqo": 7.060231203992375e-05, "idiv": 4.830684507994783e-05, "jnz": 0.0304630396896471, "dec": 3.715911159995987e-06, "jnb": 0.0013414439287585513, "inc": 3.715911159995987e-06, "movzx": 0.03070457391504684, "movsx": 0.0009735687239189485, "nop": 0.007677072456551709, "leave": 0.005499548516794061, "ja": 0.0024116263428373952, "movsxd": 0.0020883420719177447, "shl": 0.007792265702511584, "add": 0.03584739496048128, "jbe": 0.002244410340637576, "jns": 0.00035672747135961474, "lea": 0.017579975697941015, "imul": 0.0009549891681189686, "setz": 0.0004905002731194702, "jb": 0.0026345810124371546, "setnz": 0.00034186382671963077, "neg": 0.0005202275623994382, "cdqe": 0.0027572060807170224, "jl": 0.00029355698163968294, "shr": 0.003080490351636673, "jle": 0.0009847164573989365, "jg": 0.0006205571637193297, "or": 0.003712195248835991, "cwde": 2.9727289279967895e-05, "movaps": 0.00035672747135961474, "js": 0.00025268195887972713, "cmovs": 4.459093391995184e-05, "movsd": 1.8579555799979933e-05, "fld": 7.431822319991974e-06, "fstp": 7.431822319991974e-06, "setbe": 7.431822319991974e-06, "jnl": 0.00013377280175985552, "div": 0.0004979320954394622, "mul": 0.00015235235755983547, "jno": 1.4863644639983947e-05, "not": 0.0004533411615195104, "cmovae": 0.00011890915711987158, "repnz ": 0.0002266705807597552, "repz ": 2.6011378119971906e-05, "seta": 1.8579555799979933e-05, "setb": 7.431822319991974e-06, "setg": 2.229546695997592e-05, "cdq": 1.8579555799979933e-05, "setle": 3.715911159995987e-06, "setnl": 3.715911159995987e-06, "setnb": 1.114773347998796e-05, "setl": 3.715911159995987e-06, "cmovbe": 4.087502275995586e-05, "cmova": 1.4863644639983947e-05, "cmovge": 3.715911159995987e-06, "cmovle": 1.114773347998796e-05, "pxor": 3.715911159995987e-06, "cvtsi2sd": 1.4863644639983947e-05, "addsd": 7.431822319991974e-06, "divsd": 3.715911159995987e-06}