{"xor": 0.0007021921226162894, "mov": 0.5806415968633042, "pop": 0.003813936909641775, "and": 0.015462484405631794, "push": 0.011071110319016218, "call": 0.04818036000712885, "hlt": 3.564427018356799e-06, "cmp": 0.04939582962038852, "jz": 0.034792372126180714, "test": 0.027770450900017823, "jmp": 0.041204776332204596, "ret": 0.007741935483870968, "sub": 0.01424345036535377, "sar": 0.0005275351987168062, "cqo": 6.772411334877918e-05, "idiv": 4.633755123863839e-05, "jnz": 0.029884156121903403, "dec": 3.564427018356799e-06, "jnb": 0.0013544822669755837, "inc": 3.564427018356799e-06, "jbe": 0.002242024594546427, "leave": 0.005392978078773837, "nop": 0.007692033505613973, "lea": 0.01759401176260916, "movsxd": 0.0020816253787203707, "add": 0.03571199429691677, "jle": 0.0009659597219746926, "jb": 0.002805204063446801, "jg": 0.0006273391552307966, "shl": 0.007695597932632329, "ja": 0.0023881661022990552, "movzx": 0.02974157904116913, "cdqe": 0.002712528960969524, "repz ": 3.920869720192479e-05, "jl": 0.00028871858848690074, "cvtsi2sd": 0.00028871858848690074, "movsd": 0.0008269470682587774, "mulsd": 7.841739440384958e-05, "divsd": 0.00015683478880769915, "js": 0.0003421849937622527, "shr": 0.0031117447870254856, "or": 0.0038281946177152024, "addsd": 0.00018178577793619675, "pxor": 0.00015683478880769915, "ucomisd": 5.703083229370879e-05, "jp": 2.8515416146854393e-05, "imul": 0.0011584387809659598, "jns": 0.00032436285867046874, "subsd": 2.8515416146854393e-05, "comisd": 8.554624844056318e-05, "cvttsd2si": 3.564427018356799e-05, "movapd": 9.267510247727678e-05, "mul": 0.00015327036178934236, "jnl": 0.00014970593477098556, "movsx": 0.0009374443058278382, "setz": 0.00047406879344145426, "cmovbe": 5.703083229370879e-05, "cmovae": 0.00013544822669755836, "not": 0.00044555337729459987, "movq": 3.564427018356799e-06, "andpd": 3.564427018356799e-06, "div": 0.00048119764747816786, "repnz ": 0.00022455890215647835, "cmovs": 4.277312422028159e-05, "fld": 7.128854036713598e-06, "fstp": 7.128854036713598e-06, "movaps": 0.0002566387453216895, "setbe": 7.128854036713598e-06, "neg": 0.0004918909285332383, "jno": 1.4257708073427197e-05, "seta": 1.7822135091783995e-05, "setb": 7.128854036713598e-06, "setnz": 0.0002994118695419711, "setg": 2.1386562110140794e-05, "cdq": 1.7822135091783995e-05, "setle": 3.564427018356799e-06, "setnl": 3.564427018356799e-06, "setnb": 1.0693281055070397e-05, "setl": 3.564427018356799e-06, "cwde": 2.1386562110140794e-05, "cmova": 1.4257708073427197e-05, "cmovge": 3.564427018356799e-06, "cmovle": 1.0693281055070397e-05}