{"mov": 0.37123829504662736, "ud2": 7.699044356119296e-05, "and": 0.012400273316074642, "call": 0.054730581566563054, "nop": 0.0391159572318086, "push": 0.021764236014204737, "sub": 0.017192928427758904, "xor": 0.025849541425670537, "lea": 0.03664745113512785, "cmp": 0.06015840783762715, "jz": 0.060187279253962604, "ja": 0.005451885784676977, "jmp": 0.03914482864814405, "jnz": 0.03443397588274356, "movzx": 0.019988643909574725, "jle": 0.0012895899296499823, "test": 0.05688631398627645, "movsxd": 0.003700353193659837, "jnl": 0.0004619426613671578, "jl": 0.00038976412052853937, "add": 0.0361662608628704, "pop": 0.03182111270438557, "ret": 0.011211733343598726, "cmovnz": 0.0008661424900634209, "hlt": 4.81190272257456e-06, "sar": 0.000635171159379842, "cqo": 3.849522178059648e-05, "idiv": 5.293092994832016e-05, "dec": 4.81190272257456e-06, "jnb": 0.00257436795657739, "inc": 4.81190272257456e-06, "jbe": 0.005514440520070447, "cmovz": 0.0016264231202302013, "not": 0.0011596685561404692, "shr": 0.004359583866652552, "sbb": 0.002463694193958175, "cmovb": 0.00030796177424477185, "js": 0.0009720043499600612, "shl": 0.005115052594096758, "cmovg": 2.887141633544736e-05, "movaps": 0.0014291351086046444, "xchg": 0.0031469843805637626, "cmovl": 5.774283267089472e-05, "repz ": 0.0020546824625393375, "seta": 0.0017996516182428857, "jg": 0.0012462828051468112, "jb": 0.002583991762022539, "setz": 0.0012222232915339384, "or": 0.005018814539645267, "setnz": 0.001193351875198491, "jns": 0.00021653562251585523, "movdqa": 0.0005870521321540964, "movups": 0.0024925656102936225, "cdqe": 0.0005389331049283507, "movsx": 0.0013184613459854295, "cmovae": 0.000197288011625557, "cmovns": 4.81190272257456e-05, "cmova": 0.00020209991434813154, "movsd": 1.443570816772368e-05, "fld": 4.81190272257456e-06, "fstp": 4.81190272257456e-06, "cmovs": 5.293092994832016e-05, "setbe": 9.62380544514912e-05, "movdqu": 0.0012559066105919602, "div": 0.0005389331049283507, "mul": 0.000437883147754285, "jo": 2.40595136128728e-05, "imul": 0.0013280851514305787, "bswap": 4.81190272257456e-05, "rol": 3.849522178059648e-05, "setb": 3.368331905802192e-05, "pxor": 0.000832459171005399, "bt": 0.00016360469256753506, "movq": 0.0008853901009537191, "movhps": 0.0005629926185412236, "neg": 0.0004956259804251797, "cmovbe": 0.0003320212878576447, "paddq": 9.142615172891665e-05, "punpcklqdq": 0.00026946655246417537, "setl": 9.62380544514912e-06, "setnb": 0.00011067376261921489, "setg": 3.368331905802192e-05, "pcmpeqd": 2.40595136128728e-05, "bts": 2.887141633544736e-05, "repnz ": 0.0003560808014705175, "adc": 2.887141633544736e-05, "psubq": 4.81190272257456e-06, "cwde": 1.443570816772368e-05, "movd": 8.180234628376753e-05, "psrlq": 4.81190272257456e-06, "pmuludq": 9.62380544514912e-06, "psllq": 4.81190272257456e-06, "psrldq": 1.443570816772368e-05, "cdq": 1.443570816772368e-05, "setle": 4.81190272257456e-06, "setnl": 4.81190272257456e-06, "bsf": 4.81190272257456e-06, "cmovge": 0.00010586185989664032, "shufpd": 4.81190272257456e-06, "punpcklwd": 1.443570816772368e-05, "pshufd": 3.368331905802192e-05, "cmovle": 3.849522178059648e-05, "movsb": 9.62380544514912e-06, "paddd": 2.887141633544736e-05, "pand": 4.81190272257456e-06, "pandn": 1.443570816772368e-05, "por": 4.81190272257456e-06, "punpckhdq": 9.62380544514912e-06, "leave": 1.924761089029824e-05, "cvtsi2sd": 9.62380544514912e-06, "divsd": 4.81190272257456e-06, "pcmpeqb": 4.81190272257456e-06, "pcmpgtb": 4.81190272257456e-06, "punpcklbw": 4.81190272257456e-06, "punpckhbw": 4.81190272257456e-06, "pcmpgtw": 9.62380544514912e-06, "punpckhwd": 9.62380544514912e-06}