{"call": 0.05946096791763891, "mov": 0.36532267283523073, "ud2": 6.052006912736785e-05, "test": 0.05500601838465211, "jz": 0.05601132397737894, "and": 0.012813443524688826, "nop": 0.03838653495706437, "xchg": 0.0030764368473078655, "push": 0.02017335637578928, "xor": 0.03156121604992233, "sub": 0.015533484409357748, "lea": 0.03968771644330278, "cmp": 0.06095379628944732, "ja": 0.0062335671201188885, "jmp": 0.040760266557282245, "jg": 0.0010120300448520957, "jns": 0.00336895051475681, "jb": 0.0026830563979799746, "add": 0.03273127071971811, "cmovle": 4.0346712751578566e-05, "repz ": 0.0018828465950736664, "seta": 0.0016575774488773527, "sbb": 0.0023199359832157674, "jnz": 0.030394523606189185, "cdqe": 0.000497609457269469, "movsxd": 0.0036312041476420707, "jnl": 0.0003732070929521017, "jle": 0.0011162590527936736, "jl": 0.0002992381195742077, "pop": 0.029957434218047085, "ret": 0.010896974668988844, "hlt": 3.362226062631547e-06, "sar": 0.0005043339093947321, "cqo": 3.0260034563683924e-05, "idiv": 4.707116487684166e-05, "dec": 3.362226062631547e-06, "jnb": 0.002908325544176288, "inc": 3.362226062631547e-06, "cmova": 0.00016474907706894582, "jbe": 0.009165428246733597, "movzx": 0.02003550510722139, "div": 0.0004875227790815743, "setz": 0.0011935902522341993, "cmovz": 0.0015331750845599854, "cmovnz": 0.0010792745661047265, "js": 0.000854005419908413, "neg": 0.00043708938814210113, "not": 0.0009414232975368332, "shr": 0.0035168884615125982, "shl": 0.0072624082952841415, "movq": 0.0011095346006684105, "movdqa": 0.0005883895609605207, "punpcklqdq": 0.0003496715105136809, "psllq": 1.0086678187894641e-05, "paddq": 8.405565156578868e-05, "movups": 0.0029957434218047083, "movhps": 0.0007262408295284141, "movaps": 0.0013112681644263033, "or": 0.0069329101411462505, "cmovae": 0.0001580246249436827, "cmovb": 0.0002353558243842083, "cmovbe": 0.00032949815413789164, "cmovl": 4.707116487684166e-05, "imul": 0.0011566057655452522, "cmovs": 5.379561700210475e-05, "setnz": 0.0010523767576036743, "setb": 6.052006912736785e-05, "setg": 3.0260034563683924e-05, "pxor": 0.0009380610714742017, "movsx": 0.0011666924437331468, "mul": 0.0003362226062631547, "cmovns": 4.0346712751578566e-05, "setle": 6.724452125263094e-06, "movd": 8.741787762842022e-05, "punpckldq": 2.0173356375789283e-05, "paddd": 3.362226062631547e-05, "psrldq": 2.0173356375789283e-05, "setnb": 8.405565156578868e-05, "movdqu": 0.0009582344278499909, "pcmpeqd": 2.6897808501052376e-05, "pandn": 1.3448904250526188e-05, "punpckhdq": 1.3448904250526188e-05, "cdq": 2.353558243842083e-05, "adc": 3.362226062631547e-05, "setbe": 7.060674731526248e-05, "movsd": 3.698448668894702e-05, "repnz ": 0.0002622536328852607, "bt": 0.00013448904250526188, "shufpd": 6.724452125263094e-06, "cmovg": 2.6897808501052376e-05, "bswap": 6.052006912736785e-05, "rol": 3.0260034563683924e-05, "btc": 1.0086678187894641e-05, "fld": 3.362226062631547e-06, "fstp": 3.362226062631547e-06, "jo": 1.6811130313157735e-05, "setl": 6.724452125263094e-06, "bts": 2.0173356375789283e-05, "psubq": 3.362226062631547e-06, "cwde": 1.0086678187894641e-05, "psrlq": 3.362226062631547e-06, "pmuludq": 6.724452125263094e-06, "setnl": 3.362226062631547e-06, "bsf": 3.362226062631547e-06, "cmovge": 7.396897337789404e-05, "punpcklwd": 1.0086678187894641e-05, "pshufd": 2.353558243842083e-05, "movsb": 6.724452125263094e-06, "pand": 3.362226062631547e-06, "por": 3.362226062631547e-06, "leave": 1.3448904250526188e-05, "cvtsi2sd": 6.724452125263094e-06, "divsd": 3.362226062631547e-06, "pcmpeqb": 3.362226062631547e-06, "pcmpgtb": 3.362226062631547e-06, "punpcklbw": 3.362226062631547e-06, "punpckhbw": 3.362226062631547e-06, "pcmpgtw": 6.724452125263094e-06, "punpckhwd": 6.724452125263094e-06}