{"xor": 0.001861619609059882, "mov": 0.43717033819422896, "pop": 0.03195780328886131, "and": 0.0021718895439031957, "push": 0.03506050263729445, "call": 0.11573068569655601, "hlt": 0.00031026993484331366, "cmp": 0.0384734719205709, "jz": 0.0499534595097735, "test": 0.041576171269004036, "jmp": 0.04126590133416072, "ret": 0.020788085634502018, "sub": 0.012410797393732548, "sar": 0.000930809804529941, "cqo": 0.00031026993484331366, "idiv": 0.00031026993484331366, "jnz": 0.018305926155755506, "dec": 0.00031026993484331366, "jnb": 0.000930809804529941, "inc": 0.00031026993484331366, "jle": 0.0006205398696866273, "jl": 0.0006205398696866273, "seta": 0.0012410797393732546, "movzx": 0.03475023270245113, "add": 0.016754576481538937, "setnz": 0.00031026993484331366, "lea": 0.02171889543903196, "shl": 0.019857275829972074, "movdqa": 0.0006205398696866273, "movaps": 0.005584858827179647, "movsxd": 0.0027924294135898233, "setz": 0.0006205398696866273, "or": 0.01923673596028545, "repnz ": 0.0021718895439031957, "not": 0.0021718895439031957, "js": 0.001861619609059882, "jns": 0.0012410797393732546, "ja": 0.004343779087806391, "jnl": 0.00031026993484331366, "cdqe": 0.00031026993484331366, "imul": 0.000930809804529941, "shr": 0.004343779087806391, "btc": 0.00031026993484331366, "repz ": 0.000930809804529941, "sbb": 0.000930809804529941, "movsx": 0.0006205398696866273, "jbe": 0.0006205398696866273, "movdqu": 0.00031026993484331366, "movups": 0.00031026993484331366, "jb": 0.00031026993484331366, "cmovz": 0.0015513496742165685, "cmovbe": 0.00031026993484331366, "jg": 0.00031026993484331366, "bt": 0.00031026993484331366, "nop": 0.0006205398696866273}