{"call": 0.07001135380015064, "nop": 0.03688298841013074, "push": 0.010634351428218128, "sub": 0.011691041739267287, "mov": 0.3310588261744438, "xor": 0.059343278213069235, "lea": 0.04195285362590915, "cmp": 0.0787009454005868, "jle": 0.00046089683779803724, "jz": 0.04664051170790382, "jl": 3.372415886327102e-05, "jnz": 0.021988151578852703, "jmp": 0.04952954798385737, "jnl": 4.4965545151028026e-05, "test": 0.040232921523882324, "jg": 0.00028103465719392514, "add": 0.02819339680969457, "jns": 0.010915386085412053, "xchg": 0.0026304843913351394, "or": 0.011780972829569343, "movsxd": 0.002023449531796261, "js": 0.0009217936755960745, "and": 0.017030700225951864, "pop": 0.013343525523567566, "ret": 0.010521937565340558, "jnb": 0.005384624031835606, "cmovnz": 0.002180828939824859, "cmovz": 0.0013377249682430838, "hlt": 1.1241386287757006e-05, "sar": 0.0005058623829490653, "cqo": 2.2482772575514013e-05, "idiv": 4.4965545151028026e-05, "dec": 1.1241386287757006e-05, "inc": 1.1241386287757006e-05, "jbe": 0.02136987533302607, "ja": 0.010061040727542521, "cmovbe": 0.0006857245635531774, "jb": 0.0042380026304843915, "sbb": 0.002057173690659532, "repz ": 0.002113380622098317, "setnz": 0.0002023449531796261, "neg": 0.0004721382240857943, "not": 0.0020684150769472893, "movzx": 0.020751599087199434, "shr": 0.004339175107074204, "movsx": 0.0003934485200714952, "cmovae": 7.868970401429904e-05, "shl": 0.014242836426588128, "adc": 6.744831772654204e-05, "setz": 0.0015513113077104668, "setbe": 8.993109030205605e-05, "bt": 4.4965545151028026e-05, "movdqa": 0.0005171037692368223, "repnz ": 0.0013602077408185977, "movups": 0.0008318625852940185, "movaps": 0.0005845520869633644, "movdqu": 0.0003260002023449532, "cdqe": 0.0001686207943163551, "imul": 0.0010679316973369157, "div": 0.0003372415886327102, "mul": 0.0004046899063592522, "seta": 0.0011578627876389716, "pxor": 0.0003709657474959812, "setb": 6.744831772654204e-05, "cmovb": 0.00010117247658981305, "cvtsi2sd": 0.0002023449531796261, "movsd": 0.00011241386287757006, "mulsd": 6.744831772654204e-05, "divsd": 6.744831772654204e-05, "addsd": 8.993109030205605e-05, "rol": 2.2482772575514013e-05, "cmova": 0.0001798621806041121, "cmovns": 1.1241386287757006e-05, "movq": 0.00011241386287757006, "movhps": 7.868970401429904e-05, "setle": 1.1241386287757006e-05, "setg": 1.1241386287757006e-05, "movd": 5.620693143878503e-05, "punpckldq": 3.372415886327102e-05, "punpcklqdq": 3.372415886327102e-05, "paddd": 3.372415886327102e-05, "psrldq": 3.372415886327102e-05, "setnb": 0.00013489663545308408, "pcmpeqd": 1.1241386287757006e-05, "pandn": 1.1241386287757006e-05, "punpckhdq": 1.1241386287757006e-05, "paddq": 3.372415886327102e-05, "cdq": 2.2482772575514013e-05, "ud2": 1.1241386287757006e-05, "bswap": 8.993109030205605e-05, "btc": 1.1241386287757006e-05, "cmovl": 1.1241386287757006e-05, "cmovle": 1.1241386287757006e-05}