{"mov": 0.3705444488169337, "ud2": 7.759628868036426e-05, "call": 0.0584022924160713, "nop": 0.0423343180671873, "xchg": 0.0034253218860332223, "push": 0.024830812377716564, "xor": 0.02774067320323022, "sub": 0.01638944468770265, "lea": 0.03348834115762578, "cmp": 0.0575376480564901, "jz": 0.060453051474052354, "ja": 0.005154610605195626, "jmp": 0.0390863591267092, "jnz": 0.034430581805887345, "movzx": 0.018872525925474306, "test": 0.058025396156766676, "movsxd": 0.002532964566209033, "jle": 0.0011362313699624766, "shl": 0.00497170506759191, "jnl": 0.000471120324130783, "add": 0.03443612439793594, "cdqe": 0.00037689625930462643, "repz ": 0.0020341312818352632, "seta": 0.0017791720475997805, "sbb": 0.0023722293967997072, "js": 0.0007704202947550451, "and": 0.011916572904484512, "or": 0.00544836798377129, "pop": 0.03601576313178621, "ret": 0.013379817205314237, "hlt": 5.542592048597447e-06, "sar": 0.0006373980855887064, "cqo": 4.434073638877958e-05, "idiv": 6.0968512534571916e-05, "dec": 5.542592048597447e-06, "jnb": 0.0023833145808969023, "inc": 5.542592048597447e-06, "jg": 0.0006152277173943167, "jbe": 0.0053596865109937315, "cmovg": 2.7712960242987235e-05, "movaps": 0.0008978999118727864, "cmovl": 2.7712960242987235e-05, "not": 0.0010586350812821124, "jl": 0.0001053092489233515, "jb": 0.0025440497503062282, "shr": 0.0037246218566574845, "cmovnz": 0.0008757295436783967, "movsx": 0.0008092184390952273, "setz": 0.0013911906041979593, "cmovae": 0.00023278886604109278, "cmovns": 5.542592048597447e-05, "setbe": 0.0001053092489233515, "cmova": 0.00021616108989530044, "fld": 5.542592048597447e-06, "fstp": 5.542592048597447e-06, "movsd": 1.6627776145792342e-05, "cmovs": 4.434073638877958e-05, "setnz": 0.0012415406188858282, "cmovz": 0.0015463831815586877, "movdqu": 0.0012747961711774129, "movups": 0.0012914239473232052, "jns": 0.00014410739326353362, "div": 0.0006041425332971217, "mul": 0.0002660444183326775, "jo": 2.217036819438979e-05, "imul": 0.001474329484926921, "bswap": 5.542592048597447e-05, "rol": 4.434073638877958e-05, "setb": 3.3255552291584684e-05, "cmovb": 0.0002826721944784698, "bt": 0.00016073516940932596, "neg": 0.00052100365256816, "cmovbe": 0.00026050182628408, "setl": 1.1085184097194894e-05, "pxor": 0.00018844812965231321, "setg": 4.434073638877958e-05, "movdqa": 0.00024387405013828766, "bts": 3.3255552291584684e-05, "adc": 3.879814434018213e-05, "pcmpeqd": 5.542592048597447e-06, "cwde": 1.6627776145792342e-05, "cdq": 1.6627776145792342e-05, "setle": 5.542592048597447e-06, "setnl": 5.542592048597447e-06, "setnb": 5.542592048597447e-06, "bsf": 5.542592048597447e-06, "repnz ": 0.0003990666274990162, "cmovge": 1.6627776145792342e-05, "cmovle": 2.217036819438979e-05, "leave": 5.542592048597447e-06, "cvtsi2sd": 1.1085184097194894e-05, "divsd": 5.542592048597447e-06}