{"xor": 0.0011964640421898776, "mov": 0.42111468630571397, "pop": 0.023865391987175764, "and": 0.010547469420469989, "push": 0.026490643186543844, "call": 0.06644441088666117, "hlt": 5.8080778747081444e-06, "cmp": 0.06536991647984017, "jz": 0.06458582596675456, "test": 0.05408482116928224, "jmp": 0.05039088364096786, "ret": 0.013010094439346243, "sub": 0.01755201133736801, "sar": 0.0007376258900879343, "cqo": 5.808077874708144e-05, "idiv": 8.131309024591401e-05, "jnz": 0.03201412524539129, "dec": 5.8080778747081444e-06, "jnb": 0.002735604678987536, "inc": 5.8080778747081444e-06, "jb": 0.0019863626331501853, "jbe": 0.0055931789933439426, "sbb": 0.0022767665268855924, "or": 0.005709340550838105, "movsxd": 0.002421968473753296, "add": 0.03404114442366443, "movzx": 0.021489888136420134, "ja": 0.005302775099608536, "cdqe": 0.0005459593202225655, "lea": 0.03454063912088933, "movsx": 0.001010605550199217, "setnz": 0.001370706378431122, "js": 0.0008654036033315135, "shr": 0.0038100990858085425, "repz ": 0.0021199484242684728, "seta": 0.0018585849199066061, "neg": 0.0006098481768443551, "repnz ": 0.0019108576207789794, "not": 0.002259342293261468, "jns": 0.00012777771324357917, "cmovz": 0.0012603528988116672, "shl": 0.005749997095961063, "jle": 0.0014055548456793708, "jg": 0.0006214643325937714, "imul": 0.0015739891040459071, "setz": 0.0016378779606676967, "adc": 5.22727008723733e-05, "jl": 0.0001452019468677036, "movaps": 0.00024393927073774205, "cmovl": 2.904038937354072e-05, "cmovnz": 0.001004797472324509, "jnl": 0.00012777771324357917, "movdqu": 0.001568181026171199, "movups": 0.001568181026171199, "cmovbe": 0.0003426765946077805, "cmovae": 0.00024393927073774205, "cmovns": 8.131309024591401e-05, "setbe": 8.712116812062215e-05, "cmova": 0.00027297966011128276, "cmovs": 2.904038937354072e-05, "movsd": 1.742423362412443e-05, "fld": 5.8080778747081444e-06, "fstp": 5.8080778747081444e-06, "setg": 5.22727008723733e-05, "div": 0.0007492420458373506, "mul": 0.0002497473486124502, "jo": 2.3232311498832578e-05, "btc": 1.1616155749416289e-05, "cmovb": 0.0002787877379859909, "bt": 0.00012196963536887102, "setb": 2.904038937354072e-05, "setl": 1.1616155749416289e-05, "cmovg": 2.904038937354072e-05, "bts": 2.904038937354072e-05, "setnb": 2.904038937354072e-05, "cwde": 1.742423362412443e-05, "cdq": 2.904038937354072e-05, "setle": 5.8080778747081444e-06, "setnl": 5.8080778747081444e-06, "bsf": 5.8080778747081444e-06, "cmovge": 1.1616155749416289e-05, "cmovle": 3.484846724824886e-05, "pxor": 1.742423362412443e-05, "cvtsi2sd": 1.1616155749416289e-05, "divsd": 5.8080778747081444e-06, "nop": 1.742423362412443e-05}