{"xor": 0.0006912349205999037, "mov": 0.5809755972012339, "pop": 0.003956216885986683, "and": 0.015277027101556382, "push": 0.01125462814870375, "call": 0.047467249068855084, "hlt": 3.676781492552679e-06, "cmp": 0.05004099611364196, "jz": 0.0345838067189505, "test": 0.02733687039712917, "jmp": 0.04115053846464958, "ret": 0.007938171242421235, "sub": 0.014442397702746924, "sar": 0.0005184261904499277, "cqo": 6.618206686594823e-05, "idiv": 4.412137791063215e-05, "jnz": 0.030395952598932997, "dec": 3.676781492552679e-06, "jnb": 0.0013162877743338592, "inc": 3.676781492552679e-06, "nop": 0.007769039293763811, "lea": 0.017461035308132672, "movzx": 0.030649650521919133, "add": 0.03604348897149391, "jg": 0.000676527794629693, "setz": 0.0004963655014946117, "jbe": 0.0022170992400092657, "cdqe": 0.00297819300896767, "leave": 0.005441636608977965, "jle": 0.0010111149104519868, "shl": 0.007938171242421235, "jb": 0.0026141916412049547, "ja": 0.002404615096129452, "jns": 0.0003492942417925045, "or": 0.0037135493074782057, "jl": 0.00028678895641910896, "movsxd": 0.002121502921202896, "not": 0.0004522441235839795, "shr": 0.003062758983296382, "movsx": 0.0009559631880636966, "js": 0.0002647282674637929, "neg": 0.0005257797534350331, "cwde": 6.618206686594823e-05, "cmovs": 4.779815940318483e-05, "jnl": 0.00013604091522444913, "movaps": 0.0003529710232850572, "movsd": 1.8383907462763394e-05, "fld": 7.353562985105358e-06, "fstp": 7.353562985105358e-06, "setbe": 7.353562985105358e-06, "cmovge": 3.676781492552679e-06, "div": 0.000492688720002059, "mul": 0.00015074804119465985, "jno": 1.4707125970210717e-05, "imul": 0.0009339024991083805, "cmovae": 0.00011765700776168573, "repnz ": 0.00022428367104571342, "repz ": 2.5737470447868752e-05, "seta": 1.8383907462763394e-05, "setb": 7.353562985105358e-06, "setnz": 0.00030884964537442505, "setg": 2.2060688955316075e-05, "cdq": 1.8383907462763394e-05, "setle": 3.676781492552679e-06, "setnl": 3.676781492552679e-06, "setnb": 1.1030344477658037e-05, "setl": 3.676781492552679e-06, "cmovbe": 4.044459641807947e-05, "cmova": 1.4707125970210717e-05, "cmovle": 1.1030344477658037e-05, "pxor": 3.676781492552679e-06, "cvtsi2sd": 1.4707125970210717e-05, "addsd": 7.353562985105358e-06, "divsd": 3.676781492552679e-06}