{"call": 0.060387991536253745, "mov": 0.37112689334422727, "ud2": 7.332453438920662e-05, "nop": 0.04221921940795676, "push": 0.024657993421741773, "xor": 0.02775333626631471, "sub": 0.016000460897073302, "lea": 0.032870341273332916, "cmp": 0.05652274108059414, "jz": 0.05949238472335701, "ja": 0.005305553809733308, "jmp": 0.03895104016089498, "test": 0.058256342572224666, "or": 0.005462677811995894, "movzx": 0.01817400959503907, "jg": 0.0006232585423082564, "jnz": 0.034546330630800495, "cmovle": 3.1424800452517124e-05, "cmovs": 4.7137200678775687e-05, "and": 0.011716213102046801, "jnl": 0.00044518467307732597, "movsxd": 0.002534933903169715, "jle": 0.0011103429493222719, "add": 0.03426874489346993, "jl": 0.00010998680158380995, "not": 0.001031780948190979, "pop": 0.03558334904573356, "ret": 0.013292690591414745, "hlt": 5.237466742086187e-06, "sar": 0.0006546833427607735, "cqo": 4.7137200678775687e-05, "idiv": 6.284960090503425e-05, "dec": 5.237466742086187e-06, "jnb": 0.0023935223011333877, "inc": 5.237466742086187e-06, "jb": 0.002587308570590577, "xchg": 0.003425303249324367, "seta": 0.001728364024888442, "cmovz": 0.001618377223304632, "setz": 0.001424590953847443, "setnz": 0.0012360421511323403, "jbe": 0.005326503676701653, "shr": 0.0037500261873337102, "sbb": 0.002314960300002095, "shl": 0.004907506337334758, "movsd": 0.0006651582762449459, "pxor": 0.0005708838748873944, "cvtsi2sd": 0.0002985356042989127, "mulsd": 0.00010998680158380995, "divsd": 0.00023044853665179227, "js": 0.0008118073450233591, "addsd": 0.00020426120294136132, "repz ": 0.0019902373619927515, "subsd": 4.18997339366895e-05, "comisd": 0.00014664906877841325, "movups": 0.001256992018100685, "imul": 0.0015764774893679426, "jns": 0.00018854880271510275, "ucomisd": 4.18997339366895e-05, "jp": 2.094986696834475e-05, "jnp": 2.094986696834475e-05, "movapd": 6.808706764712044e-05, "setb": 3.666226719460331e-05, "setl": 1.5712400226258562e-05, "cvttsd2si": 5.237466742086188e-05, "cmovnz": 0.0008694194791863071, "mul": 0.0002618733371043094, "movsx": 0.0008065698782812729, "movdqa": 0.0002461609368780508, "cdqe": 0.0003718601386881193, "cmovbe": 0.0002566358703622232, "cmovae": 0.00023044853665179227, "maxsd": 5.237466742086187e-06, "cmova": 0.00020949866968344752, "andpd": 5.237466742086187e-06, "div": 0.0005761213416294806, "cmovns": 5.237466742086188e-05, "setbe": 9.951186809963756e-05, "movaps": 0.0007227704104078939, "fld": 5.237466742086187e-06, "fstp": 5.237466742086187e-06, "movdqu": 0.0012046173506798231, "jo": 2.094986696834475e-05, "bswap": 5.237466742086188e-05, "rol": 4.18997339366895e-05, "cmovb": 0.00026711080384639557, "bt": 0.00015188653552049945, "neg": 0.0004923218737561016, "setg": 4.18997339366895e-05, "cmovg": 2.094986696834475e-05, "bts": 3.1424800452517124e-05, "adc": 3.666226719460331e-05, "pcmpeqd": 5.237466742086187e-06, "cwde": 1.5712400226258562e-05, "cdq": 1.5712400226258562e-05, "setle": 5.237466742086187e-06, "setnl": 5.237466742086187e-06, "setnb": 5.237466742086187e-06, "bsf": 5.237466742086187e-06, "repnz ": 0.0003770976054302055, "cmovge": 1.5712400226258562e-05, "cmovl": 2.094986696834475e-05, "leave": 5.237466742086187e-06}