{"xor": 0.0012013266825102505, "mov": 0.454245122874827, "pop": 0.010132929408999503, "and": 0.004962001514716252, "push": 0.012222193204669505, "call": 0.08798412159515291, "hlt": 1.3057898722937505e-05, "cmp": 0.07288919067143715, "jz": 0.04725653547831083, "test": 0.026024392154814446, "jmp": 0.06908934214306234, "ret": 0.042999660494633204, "sub": 0.01418087801311013, "sar": 0.0003395053667963751, "cqo": 2.611579744587501e-05, "idiv": 5.223159489175002e-05, "jnz": 0.020579248387349508, "dec": 1.3057898722937505e-05, "jnb": 0.0051317541981144394, "inc": 1.3057898722937505e-05, "ja": 0.010289624193674754, "jbe": 0.011843514141704316, "cmovbe": 0.0007704160246533128, "cmovnz": 0.0027552166305398135, "jb": 0.003969601211773002, "movzx": 0.013110130317829255, "shr": 0.003381995769240814, "cmovz": 0.001005458201666188, "sbb": 0.001475542555691938, "or": 0.002794390326708626, "add": 0.025397613016113447, "setz": 0.002481000757358126, "setbe": 5.223159489175002e-05, "lea": 0.02625943433182732, "movsx": 0.0005614896450863127, "shl": 0.005144812096837377, "movsxd": 0.0005745475438092502, "imul": 0.001266616176124938, "div": 0.00040479486041106264, "bt": 3.917369616881252e-05, "jns": 0.00016975268339818755, "repz ": 0.0024418270611893133, "setnz": 0.0002611579744587501, "neg": 0.0003656211642422501, "not": 0.004165469692617064, "mul": 0.0003525632655193126, "js": 0.0008095897208221253, "seta": 0.001266616176124938, "jle": 0.0004962001514716252, "repnz ": 0.0037867906296518766, "movdqu": 0.0003395053667963751, "movups": 0.0003395053667963751, "cdqe": 0.00013057898722937505, "jg": 0.0003656211642422501, "cmovae": 7.834739233762504e-05, "cmovb": 6.528949361468753e-05, "adc": 9.140529106056253e-05, "pxor": 0.0002611579744587501, "cvtsi2sd": 0.0002611579744587501, "addsd": 0.00013057898722937505, "mulsd": 7.834739233762504e-05, "divsd": 7.834739233762504e-05, "movsd": 5.223159489175002e-05, "jnl": 3.917369616881252e-05, "setb": 5.223159489175002e-05, "jl": 2.611579744587501e-05, "cmova": 0.00015669478467525007, "movdqa": 5.223159489175002e-05, "movaps": 0.0002611579744587501, "cdq": 2.611579744587501e-05, "cmovns": 1.3057898722937505e-05, "btc": 1.3057898722937505e-05, "cmovl": 1.3057898722937505e-05, "nop": 2.611579744587501e-05}