{"mov": 0.3706143395891073, "ud2": 7.775747443723027e-05, "call": 0.0583292140385566, "nop": 0.042327836620438, "xchg": 0.0034268829805550773, "push": 0.024821296661427295, "sub": 0.016412381211572534, "lea": 0.03346903863991069, "xor": 0.02760390342521675, "cmp": 0.05759051803140291, "jz": 0.060484206901531265, "ja": 0.0051542097341249786, "jmp": 0.03905091448344043, "add": 0.03451321043949635, "pop": 0.036040589401656234, "ret": 0.013390947919154444, "or": 0.005437469105289174, "test": 0.05801818414080768, "and": 0.011919110010164012, "jl": 0.00011663621165584542, "jg": 0.0006220597954978422, "jnz": 0.034446561175693016, "movzx": 0.018872849866979177, "cdqe": 0.0003721250562353163, "hlt": 5.5541053169450195e-06, "sar": 0.0006276139008147873, "cqo": 4.4432842535560156e-05, "idiv": 6.109515848639521e-05, "dec": 5.5541053169450195e-06, "jnb": 0.0023827111809694135, "inc": 5.5541053169450195e-06, "setz": 0.00140518864518709, "movsxd": 0.002527117919209984, "shl": 0.004943153732081068, "cmovg": 2.77705265847251e-05, "movaps": 0.0008997650613450932, "cmovl": 2.77705265847251e-05, "jnl": 0.00046099074130643664, "js": 0.0007664665337384128, "not": 0.0010608341155364989, "repz ": 0.002032802546001877, "seta": 0.0017773137014224065, "sbb": 0.0023716029703355233, "jb": 0.002549334340477764, "shr": 0.0037323587729870536, "cmovnz": 0.0008775486400773131, "movsx": 0.0008108993762739729, "jbe": 0.005365265736168889, "cmovae": 0.00023327242331169085, "cmovns": 5.55410531694502e-05, "setbe": 0.00010552800102195538, "cmova": 0.00021661010736085578, "fld": 5.5541053169450195e-06, "fstp": 5.5541053169450195e-06, "movsd": 1.666231595083506e-05, "cmovs": 4.4432842535560156e-05, "setnz": 0.0012441195909956844, "cmovz": 0.0015495953834276605, "movdqu": 0.0012774442228973546, "movups": 0.0012941065388481895, "jle": 0.001110821063389004, "jns": 0.0001444067382405705, "div": 0.0006053974795470072, "mul": 0.00026659705521336094, "jo": 2.2216421267780078e-05, "imul": 0.0014773920143073753, "bswap": 5.55410531694502e-05, "rol": 4.4432842535560156e-05, "setb": 3.332463190167012e-05, "cmovb": 0.000283259371164196, "bt": 0.00016106905419140558, "neg": 0.0005220858997928319, "cmovbe": 0.00026104294989641593, "setl": 1.1108210633890039e-05, "pxor": 0.00018883958077613066, "setg": 4.4432842535560156e-05, "movdqa": 0.00024438063394558086, "bts": 3.332463190167012e-05, "adc": 3.887873721861514e-05, "pcmpeqd": 5.5541053169450195e-06, "cwde": 1.666231595083506e-05, "cdq": 1.666231595083506e-05, "setle": 5.5541053169450195e-06, "setnl": 5.5541053169450195e-06, "setnb": 5.5541053169450195e-06, "bsf": 5.5541053169450195e-06, "repnz ": 0.0003998955828200414, "cmovge": 1.666231595083506e-05, "cmovle": 2.2216421267780078e-05, "leave": 5.5541053169450195e-06, "cvtsi2sd": 1.1108210633890039e-05, "divsd": 5.5541053169450195e-06}