{"call": 0.10166773572803078, "nop": 0.05388069275176395, "push": 0.03720333547145606, "sub": 0.013149454778704297, "mov": 0.3534316869788326, "xor": 0.05163566388710712, "lea": 0.021167415009621552, "cmp": 0.04137267479153303, "jz": 0.04810776138550353, "ja": 0.004810776138550353, "jmp": 0.03880692751763951, "test": 0.04361770365618987, "jns": 0.0012828736369467607, "add": 0.023412443874278384, "pop": 0.04682488774855677, "ret": 0.02245028864656831, "js": 0.001924310455420141, "jle": 0.0006414368184733803, "seta": 0.001603592046183451, "movzx": 0.01924310455420141, "setnz": 0.001924310455420141, "movsxd": 0.003207184092366902, "and": 0.0022450288646568314, "jnl": 0.0006414368184733803, "jnz": 0.02245028864656831, "or": 0.007055805003207184, "jl": 0.0006414368184733803, "xchg": 0.004169339320076972, "hlt": 0.00032071840923669016, "sar": 0.0009621552277100705, "cqo": 0.00032071840923669016, "idiv": 0.00032071840923669016, "dec": 0.00032071840923669016, "jnb": 0.0012828736369467607, "inc": 0.00032071840923669016, "shl": 0.007055805003207184, "movdqa": 0.0006414368184733803, "movaps": 0.005772931366260423, "setz": 0.0006414368184733803, "jbe": 0.0006414368184733803, "cmovnz": 0.00032071840923669016, "bswap": 0.001924310455420141, "rol": 0.00032071840923669016, "imul": 0.0009621552277100705, "shr": 0.003527902501603592, "btc": 0.00032071840923669016, "repz ": 0.0009621552277100705, "sbb": 0.0009621552277100705, "movdqu": 0.00032071840923669016, "movups": 0.00032071840923669016, "cmovz": 0.001603592046183451, "cmova": 0.00032071840923669016, "jg": 0.00032071840923669016, "movsx": 0.00032071840923669016, "bt": 0.00032071840923669016}