{"mov": 0.3711167086481948, "ud2": 7.720740805080248e-05, "and": 0.012420741770172848, "call": 0.05451325554686972, "nop": 0.039115203103737804, "push": 0.021777314533329473, "sub": 0.01719795014331625, "lea": 0.036702471602150226, "xor": 0.025729368732929924, "cmp": 0.060236254668635456, "jz": 0.060236254668635456, "ja": 0.00546724958259745, "jmp": 0.03924549060482353, "add": 0.036176496134804136, "pop": 0.03184323035795285, "ret": 0.011170946852350483, "or": 0.005042608838318037, "test": 0.05686325602941602, "jl": 0.00039568796626036266, "jg": 0.0012642713068318906, "jnz": 0.03446345676867695, "movzx": 0.020064275167202293, "cdqe": 0.0005452773193587925, "hlt": 4.825463003175155e-06, "sar": 0.0006369611164191205, "cqo": 3.860370402540124e-05, "idiv": 5.30800930349267e-05, "dec": 4.825463003175155e-06, "jnb": 0.002581622706698708, "inc": 4.825463003175155e-06, "setz": 0.0012353185288128397, "movsxd": 0.0037011301234353435, "shl": 0.005129467172375189, "cmovg": 2.8952778019050928e-05, "movaps": 0.001433162511943021, "xchg": 0.0031558528040765512, "cmovl": 5.7905556038101856e-05, "jle": 0.001278747695841416, "js": 0.0009650926006350309, "not": 0.001153285657758862, "repz ": 0.002060472702355791, "seta": 0.0018047231631875078, "sbb": 0.002460986131619329, "jb": 0.002591273632705058, "shr": 0.004357393091867164, "cmovnz": 0.0008058523215302508, "movsx": 0.0013221768628699925, "jbe": 0.005525155138635552, "cmovae": 0.00019784398313018133, "cmovns": 4.8254630031751544e-05, "cmova": 0.0002026694461333565, "movsd": 1.4476389009525464e-05, "fld": 4.825463003175155e-06, "fstp": 4.825463003175155e-06, "cmovs": 5.30800930349267e-05, "setnz": 0.0011967148247874384, "cmovz": 0.0016068791800573265, "setbe": 9.650926006350309e-05, "movdqu": 0.0012594458438287153, "movups": 0.00249958983564473, "jnl": 0.00045359352229846453, "jns": 0.00021714583514288196, "div": 0.0005404518563556173, "mul": 0.00043911713328893907, "jo": 2.4127315015875772e-05, "imul": 0.0013318277888763428, "bswap": 4.8254630031751544e-05, "rol": 3.860370402540124e-05, "setb": 3.3778241022226084e-05, "pxor": 0.0008348050995493017, "bt": 0.00016406574210795527, "movq": 0.0008878851925842284, "movhps": 0.0005645791713714931, "cmovb": 0.0002991787061968596, "neg": 0.0004970226893270409, "cmovbe": 0.0003329569472190857, "movdqa": 0.0005887064863873689, "paddq": 9.168379706032793e-05, "punpcklqdq": 0.00027022592817780867, "setl": 9.65092600635031e-06, "setnb": 0.00011098564907302856, "setg": 3.3778241022226084e-05, "pcmpeqd": 2.4127315015875772e-05, "bts": 2.8952778019050928e-05, "repnz ": 0.0003570842622349614, "adc": 2.8952778019050928e-05, "psubq": 4.825463003175155e-06, "cwde": 1.4476389009525464e-05, "movd": 8.203287105397763e-05, "psrlq": 4.825463003175155e-06, "pmuludq": 9.65092600635031e-06, "psllq": 4.825463003175155e-06, "psrldq": 1.4476389009525464e-05, "cdq": 1.4476389009525464e-05, "setle": 4.825463003175155e-06, "setnl": 4.825463003175155e-06, "bsf": 4.825463003175155e-06, "cmovge": 0.0001061601860698534, "shufpd": 4.825463003175155e-06, "punpcklwd": 1.4476389009525464e-05, "pshufd": 3.3778241022226084e-05, "cmovle": 3.860370402540124e-05, "movsb": 9.65092600635031e-06, "paddd": 2.8952778019050928e-05, "pand": 4.825463003175155e-06, "pandn": 1.4476389009525464e-05, "por": 4.825463003175155e-06, "punpckhdq": 9.65092600635031e-06, "leave": 1.930185201270062e-05, "cvtsi2sd": 9.65092600635031e-06, "divsd": 4.825463003175155e-06, "pcmpeqb": 4.825463003175155e-06, "pcmpgtb": 4.825463003175155e-06, "punpcklbw": 4.825463003175155e-06, "punpckhbw": 4.825463003175155e-06, "pcmpgtw": 9.65092600635031e-06, "punpckhwd": 9.65092600635031e-06}