{"call": 0.05634246575342466, "mov": 0.3711506849315068, "ud2": 7.305936073059361e-05, "and": 0.012205479452054795, "nop": 0.0392054794520548, "push": 0.021684931506849314, "xor": 0.025831050228310504, "sub": 0.0167351598173516, "lea": 0.035981735159817355, "cmp": 0.05932876712328767, "jz": 0.05937442922374429, "ja": 0.005570776255707763, "jmp": 0.039287671232876714, "test": 0.05699086757990868, "or": 0.005073059360730593, "movzx": 0.019360730593607305, "jg": 0.0012283105022831051, "jnz": 0.034538812785388125, "cmovle": 4.5662100456621006e-05, "cmovs": 5.479452054794521e-05, "jnl": 0.00043835616438356166, "movsxd": 0.00363013698630137, "jle": 0.0012511415525114156, "add": 0.03591324200913242, "jl": 0.0003835616438356164, "not": 0.0011187214611872145, "pop": 0.031616438356164386, "ret": 0.011127853881278538, "hlt": 4.566210045662101e-06, "sar": 0.0006621004566210046, "cqo": 4.1095890410958905e-05, "idiv": 5.479452054794521e-05, "dec": 4.566210045662101e-06, "jnb": 0.0026027397260273972, "inc": 4.566210045662101e-06, "jb": 0.002730593607305936, "xchg": 0.0031232876712328768, "seta": 0.0017534246575342466, "cmovz": 0.0016529680365296804, "setz": 0.0012785388127853881, "setnz": 0.001182648401826484, "jbe": 0.005525114155251141, "shr": 0.004360730593607306, "sbb": 0.0023926940639269405, "shl": 0.005091324200913242, "movsd": 0.0006118721461187215, "pxor": 0.0011506849315068492, "cvtsi2sd": 0.0002602739726027397, "mulsd": 0.000136986301369863, "divsd": 0.00020091324200913243, "js": 0.0009908675799086759, "addsd": 0.00018264840182648402, "repz ": 0.0020182648401826484, "subsd": 3.6529680365296805e-05, "comisd": 0.00022374429223744294, "movups": 0.0024840182648401825, "movq": 0.0008904109589041096, "movhps": 0.000547945205479452, "imul": 0.0016073059360730594, "movdqa": 0.0006849315068493151, "punpcklqdq": 0.00029223744292237444, "punpckldq": 1.8264840182648402e-05, "pmuludq": 4.5662100456621006e-05, "paddq": 0.000136986301369863, "punpckhdq": 2.7397260273972603e-05, "paddd": 4.5662100456621006e-05, "jns": 0.0002465753424657534, "ucomisd": 3.6529680365296805e-05, "jp": 1.3698630136986302e-05, "jnp": 2.2831050228310503e-05, "movapd": 6.84931506849315e-05, "setb": 3.6529680365296805e-05, "setl": 1.3698630136986302e-05, "cvttsd2si": 4.5662100456621006e-05, "cmovnz": 0.0007762557077625571, "mul": 0.00042465753424657536, "cmovbe": 0.00032876712328767124, "movsx": 0.0012876712328767123, "setnb": 0.00011415525114155251, "psllq": 1.3698630136986302e-05, "cdqe": 0.0005388127853881279, "movaps": 0.0012557077625570776, "cmovae": 0.00019634703196347032, "maxsd": 4.566210045662101e-06, "cmova": 0.00019634703196347032, "andpd": 4.566210045662101e-06, "div": 0.0005159817351598173, "cmovb": 0.0002876712328767123, "cmovns": 4.5662100456621006e-05, "fld": 4.566210045662101e-06, "fstp": 4.566210045662101e-06, "setbe": 9.132420091324201e-05, "movdqu": 0.0011917808219178083, "jo": 2.2831050228310503e-05, "bswap": 4.5662100456621006e-05, "rol": 3.6529680365296805e-05, "bt": 0.0001552511415525114, "neg": 0.0004703196347031963, "setg": 3.1963470319634704e-05, "pcmpeqd": 2.2831050228310503e-05, "cmovg": 2.2831050228310503e-05, "bts": 2.7397260273972603e-05, "repnz ": 0.00033789954337899546, "adc": 2.7397260273972603e-05, "psubq": 4.566210045662101e-06, "cwde": 1.3698630136986302e-05, "movd": 7.76255707762557e-05, "psrlq": 4.566210045662101e-06, "psrldq": 1.3698630136986302e-05, "cdq": 1.3698630136986302e-05, "setle": 4.566210045662101e-06, "setnl": 4.566210045662101e-06, "bsf": 4.566210045662101e-06, "cmovge": 0.00010045662100456621, "shufpd": 4.566210045662101e-06, "punpcklwd": 1.3698630136986302e-05, "pshufd": 3.1963470319634704e-05, "cmovl": 5.0228310502283106e-05, "movsb": 9.132420091324201e-06, "pand": 4.566210045662101e-06, "pandn": 1.3698630136986302e-05, "por": 4.566210045662101e-06, "leave": 1.8264840182648402e-05, "pcmpeqb": 4.566210045662101e-06, "pcmpgtb": 4.566210045662101e-06, "punpcklbw": 4.566210045662101e-06, "punpckhbw": 4.566210045662101e-06, "pcmpgtw": 9.132420091324201e-06, "punpckhwd": 9.132420091324201e-06}