{"call": 0.10121916643039411, "nop": 0.04734902183158492, "push": 0.029203288914091297, "xor": 0.04763254890842075, "sub": 0.011341083073433513, "mov": 0.3657499291182308, "lea": 0.021548057839523675, "cmp": 0.04252906152537567, "jz": 0.05982421321236178, "ja": 0.003685851998865892, "jmp": 0.05046781967677913, "test": 0.051601927984122484, "add": 0.01956336830167281, "pop": 0.03260561383612135, "ret": 0.018712787071165297, "jnz": 0.020413949532180325, "js": 0.001984689537850865, "jle": 0.0005670541536716756, "seta": 0.001417635384179189, "movzx": 0.01927984122483697, "setnz": 0.001701162461015027, "movsxd": 0.0031187978451942162, "and": 0.0025517436915225406, "jnl": 0.0005670541536716756, "or": 0.0062375956903884325, "jl": 0.0005670541536716756, "shl": 0.00652112276722427, "jns": 0.0005670541536716756, "hlt": 0.0002835270768358378, "sar": 0.0008505812305075135, "cqo": 0.0002835270768358378, "idiv": 0.0002835270768358378, "dec": 0.0002835270768358378, "jnb": 0.0011341083073433513, "inc": 0.0002835270768358378, "cmovz": 0.0022682166146867026, "movdqa": 0.0005670541536716756, "movaps": 0.005670541536716756, "setz": 0.0005670541536716756, "jbe": 0.0011341083073433513, "pxor": 0.0005670541536716756, "movups": 0.001701162461015027, "cmovnz": 0.0002835270768358378, "bswap": 0.0022682166146867026, "rol": 0.0002835270768358378, "xchg": 0.0042529061525375675, "shr": 0.0031187978451942162, "btc": 0.0002835270768358378, "movq": 0.0002835270768358378, "movhps": 0.0002835270768358378, "repz ": 0.0008505812305075135, "sbb": 0.0008505812305075135, "jb": 0.0011341083073433513, "movdqu": 0.0002835270768358378, "cmova": 0.0002835270768358378, "jg": 0.0002835270768358378, "movsx": 0.0002835270768358378, "bt": 0.0002835270768358378, "imul": 0.0002835270768358378}