{"xor": 0.0013581703363702154, "mov": 0.5214680136015307, "pop": 0.004758553003340901, "and": 0.007692994022067789, "push": 0.008714100187368025, "call": 0.07268689712603225, "hlt": 9.913652090293543e-06, "cmp": 0.06598526831299383, "jz": 0.04025934113868208, "test": 0.016882949509769905, "jmp": 0.09329737982175254, "ret": 0.005125358130681762, "sub": 0.014305399966293583, "sar": 0.0002676686064379257, "cqo": 1.9827304180587086e-05, "idiv": 3.965460836117417e-05, "jnz": 0.014245918053751822, "dec": 9.913652090293543e-06, "jnb": 0.0033805553627900982, "inc": 9.913652090293543e-06, "ja": 0.009913652090293544, "shl": 0.009804601917300313, "add": 0.03987270870716063, "jb": 0.0038464970110338947, "lea": 0.013224811888451586, "cdqe": 0.0009219696443972995, "leave": 0.002299967284948102, "imul": 0.001021106165300235, "jbe": 0.006404219250329629, "div": 0.0003965460836117417, "jns": 0.00031723686688939337, "neg": 0.00041637338779232884, "movzx": 0.018984643752912134, "movsx": 0.000565078169146732, "nop": 0.005472335953842036, "jnl": 0.00016853208553499024, "movsxd": 0.0002974095627088063, "mul": 0.0002974095627088063, "shr": 0.0030137502354492373, "or": 0.001348256684279922, "jg": 0.0015960979865372604, "repnz ": 0.0025478085872054405, "not": 0.0028154771936433664, "js": 0.0004064597357020353, "setnz": 0.00010905017299322898, "jl": 0.00021810034598645795, "setz": 0.0015663570302663799, "jle": 0.0002974095627088063, "cvtsi2sd": 0.00023792765016704504, "addsd": 0.00011896382508352252, "movsd": 5.948191254176126e-05, "mulsd": 5.948191254176126e-05, "divsd": 5.948191254176126e-05, "movapd": 7.930921672234834e-05, "cmovbe": 3.965460836117417e-05, "cdq": 1.9827304180587086e-05, "seta": 5.948191254176126e-05, "cwde": 9.913652090293543e-06, "cmovae": 9.913652090293543e-06, "cmovb": 9.913652090293543e-06, "cmovs": 1.9827304180587086e-05, "movaps": 0.0005551645170564384}