{"xor": 0.0012143896372084292, "mov": 0.42101774064861314, "pop": 0.02384779649880321, "and": 0.010642042521237152, "push": 0.026493640587600318, "call": 0.0659877035715962, "hlt": 5.866616604871639e-06, "cmp": 0.06530130942882621, "jz": 0.06447411648753931, "test": 0.054166471112779835, "jmp": 0.05032383723658891, "ret": 0.01292415638053222, "sub": 0.01758811658140517, "sar": 0.0007391936922138265, "cqo": 5.2799549443844745e-05, "idiv": 7.62660158633313e-05, "jnz": 0.03209039282864786, "dec": 5.866616604871639e-06, "jnb": 0.0027514431876847984, "inc": 5.866616604871639e-06, "jb": 0.0020063828788661003, "add": 0.03414957525695781, "lea": 0.03473623691744497, "ja": 0.005321021260618576, "cmovz": 0.0012789224198620172, "movsxd": 0.00243464589102173, "jle": 0.0014138546017740648, "or": 0.005743417656169334, "js": 0.0008565260243112592, "movzx": 0.021600882339137373, "shl": 0.0057844839724034355, "jbe": 0.0056026188576524145, "cmovnz": 0.0010207912892476652, "jg": 0.0006218613601163937, "movaps": 0.00024639789740460883, "repnz ": 0.0019183836297930257, "not": 0.002270380626085324, "cmovl": 2.9333083024358193e-05, "repz ": 0.002123715210963533, "seta": 0.0018597174637443093, "sbb": 0.002252780776270709, "jnl": 0.00012906556530717606, "shr": 0.003842633876190923, "cmovae": 0.00024639789740460883, "movsx": 0.0009679917398038204, "setz": 0.0016367860327591872, "cmovns": 8.213263246820294e-05, "setbe": 8.799924907307458e-05, "cmova": 0.000275730980428967, "cmovs": 2.9333083024358193e-05, "setnz": 0.0013493218191204769, "movsd": 1.7599849814614914e-05, "fld": 5.866616604871639e-06, "fstp": 5.866616604871639e-06, "cdqe": 0.0005397287276481908, "movdqu": 0.0015839864833153423, "movups": 0.0015839864833153423, "setg": 5.2799549443844745e-05, "jns": 0.00012319894870230441, "div": 0.0007567935420284414, "mul": 0.00025226451400948047, "jo": 2.3466466419486555e-05, "imul": 0.001572253250105599, "btc": 1.1733233209743278e-05, "cmovb": 0.0002815975970338386, "bt": 0.00012319894870230441, "neg": 0.0006042615103017787, "cmovbe": 0.0003461303796874267, "setl": 1.1733233209743278e-05, "cmovg": 2.9333083024358193e-05, "bts": 2.9333083024358193e-05, "adc": 4.693293283897311e-05, "jl": 0.0001407987985169193, "setnb": 2.9333083024358193e-05, "cwde": 1.7599849814614914e-05, "cdq": 2.9333083024358193e-05, "setle": 5.866616604871639e-06, "setnl": 5.866616604871639e-06, "setb": 2.9333083024358193e-05, "bsf": 5.866616604871639e-06, "cmovge": 1.1733233209743278e-05, "cmovle": 3.519969962922983e-05, "pxor": 1.7599849814614914e-05, "cvtsi2sd": 1.1733233209743278e-05, "divsd": 5.866616604871639e-06, "nop": 2.3466466419486555e-05}