{"mov": 0.360965350483179, "ud2": 6.296859126667619e-05, "call": 0.06351012115156959, "nop": 0.04364143165389104, "xchg": 0.0035346369231027564, "push": 0.023760148437959146, "sub": 0.016157740519029108, "xor": 0.031018328057964686, "test": 0.057675031694190936, "jz": 0.06057998270462693, "lea": 0.031916679960035936, "and": 0.011838095158135123, "add": 0.03235746009890267, "shr": 0.003883063128111698, "repz ": 0.0020485781692091984, "pxor": 0.00018890577380002854, "movups": 0.0012467781070801885, "movsxd": 0.002980513319956006, "shl": 0.0043238432669784315, "cmp": 0.05908133023248004, "ja": 0.004835987809280731, "jmp": 0.040438429311459446, "jnz": 0.0361229818566499, "movzx": 0.01933975333103848, "jle": 0.0012173927644890728, "or": 0.0060995575406987, "repnz ": 0.00030644714416449073, "not": 0.0010410807089423796, "sbb": 0.002350827407289244, "movsx": 0.0011964032340668475, "pop": 0.035094494865960855, "hlt": 4.197906084445079e-06, "ret": 0.013899267045597656, "sar": 0.000638081724835652, "cqo": 0.00010494765211112698, "idiv": 0.00011754137036446221, "dec": 4.197906084445079e-06, "jnb": 0.002283660909938123, "inc": 4.197906084445079e-06, "movdqa": 0.00032323876850227104, "movdqu": 0.0012089969523201827, "movaps": 0.0010536744271957147, "jb": 0.0022794630038536776, "jbe": 0.005003904052658534, "cmovle": 3.778115476000571e-05, "jg": 0.0008101958742979002, "cmovz": 0.0014146943504579916, "setz": 0.0015868084999202399, "cmovae": 0.00019310367988447361, "imul": 0.0012635697314179687, "neg": 0.0005289361666400799, "mul": 0.0002896555198267104, "cmovbe": 0.0002182911163911441, "cdqe": 0.000373613641515612, "seta": 0.0018428807710713895, "js": 0.0009823100237601485, "jnl": 0.00039040526585339233, "setnz": 0.0013517257591913153, "setle": 3.358324867556063e-05, "setg": 5.4572779097786026e-05, "jl": 0.000159520431208913, "jns": 0.00030644714416449073, "bsf": 1.6791624337780316e-05, "cmovnz": 0.0007724147195378945, "setnl": 2.0989530422225394e-05, "setl": 2.0989530422225394e-05, "div": 0.00048275919971118404, "cmovge": 2.0989530422225394e-05, "bt": 0.0001973015859689187, "adc": 3.778115476000571e-05, "cmova": 0.00018050996163113838, "cmovns": 5.4572779097786026e-05, "bsr": 4.197906084445079e-06, "cmovg": 2.0989530422225394e-05, "btc": 8.395812168890158e-06, "btr": 4.197906084445079e-06, "setbe": 9.235393385779173e-05, "fld": 4.197906084445079e-06, "fstp": 4.197906084445079e-06, "movsd": 1.2593718253335236e-05, "cmovs": 3.358324867556063e-05, "cmovl": 1.6791624337780316e-05, "jo": 1.6791624337780316e-05, "bswap": 4.197906084445079e-05, "rol": 3.358324867556063e-05, "setb": 3.358324867556063e-05, "cmovb": 0.00021409321030669903, "bts": 2.518743650667047e-05, "pcmpeqd": 4.197906084445079e-06, "cwde": 1.2593718253335236e-05, "cdq": 1.2593718253335236e-05, "setnb": 4.197906084445079e-06, "leave": 4.197906084445079e-06, "cvtsi2sd": 8.395812168890158e-06, "divsd": 4.197906084445079e-06}