{"xor": 0.0009732442462223313, "mov": 0.42676337047176954, "pop": 0.022549646035299145, "and": 0.008877680124236743, "push": 0.024978525154132267, "call": 0.07428392496710011, "hlt": 4.231496722705788e-06, "cmp": 0.06546548579698125, "jz": 0.06255421605175966, "test": 0.05191200179415461, "jmp": 0.051954316761381666, "ret": 0.013875077753752279, "sub": 0.01739145153032079, "sar": 0.0006051040313469277, "cqo": 4.231496722705788e-05, "idiv": 6.770394756329261e-05, "jnz": 0.02985744087541204, "dec": 4.231496722705788e-06, "jnb": 0.0030678351239616965, "inc": 4.231496722705788e-06, "ja": 0.006376865561117623, "jb": 0.002373869661437947, "sbb": 0.002179220812193481, "jle": 0.0013117639840387943, "lea": 0.034799829047532406, "jnl": 0.00017349136563093732, "shr": 0.003237094992869928, "add": 0.031541576571048946, "jbe": 0.006292235626663507, "div": 0.0006855024690783377, "js": 0.0008674568281546866, "cmovz": 0.0012440600364755018, "setz": 0.001658746715300669, "movzx": 0.01928293056537028, "repnz ": 0.0017476081464774906, "not": 0.002052275910512307, "cmovnz": 0.0013625419447112637, "jns": 0.00016925986890823153, "movsxd": 0.002513509053287238, "jg": 0.000617798521515045, "repz ": 0.0020099609432852493, "seta": 0.0017518396432001963, "neg": 0.0004950851165565772, "cmovae": 0.00020734333941258362, "cmovb": 0.00022850082302611256, "cmovbe": 0.00035544572470728623, "cmovl": 2.962047705894052e-05, "imul": 0.001459866369333497, "shl": 0.0053105283869957646, "setnz": 0.001455634872610791, "or": 0.005306296890273059, "movaps": 0.00029620477058940516, "cmovle": 4.231496722705788e-05, "setg": 5.500945739517525e-05, "jl": 0.00011848190823576208, "cmovs": 4.231496722705788e-05, "movsx": 0.0009140032921044503, "cdqe": 0.000600872534624222, "cmova": 0.0002158063328579952, "mul": 0.00019464884924446626, "movdqa": 1.6925986890823153e-05, "movups": 0.0012821435069798538, "movdqu": 0.0012821435069798538, "cdq": 3.8083470504352094e-05, "adc": 5.0777960672469456e-05, "setb": 5.500945739517525e-05, "cmovns": 6.347245084058682e-05, "movsd": 3.3851973781646307e-05, "movq": 4.231496722705788e-06, "bt": 0.0001100189147903505, "cmovg": 2.5388980336234728e-05, "btc": 1.6925986890823153e-05, "setbe": 6.347245084058682e-05, "fld": 4.231496722705788e-06, "fstp": 4.231496722705788e-06, "jo": 1.6925986890823153e-05, "setl": 8.462993445411577e-06, "bts": 2.115748361352894e-05, "setnb": 2.115748361352894e-05, "cwde": 1.2694490168117364e-05, "setle": 4.231496722705788e-06, "setnl": 4.231496722705788e-06, "bsf": 4.231496722705788e-06, "cmovge": 8.462993445411577e-06, "pxor": 1.2694490168117364e-05, "cvtsi2sd": 8.462993445411577e-06, "divsd": 4.231496722705788e-06, "nop": 1.2694490168117364e-05}