{"call": 0.05490776316731499, "mov": 0.37108560246283084, "ud2": 7.636684724244087e-05, "and": 0.012299835333985633, "nop": 0.03930028876214114, "push": 0.021793189031811565, "sub": 0.017096627926401452, "xor": 0.02602677612581438, "lea": 0.03645562370236021, "cmp": 0.06003866071641648, "jz": 0.06029639882585972, "ja": 0.005445910793976565, "jmp": 0.039314607545999095, "xchg": 0.0031453595207980335, "movzx": 0.019893563706655848, "shl": 0.0051118058372908864, "test": 0.057046034890103334, "jnz": 0.03442235639453022, "repz ": 0.002057131947593251, "seta": 0.0018041667661026657, "sbb": 0.002472376679474023, "movsxd": 0.003684700379447772, "setz": 0.001231415411784359, "add": 0.03593537455552109, "pop": 0.03197384435481947, "ret": 0.011182970193064936, "jle": 0.0012743717633582321, "adc": 3.3410495668567884e-05, "jl": 0.0003913800921175095, "hlt": 4.7729279526525544e-06, "sar": 0.0006347994177027898, "cqo": 4.2956351573872994e-05, "idiv": 5.7275135431830657e-05, "dec": 4.7729279526525544e-06, "jnb": 0.0025630623105744217, "inc": 4.7729279526525544e-06, "setnz": 0.0012123236999737488, "or": 0.00500680142233253, "neg": 0.0005107032909338233, "jbe": 0.005512731785313701, "repnz ": 0.0003579695964489416, "not": 0.0011455027086366132, "js": 0.0009927690141517313, "pxor": 0.0008304894637615445, "movaps": 0.0014271054578431138, "movq": 0.0008877645991933751, "movhps": 0.0005632054984130014, "cmovnz": 0.0008018518960456292, "cmovz": 0.0015989308641386059, "jg": 0.0012505071235949694, "jnl": 0.0004534281555019927, "jb": 0.002572608166479727, "imul": 0.0013316468987900627, "shr": 0.004319499797150562, "movdqa": 0.0005966159940815693, "punpcklqdq": 0.0002720568933011956, "psllq": 1.4318783857957664e-05, "paddq": 0.00010500441495835621, "movups": 0.002477149607426676, "movsx": 0.001350738610600673, "cmovg": 2.8637567715915328e-05, "cmovl": 5.7275135431830657e-05, "jns": 0.00021478175786936496, "cmovb": 0.0002959215330644584, "cdqe": 0.0005345679306970861, "cmovae": 0.00019569004605875476, "cmovns": 4.7729279526525546e-05, "cmova": 0.0002004629740114073, "movsd": 1.4318783857957664e-05, "fld": 4.7729279526525544e-06, "fstp": 4.7729279526525544e-06, "cmovs": 5.2502207479178105e-05, "setbe": 9.545855905305109e-05, "movdqu": 0.0012457341956423169, "div": 0.0005345679306970861, "mul": 0.0004343364436913825, "jo": 2.3864639763262773e-05, "bswap": 4.7729279526525546e-05, "rol": 3.8183423621220435e-05, "setb": 3.3410495668567884e-05, "bt": 0.00016227955039018686, "cmovbe": 0.00032933202873302626, "setl": 9.545855905305109e-06, "setnb": 0.00010977734291100875, "setg": 3.3410495668567884e-05, "pcmpeqd": 2.3864639763262773e-05, "bts": 2.8637567715915328e-05, "psubq": 4.7729279526525544e-06, "cwde": 1.4318783857957664e-05, "movd": 8.113977519509343e-05, "psrlq": 4.7729279526525544e-06, "pmuludq": 9.545855905305109e-06, "psrldq": 1.4318783857957664e-05, "cdq": 1.4318783857957664e-05, "setle": 4.7729279526525544e-06, "setnl": 4.7729279526525544e-06, "bsf": 4.7729279526525544e-06, "cmovge": 0.00010500441495835621, "shufpd": 4.7729279526525544e-06, "punpcklwd": 1.4318783857957664e-05, "pshufd": 3.3410495668567884e-05, "cmovle": 3.8183423621220435e-05, "movsb": 9.545855905305109e-06, "paddd": 2.8637567715915328e-05, "pand": 4.7729279526525544e-06, "pandn": 1.4318783857957664e-05, "por": 4.7729279526525544e-06, "punpckhdq": 9.545855905305109e-06, "leave": 1.9091711810610218e-05, "cvtsi2sd": 9.545855905305109e-06, "divsd": 4.7729279526525544e-06, "pcmpeqb": 4.7729279526525544e-06, "pcmpgtb": 4.7729279526525544e-06, "punpcklbw": 4.7729279526525544e-06, "punpckhbw": 4.7729279526525544e-06, "pcmpgtw": 9.545855905305109e-06, "punpckhwd": 9.545855905305109e-06}