{"xor": 0.0007089033003386982, "mov": 0.5817395511779422, "pop": 0.0037320570573386494, "and": 0.015513354762967491, "push": 0.011076145216403047, "call": 0.046618831322273444, "hlt": 3.750811112903165e-06, "cmp": 0.05031338026848306, "jz": 0.034773769827725245, "test": 0.027309655713047946, "jmp": 0.041116391419644495, "ret": 0.00780918873706439, "sub": 0.014410616295773962, "sar": 0.0005138611224677337, "cqo": 6.751460003225697e-05, "idiv": 4.5009733354837986e-05, "jnz": 0.0304528354256608, "dec": 3.750811112903165e-06, "jnb": 0.0013352887561935269, "inc": 3.750811112903165e-06, "shr": 0.003109422412596724, "jns": 0.00033757300016128486, "jle": 0.0009902141338064357, "jg": 0.0006301362669677318, "nop": 0.007700415214790198, "leave": 0.005453679358161202, "ja": 0.0024230239789354447, "add": 0.03598903262830587, "jbe": 0.002246735856628996, "setz": 0.0004876054446774115, "movzx": 0.03083166734806402, "lea": 0.01761005817508036, "shl": 0.00780918873706439, "or": 0.003747060301790262, "movsxd": 0.0021042050343386756, "movaps": 0.0003600778668387039, "cdqe": 0.0027718494124354394, "jl": 0.00028506164458064057, "movsx": 0.0009489552115645009, "cmovs": 4.5009733354837986e-05, "movsd": 1.8754055564515825e-05, "fld": 7.50162222580633e-06, "fstp": 7.50162222580633e-06, "jb": 0.0026368202123709253, "setbe": 7.50162222580633e-06, "jnl": 0.00013502920006451394, "js": 0.00025505515567741526, "neg": 0.0005176119335806368, "div": 0.0005026086891290241, "mul": 0.00015378325562902977, "jno": 1.500324445161266e-05, "imul": 0.000952706022677404, "not": 0.0004575989557741862, "cmovae": 0.00012002595561290129, "repnz ": 0.0002287994778870931, "repz ": 2.6255677790322157e-05, "seta": 1.8754055564515825e-05, "setb": 7.50162222580633e-06, "setnz": 0.0003150681334838659, "setg": 2.2504866677418993e-05, "cdq": 1.8754055564515825e-05, "setle": 3.750811112903165e-06, "setnl": 3.750811112903165e-06, "setnb": 1.1252433338709496e-05, "setl": 3.750811112903165e-06, "cmovbe": 4.125892224193482e-05, "cwde": 2.2504866677418993e-05, "cmova": 1.500324445161266e-05, "cmovge": 3.750811112903165e-06, "cmovle": 1.1252433338709496e-05, "pxor": 3.750811112903165e-06, "cvtsi2sd": 1.500324445161266e-05, "addsd": 7.50162222580633e-06, "divsd": 3.750811112903165e-06}