{"xor": 0.0007062306068324055, "mov": 0.5816860880083545, "pop": 0.0037340065063372926, "and": 0.015514534075626779, "push": 0.011063027325114012, "call": 0.04650228022328908, "hlt": 3.7565457810234335e-06, "cmp": 0.05040157474399141, "jz": 0.03477434429493392, "test": 0.027249983095543984, "jmp": 0.0411191501190825, "ret": 0.00781361522452874, "sub": 0.014406353070224866, "sar": 0.0005146467720002104, "cqo": 6.76178240584218e-05, "idiv": 4.50785493722812e-05, "jnz": 0.030476855921443113, "dec": 3.7565457810234335e-06, "jnb": 0.0013373302980443423, "inc": 3.7565457810234335e-06, "movzx": 0.03088631941157467, "add": 0.03604405676891984, "nop": 0.007678379576411897, "leave": 0.005454504474046025, "lea": 0.017621956258780925, "ja": 0.002426728574541138, "or": 0.0037490326894613867, "jnl": 0.00013899219389786703, "movsxd": 0.0021074221831541462, "shl": 0.00781361522452874, "jl": 0.00028925402513880436, "jg": 0.0006348562369929602, "cdqe": 0.0027798438779573407, "movaps": 0.0003606283949782496, "jbe": 0.00224265783127099, "jle": 0.0009842149946281396, "jns": 0.0003305760287300621, "shr": 0.0031066633609063794, "movsx": 0.0009504060825989287, "cmovs": 4.50785493722812e-05, "movsd": 1.8782728905117167e-05, "fld": 7.513091562046867e-06, "fstp": 7.513091562046867e-06, "jb": 0.0026408516840594736, "setz": 0.0004845944057520229, "setbe": 7.513091562046867e-06, "js": 0.00025544511310959345, "neg": 0.0005184033177812338, "div": 0.0005033771346571401, "mul": 0.00015401837702196076, "jno": 1.5026183124093734e-05, "imul": 0.0009541626283799521, "not": 0.0004582985852848589, "cmovae": 0.00012020946499274987, "repnz ": 0.00022914929264242944, "repz ": 2.6295820467164032e-05, "seta": 1.8782728905117167e-05, "setb": 7.513091562046867e-06, "setnz": 0.0003155498456059684, "setg": 2.25392746861406e-05, "cdq": 1.8782728905117167e-05, "setle": 3.7565457810234335e-06, "setnl": 3.7565457810234335e-06, "setnb": 1.12696373430703e-05, "setl": 3.7565457810234335e-06, "cmovbe": 4.1322003591257766e-05, "cwde": 2.25392746861406e-05, "cmova": 1.5026183124093734e-05, "cmovge": 3.7565457810234335e-06, "cmovle": 1.12696373430703e-05, "pxor": 3.7565457810234335e-06, "cvtsi2sd": 1.5026183124093734e-05, "addsd": 7.513091562046867e-06, "divsd": 3.7565457810234335e-06}