{"xor": 0.0006255437785384503, "mov": 0.5839371788928193, "pop": 0.003667528244730508, "and": 0.013819119412179368, "push": 0.010939077751598789, "call": 0.050738903742466486, "hlt": 3.1753491296368037e-06, "cmp": 0.04886544775598077, "jz": 0.03459860411652261, "test": 0.02912430221702876, "jmp": 0.04247664530715152, "ret": 0.007747851876313801, "sub": 0.013847697554346101, "sar": 0.0004826530677047941, "cqo": 5.715628433346246e-05, "idiv": 3.810418955564164e-05, "jnz": 0.03133434521125598, "dec": 3.1753491296368037e-06, "jnb": 0.0012034573201323486, "inc": 3.1753491296368037e-06, "movzx": 0.02819392492204518, "or": 0.0034166756634892007, "add": 0.033728558455002125, "movsxd": 0.002038574141226828, "cdqe": 0.002667293268894915, "leave": 0.005480652597753123, "jbe": 0.00209573042556029, "lea": 0.018690104977042227, "setz": 0.0005937902872420823, "nop": 0.007303302998164648, "movsx": 0.0009970596267059562, "jg": 0.0006223684294088135, "setnz": 0.00030483351644513315, "shl": 0.007379511377275932, "div": 0.0004445488781491525, "ja": 0.002619663031950363, "jl": 0.0002953074690562227, "shr": 0.0027530276953951086, "jb": 0.0023656351015794185, "jns": 0.00036834049903786923, "jle": 0.0009303772949835835, "setb": 9.52604738891041e-06, "mul": 0.00013336466344474575, "not": 0.00043184748163060526, "repz ": 2.540279303709443e-05, "js": 0.0002508525812413075, "imul": 0.0008351168210944793, "neg": 0.00046677632205661013, "jnl": 0.00013018931431510894, "movsd": 3.810418955564164e-05, "cmovs": 4.127953868527845e-05, "repnz ": 0.00022227443907457624, "movaps": 0.00030483351644513315, "fld": 6.3506982592736075e-06, "fstp": 6.3506982592736075e-06, "setbe": 6.3506982592736075e-06, "jno": 1.2701396518547215e-05, "cmovae": 0.00010161117214837772, "seta": 1.5876745648184017e-05, "setg": 1.905209477782082e-05, "cdq": 1.5876745648184017e-05, "setle": 3.1753491296368037e-06, "setnl": 3.1753491296368037e-06, "setnb": 9.52604738891041e-06, "setl": 3.1753491296368037e-06, "cmovbe": 3.492884042600484e-05, "cwde": 1.905209477782082e-05, "cmova": 1.2701396518547215e-05, "cmovge": 3.1753491296368037e-06, "cmovle": 9.52604738891041e-06, "pxor": 3.1753491296368037e-06, "cvtsi2sd": 1.2701396518547215e-05, "addsd": 6.3506982592736075e-06, "divsd": 3.1753491296368037e-06}