{"xor": 0.0013837638376383763, "mov": 0.5189114391143912, "pop": 0.011300738007380073, "and": 0.00253690036900369, "push": 0.017988929889298892, "call": 0.08971402214022141, "hlt": 0.00023062730627306272, "cmp": 0.03759225092250922, "jz": 0.026291512915129153, "test": 0.023293357933579336, "jmp": 0.0426660516605166, "ret": 0.011531365313653136, "sub": 0.014529520295202951, "sar": 0.0006918819188191881, "cqo": 0.00023062730627306272, "idiv": 0.00023062730627306272, "jnz": 0.025599630996309963, "dec": 0.00023062730627306272, "jnb": 0.0011531365313653136, "inc": 0.00023062730627306272, "jg": 0.00023062730627306272, "jl": 0.0009225092250922509, "ja": 0.0018450184501845018, "movzx": 0.05189114391143911, "movsxd": 0.0023062730627306273, "setz": 0.0006918819188191881, "nop": 0.0062269372693726935, "add": 0.04197416974169742, "leave": 0.005304428044280443, "lea": 0.014529520295202951, "or": 0.013837638376383764, "jns": 0.0020756457564575647, "shl": 0.015682656826568265, "jbe": 0.0011531365313653136, "cdqe": 0.004151291512915129, "movaps": 0.0036900369003690036, "shr": 0.003459409594095941, "jb": 0.0009225092250922509, "imul": 0.0011531365313653136, "movsx": 0.0013837638376383763, "js": 0.00023062730627306272}