{"mov": 0.360707934873497, "ud2": 6.207392639492892e-05, "and": 0.012465904983075727, "call": 0.059649391858091705, "nop": 0.04085194638273323, "push": 0.020940821639701023, "sub": 0.016610252421795983, "xor": 0.02983565015135084, "test": 0.05714452635768457, "jz": 0.06076307112576543, "lea": 0.034414515074835596, "add": 0.033377515363296785, "shr": 0.004305009365860071, "repz ": 0.002033833941292671, "pxor": 0.0008033096356990802, "movups": 0.0023551577955723034, "movsxd": 0.003980034104145443, "shl": 0.0045058367747848405, "cmp": 0.061829282096784205, "ja": 0.005071804927209193, "jmp": 0.040453942972318684, "jnz": 0.036714901758882965, "movzx": 0.02094447304713602, "movq": 0.0008325208951790468, "movhps": 0.000544059707814377, "jle": 0.001351020750948453, "or": 0.005714452635768457, "repnz ": 0.00027385555762468643, "not": 0.0011173306751087206, "sbb": 0.002420883129402228, "movsx": 0.0014824714186083025, "pop": 0.031237790606389232, "hlt": 3.6514074349958193e-06, "ret": 0.011721017866336579, "sar": 0.0007156758572591806, "cqo": 9.49365933098913e-05, "idiv": 0.00010589081561487875, "dec": 3.6514074349958193e-06, "jnb": 0.0024902598706671485, "inc": 3.6514074349958193e-06, "movdqa": 0.0005951794119043185, "movaps": 0.0016102706788331562, "movdqu": 0.001190358823808637, "jb": 0.0023186437212223453, "jbe": 0.005188649965129059, "xchg": 0.00318767869075135, "cmovle": 5.111970408994147e-05, "jg": 0.0012889468245535242, "cmovz": 0.0014423059368233486, "setz": 0.0014386545293883527, "cmovae": 0.00016431333457481186, "imul": 0.0011392391197186955, "neg": 0.0005075456334644188, "mul": 0.00040895763271953176, "cmovbe": 0.0002702041501896906, "cdqe": 0.0005111970408994147, "seta": 0.001836657939802897, "js": 0.0012414785278985784, "jnl": 0.00039070059554455265, "setnz": 0.0012597355650735575, "setle": 2.9211259479966555e-05, "setg": 4.381688921994983e-05, "punpcklqdq": 0.00025559852044970737, "jl": 0.000383397780674561, "jns": 0.00042721466989451083, "bsf": 1.4605629739983277e-05, "cmovnz": 0.0007339328944341596, "shufpd": 1.4605629739983277e-05, "setnl": 2.1908444609974916e-05, "setl": 1.8257037174979097e-05, "pcmpeqd": 2.1908444609974916e-05, "div": 0.0004381688921994983, "cmovge": 8.398237100490384e-05, "bt": 0.00019352459405477842, "adc": 2.9211259479966555e-05, "cmova": 0.00016796474200980768, "cmovns": 4.746829665494565e-05, "bsr": 1.8257037174979097e-05, "cmovg": 2.1908444609974916e-05, "btc": 7.302814869991639e-06, "btr": 3.6514074349958193e-06, "movd": 0.00012049644535486203, "punpckldq": 2.9211259479966555e-05, "setbe": 8.398237100490384e-05, "movsd": 1.0954222304987458e-05, "fld": 3.6514074349958193e-06, "fstp": 3.6514074349958193e-06, "cmovs": 4.016548178495401e-05, "cmovl": 4.016548178495401e-05, "jo": 1.8257037174979097e-05, "bswap": 3.651407434995819e-05, "rol": 2.9211259479966555e-05, "setb": 3.2862666914962374e-05, "cmovb": 0.00022638726096974078, "setnb": 8.398237100490384e-05, "paddq": 6.937674126492056e-05, "bts": 2.1908444609974916e-05, "psubq": 3.6514074349958193e-06, "cwde": 1.0954222304987458e-05, "psrlq": 3.6514074349958193e-06, "pmuludq": 7.302814869991639e-06, "psllq": 3.6514074349958193e-06, "psrldq": 1.0954222304987458e-05, "cdq": 1.0954222304987458e-05, "punpcklwd": 1.0954222304987458e-05, "pshufd": 2.5559852044970735e-05, "movsb": 7.302814869991639e-06, "paddd": 2.1908444609974916e-05, "pand": 3.6514074349958193e-06, "pandn": 1.0954222304987458e-05, "por": 3.6514074349958193e-06, "punpckhdq": 7.302814869991639e-06, "leave": 1.4605629739983277e-05, "cvtsi2sd": 7.302814869991639e-06, "divsd": 3.6514074349958193e-06, "pcmpeqb": 3.6514074349958193e-06, "pcmpgtb": 3.6514074349958193e-06, "punpcklbw": 3.6514074349958193e-06, "punpckhbw": 3.6514074349958193e-06, "pcmpgtw": 7.302814869991639e-06, "punpckhwd": 7.302814869991639e-06}