{"mov": 0.37122340297356565, "ud2": 7.711029181426058e-05, "and": 0.01240029880238078, "call": 0.05467601628954914, "nop": 0.03912865370249886, "push": 0.02176437986457505, "xor": 0.02580785079158534, "sub": 0.01719559507458011, "lea": 0.036685221330634475, "cmp": 0.06008819489626256, "jz": 0.060223137906937514, "ja": 0.005465191932335719, "jmp": 0.039239499746981855, "test": 0.056974866864261786, "movsxd": 0.0037012940070845083, "cmovz": 0.0016096773416226897, "jle": 0.0012867779946504735, "or": 0.005031446540880503, "jnz": 0.03442974529506735, "js": 0.0009831562206318225, "jg": 0.0012578616352201257, "movzx": 0.020019759512277403, "shl": 0.005127834405648329, "cmovnz": 0.0008144774572881275, "jbe": 0.005523024651196414, "pop": 0.03179835658690571, "xchg": 0.0031567025711462925, "add": 0.036097255355550736, "ret": 0.011171353526591002, "hlt": 4.819393238391286e-06, "sar": 0.0006361599074676498, "cqo": 3.855514590713029e-05, "idiv": 5.3013325622304154e-05, "dec": 4.819393238391286e-06, "jnb": 0.0025831947757777294, "inc": 4.819393238391286e-06, "cmovg": 2.891635943034772e-05, "movaps": 0.001431359791802212, "cmovl": 5.783271886069544e-05, "jl": 0.0003855514590713029, "not": 0.0011518349839755174, "repz ": 0.002057880912793079, "seta": 0.0018024530711583412, "sbb": 0.0024578905515795562, "jb": 0.002588014169016121, "shr": 0.004351912094267332, "movsx": 0.0013205137473192125, "setz": 0.0012241258825513867, "cmovae": 0.00019759512277404276, "cmovns": 4.8193932383912866e-05, "cmova": 0.00020241451601243403, "cdqe": 0.0005397720426998241, "movsd": 1.445817971517386e-05, "fld": 4.819393238391286e-06, "fstp": 4.819393238391286e-06, "cmovs": 5.3013325622304154e-05, "setnz": 0.0011952095231210391, "setbe": 9.638786476782573e-05, "movdqu": 0.0012578616352201257, "movups": 0.0024964456974866864, "jnl": 0.00045302296440878094, "jns": 0.00021687269572760788, "div": 0.0005397720426998241, "mul": 0.0004385647846936071, "jo": 2.4096966191956433e-05, "imul": 0.001330152533795995, "bswap": 4.8193932383912866e-05, "rol": 3.855514590713029e-05, "setb": 3.373575266873901e-05, "pxor": 0.0008337550302416925, "bt": 0.00016385937010530375, "movq": 0.0008867683558639967, "movhps": 0.0005638690088917805, "cmovb": 0.0002988023807802598, "neg": 0.0004963975035543025, "cmovbe": 0.00033253813344899877, "movdqa": 0.0005879659750837369, "paddq": 9.156847152943445e-05, "punpcklqdq": 0.00026988602134991207, "setl": 9.638786476782572e-06, "setnb": 0.00011084604448299959, "setg": 3.373575266873901e-05, "pcmpeqd": 2.4096966191956433e-05, "bts": 2.891635943034772e-05, "repnz ": 0.0003566350996409552, "adc": 2.891635943034772e-05, "psubq": 4.819393238391286e-06, "cwde": 1.445817971517386e-05, "movd": 8.192968505265187e-05, "psrlq": 4.819393238391286e-06, "pmuludq": 9.638786476782572e-06, "psllq": 4.819393238391286e-06, "psrldq": 1.445817971517386e-05, "cdq": 1.445817971517386e-05, "setle": 4.819393238391286e-06, "setnl": 4.819393238391286e-06, "bsf": 4.819393238391286e-06, "cmovge": 0.00010602665124460831, "shufpd": 4.819393238391286e-06, "punpcklwd": 1.445817971517386e-05, "pshufd": 3.373575266873901e-05, "cmovle": 3.855514590713029e-05, "movsb": 9.638786476782572e-06, "paddd": 2.891635943034772e-05, "pand": 4.819393238391286e-06, "pandn": 1.445817971517386e-05, "por": 4.819393238391286e-06, "punpckhdq": 9.638786476782572e-06, "leave": 1.9277572953565145e-05, "cvtsi2sd": 9.638786476782572e-06, "divsd": 4.819393238391286e-06, "pcmpeqb": 4.819393238391286e-06, "pcmpgtb": 4.819393238391286e-06, "punpcklbw": 4.819393238391286e-06, "punpckhbw": 4.819393238391286e-06, "pcmpgtw": 9.638786476782572e-06, "punpckhwd": 9.638786476782572e-06}