{"mov": 0.3713265560536851, "ud2": 8.467679338391988e-05, "and": 0.012165232649489823, "call": 0.0554491868675702, "nop": 0.03921476386935312, "push": 0.02194540228533257, "sub": 0.017038852535364322, "xor": 0.026395638204287468, "lea": 0.03645806381807661, "test": 0.05709097580595843, "js": 0.0009643745913168653, "cmp": 0.059579532678185845, "jle": 0.0013548286941427181, "jmp": 0.03946408998320577, "add": 0.03571478974281776, "jnz": 0.03443522930946075, "movsxd": 0.0038622026315665676, "jz": 0.05994176118321706, "ja": 0.005395793445075339, "shl": 0.005028860673745019, "jns": 0.00023991758125443965, "not": 0.0011525452432811316, "or": 0.0049724094781557395, "repnz ": 0.0003669327713303195, "cdqe": 0.0005692162221919058, "movzx": 0.020129555493877398, "jbe": 0.005527512901450325, "setnb": 0.0001270151900758798, "shr": 0.004285586598486167, "movdqu": 0.0012372220366650515, "movups": 0.0024838526059283166, "setz": 0.001204292172571305, "repz ": 0.0020369473075131836, "movsq": 4.70426629910666e-06, "jg": 0.0012513348355623715, "pop": 0.03182906577975566, "hlt": 4.70426629910666e-06, "ret": 0.01118204099297653, "sar": 0.0006397802166785057, "cqo": 3.763413039285328e-05, "idiv": 5.174692929017326e-05, "dec": 4.70426629910666e-06, "jnb": 0.0025355995352184897, "inc": 4.70426629910666e-06, "cmova": 0.00020228345086158636, "cmovz": 0.001575929210200731, "cmovbe": 0.00033400290723657283, "xchg": 0.0031471541541023555, "jb": 0.0025355995352184897, "movsx": 0.001397167090834678, "neg": 0.0004892436951070926, "adc": 3.292986409374662e-05, "pxor": 0.0008232466023436654, "setg": 4.233839669195994e-05, "cmovnz": 0.0008420636675400921, "cmovns": 5.174692929017326e-05, "cmovle": 4.233839669195994e-05, "cmovg": 2.822559779463996e-05, "movaps": 0.001397167090834678, "cmovl": 5.645119558927992e-05, "jl": 0.00037634130392853277, "seta": 0.0017593955958658907, "sbb": 0.0023991758125443967, "setnz": 0.0011666580421784516, "movdqa": 0.0005739204884910125, "cmovb": 0.0002916645105446129, "jnl": 0.000442201032116026, "cmovae": 0.00019287491826337305, "movsd": 1.411279889731998e-05, "fld": 4.70426629910666e-06, "fstp": 4.70426629910666e-06, "cmovs": 5.174692929017326e-05, "setbe": 9.408532598213319e-05, "movq": 0.0008655849990356254, "punpcklqdq": 0.00026343891274997294, "div": 0.0005268778254999459, "mul": 0.00042808823321870604, "jo": 2.3521331495533298e-05, "imul": 0.0012983774985534382, "bswap": 4.7042662991066596e-05, "rol": 3.763413039285328e-05, "setb": 3.292986409374662e-05, "bt": 0.00015994505416962643, "movhps": 0.0005503991569954793, "paddq": 8.938105968302654e-05, "setl": 9.40853259821332e-06, "pcmpeqd": 2.3521331495533298e-05, "bts": 2.822559779463996e-05, "psubq": 4.70426629910666e-06, "cwde": 1.411279889731998e-05, "movd": 7.997252708481321e-05, "psrlq": 4.70426629910666e-06, "pmuludq": 9.40853259821332e-06, "psllq": 4.70426629910666e-06, "psrldq": 1.411279889731998e-05, "cdq": 1.411279889731998e-05, "setle": 4.70426629910666e-06, "setnl": 4.70426629910666e-06, "bsf": 4.70426629910666e-06, "cmovge": 0.00010349385858034651, "shufpd": 4.70426629910666e-06, "punpcklwd": 1.411279889731998e-05, "pshufd": 3.292986409374662e-05, "movsb": 9.40853259821332e-06, "paddd": 2.822559779463996e-05, "pand": 4.70426629910666e-06, "pandn": 1.411279889731998e-05, "por": 4.70426629910666e-06, "punpckhdq": 9.40853259821332e-06, "leave": 1.881706519642664e-05, "cvtsi2sd": 9.40853259821332e-06, "divsd": 4.70426629910666e-06, "pcmpeqb": 4.70426629910666e-06, "pcmpgtb": 4.70426629910666e-06, "punpcklbw": 4.70426629910666e-06, "punpckhbw": 4.70426629910666e-06, "pcmpgtw": 9.40853259821332e-06, "punpckhwd": 9.40853259821332e-06}