{"xor": 0.001213321923027326, "mov": 0.42092892395343656, "pop": 0.02389716657092951, "and": 0.010650270213239863, "push": 0.026517238549640693, "call": 0.06590624010878868, "hlt": 5.861458565349401e-06, "cmp": 0.06537284737934188, "jz": 0.06445259838458202, "test": 0.05407195526534823, "jmp": 0.050355790534916706, "ret": 0.012912793219464732, "sub": 0.017566791320352156, "sar": 0.0007502666963647233, "cqo": 5.2753127088144615e-05, "idiv": 7.619896134954223e-05, "jnz": 0.03209734710385332, "dec": 5.861458565349401e-06, "jnb": 0.0027490240671488694, "inc": 5.861458565349401e-06, "jle": 0.0014419188070759529, "lea": 0.03475844929252195, "movzx": 0.02165808939896604, "add": 0.03414299614316026, "shl": 0.005802843979695907, "or": 0.0057676752283038115, "movsx": 0.0009730021218480007, "movsxd": 0.00245008968031605, "ja": 0.005333927294467956, "jl": 0.00014653646413373503, "js": 0.0008381885748449644, "jnl": 0.00013481354700303625, "cdqe": 0.0005451156465774943, "repz ": 0.0021277094592218326, "seta": 0.0018639438237811098, "sbb": 0.0022566615476595194, "movaps": 0.00024618125974467487, "repnz ": 0.0019166969508692543, "not": 0.0022683844647902185, "cmovl": 2.9307292826747007e-05, "cmovnz": 0.0010140323318054464, "shr": 0.003839255360303858, "cmovz": 0.0012602135915501214, "cmovae": 0.00024618125974467487, "jbe": 0.005591831471343329, "setz": 0.001635346939732483, "cmovns": 8.206041991489162e-05, "setbe": 8.792187848024103e-05, "cmova": 0.0002754885525714219, "cmovs": 2.9307292826747007e-05, "setnz": 0.0013481354700303624, "movsd": 1.7584375696048205e-05, "fld": 5.861458565349401e-06, "fstp": 5.861458565349401e-06, "movdqu": 0.0015825938126443385, "movups": 0.0015825938126443385, "jg": 0.0006154531493616872, "setg": 5.2753127088144615e-05, "jns": 0.00012309062987233744, "jb": 0.001998757370784146, "div": 0.0007561281549300728, "mul": 0.00025204271831002426, "jo": 2.3445834261397605e-05, "imul": 0.0015708708955136396, "btc": 1.1722917130698802e-05, "cmovb": 0.0002813500111367713, "bt": 0.00012309062987233744, "neg": 0.0006037302322309884, "cmovbe": 0.0003458260553556147, "setl": 1.1722917130698802e-05, "cmovg": 2.9307292826747007e-05, "bts": 2.9307292826747007e-05, "adc": 4.689166852279521e-05, "setnb": 2.9307292826747007e-05, "cwde": 1.7584375696048205e-05, "cdq": 2.9307292826747007e-05, "setle": 5.861458565349401e-06, "setnl": 5.861458565349401e-06, "setb": 2.9307292826747007e-05, "bsf": 5.861458565349401e-06, "cmovge": 1.1722917130698802e-05, "cmovle": 3.516875139209641e-05, "pxor": 1.7584375696048205e-05, "cvtsi2sd": 1.1722917130698802e-05, "divsd": 5.861458565349401e-06, "nop": 2.3445834261397605e-05}