{"xor": 0.0007045050851776627, "mov": 0.5816401477961732, "pop": 0.0037323780044518726, "and": 0.015502859241382928, "push": 0.01108471298912514, "call": 0.0466697145255458, "hlt": 3.7473674743492697e-06, "cmp": 0.05039085042757463, "jz": 0.03482803330660211, "test": 0.027273340478313986, "jmp": 0.04111611592856019, "ret": 0.007831998021389973, "sub": 0.014412375306347291, "sar": 0.00051338934398585, "cqo": 6.745261453828685e-05, "idiv": 4.496840969219124e-05, "jnz": 0.03043237125919042, "dec": 3.7473674743492697e-06, "jnb": 0.0013340628208683399, "inc": 3.7473674743492697e-06, "lea": 0.01760887976196722, "jg": 0.0006482945730624237, "movzx": 0.0307883711692536, "movsx": 0.0009518313384847145, "cdqe": 0.0027730519310184597, "shl": 0.007794524346646481, "add": 0.036004706693547786, "jl": 0.0002885472955248938, "shr": 0.003102820268761195, "jns": 0.00034101044016578353, "nop": 0.0076970927923134, "leave": 0.005474903880024283, "jle": 0.000985557645753858, "jbe": 0.0022409257496608633, "ja": 0.0024207993884296283, "movaps": 0.0003597472775375299, "movsxd": 0.002098525785635591, "jb": 0.0026343993344675365, "or": 0.003736125371926222, "setz": 0.00048341040419105577, "js": 0.00025482098825575035, "cmovs": 4.496840969219124e-05, "movsd": 1.873683737174635e-05, "fld": 7.494734948698539e-06, "fstp": 7.494734948698539e-06, "setbe": 7.494734948698539e-06, "jnl": 0.0001349052290765737, "neg": 0.0005171367114601992, "div": 0.0005021472415628021, "mul": 0.00015364206644832005, "jno": 1.4989469897397079e-05, "imul": 0.0009518313384847145, "not": 0.0004571788318706109, "cmovae": 0.00011991575917917663, "repnz ": 0.00022858941593530545, "repz ": 2.6231572320444888e-05, "seta": 1.873683737174635e-05, "setb": 7.494734948698539e-06, "setnz": 0.00031477886784533866, "setg": 2.248420484609562e-05, "cdq": 1.873683737174635e-05, "setle": 3.7473674743492697e-06, "setnl": 3.7473674743492697e-06, "setnb": 1.124210242304781e-05, "setl": 3.7473674743492697e-06, "cmovbe": 4.1221042217841965e-05, "cwde": 2.248420484609562e-05, "cmova": 1.4989469897397079e-05, "cmovge": 3.7473674743492697e-06, "cmovle": 1.124210242304781e-05, "pxor": 3.7473674743492697e-06, "cvtsi2sd": 1.4989469897397079e-05, "addsd": 7.494734948698539e-06, "divsd": 3.7473674743492697e-06}