{"mov": 0.3709837327943017, "ud2": 7.700452401578593e-05, "and": 0.012421792280296468, "call": 0.05452882856867841, "nop": 0.039132736548272214, "push": 0.021748965251708538, "xor": 0.02587352006930407, "sub": 0.01718644720377322, "lea": 0.036673404562518046, "cmp": 0.060231976128597556, "jz": 0.060251227259601504, "ja": 0.005467321205120801, "jmp": 0.03930118394455674, "jnz": 0.03444508614881124, "movzx": 0.02013187024737703, "test": 0.056867840985657905, "movsxd": 0.003705842718259698, "jle": 0.0012994513427663876, "shl": 0.0051785542400616036, "jnl": 0.0004716527095966888, "add": 0.036119934546154586, "cdqe": 0.0005438444508614882, "repz ": 0.0020598710174222737, "seta": 0.0018047935316199827, "sbb": 0.002459331985754163, "js": 0.0009673693329483107, "or": 0.005082298585041872, "pop": 0.031778804504764654, "ret": 0.011146404851285013, "hlt": 4.812782750986621e-06, "sar": 0.0006545384541341804, "cqo": 3.8502262007892966e-05, "idiv": 5.294061026085282e-05, "dec": 4.812782750986621e-06, "jnb": 0.002574838771777842, "inc": 4.812782750986621e-06, "xchg": 0.003157185484647223, "jbe": 0.0055298873808836265, "jl": 0.00038983540282991623, "jg": 0.001256136298007508, "cmovg": 2.887669650591972e-05, "movaps": 0.0014293964770430263, "cmovl": 5.775339301183944e-05, "not": 0.0011502550774858023, "jb": 0.002584464337279815, "shr": 0.004345942824140918, "cmovnz": 0.0008037347194147656, "movsx": 0.001318702473770334, "setz": 0.0012224468187506017, "cmovae": 0.00019732409279045143, "cmovns": 4.81278275098662e-05, "cmova": 0.00020213687554143805, "movsd": 1.443834825295986e-05, "fld": 4.812782750986621e-06, "fstp": 4.812782750986621e-06, "cmovs": 5.294061026085282e-05, "setnz": 0.001193570122244682, "cmovz": 0.0016026566560785446, "setbe": 9.62556550197324e-05, "movdqu": 0.001256136298007508, "movups": 0.0024930214650110694, "jns": 0.0002165752237943979, "div": 0.0005390316681105015, "mul": 0.00043796323033978244, "jo": 2.40639137549331e-05, "imul": 0.0013283280392723073, "bswap": 4.81278275098662e-05, "rol": 3.8502262007892966e-05, "setb": 3.3689479256906346e-05, "pxor": 0.0008326114159206853, "bt": 0.0001636346135335451, "movq": 0.0008855520261815381, "movhps": 0.0005630955818654346, "cmovb": 0.0002983925305611705, "neg": 0.0004957166233516219, "cmovbe": 0.00033208200981807684, "movdqa": 0.0005871594956203677, "paddq": 9.14428722687458e-05, "punpcklqdq": 0.00026951583405525077, "setl": 9.625565501973242e-06, "setnb": 0.00011069400327269226, "setg": 3.3689479256906346e-05, "pcmpeqd": 2.40639137549331e-05, "bts": 2.887669650591972e-05, "repnz ": 0.00035614592357300994, "adc": 2.887669650591972e-05, "psubq": 4.812782750986621e-06, "cwde": 1.443834825295986e-05, "movd": 8.181730676677255e-05, "psrlq": 4.812782750986621e-06, "pmuludq": 9.625565501973242e-06, "psllq": 4.812782750986621e-06, "psrldq": 1.443834825295986e-05, "cdq": 1.443834825295986e-05, "setle": 4.812782750986621e-06, "setnl": 4.812782750986621e-06, "bsf": 4.812782750986621e-06, "cmovge": 0.00010588122052170564, "shufpd": 4.812782750986621e-06, "punpcklwd": 1.443834825295986e-05, "pshufd": 3.3689479256906346e-05, "cmovle": 3.8502262007892966e-05, "movsb": 9.625565501973242e-06, "paddd": 2.887669650591972e-05, "pand": 4.812782750986621e-06, "pandn": 1.443834825295986e-05, "por": 4.812782750986621e-06, "punpckhdq": 9.625565501973242e-06, "leave": 1.9251131003946483e-05, "cvtsi2sd": 9.625565501973242e-06, "divsd": 4.812782750986621e-06, "pcmpeqb": 4.812782750986621e-06, "pcmpgtb": 4.812782750986621e-06, "punpcklbw": 4.812782750986621e-06, "punpckhbw": 4.812782750986621e-06, "pcmpgtw": 9.625565501973242e-06, "punpckhwd": 9.625565501973242e-06}