{"call": 0.08200002819323644, "nop": 0.0425858836465132, "push": 0.014040231748403558, "sub": 0.014153004694173868, "mov": 0.3519220738944727, "xor": 0.06811485924526706, "lea": 0.03276054074627497, "cmp": 0.07373940991556126, "jle": 0.0003806086919747952, "jz": 0.05253809611074303, "jl": 7.048309110644357e-05, "jnz": 0.024908724397017155, "jmp": 0.049662385993600136, "jnl": 7.048309110644357e-05, "test": 0.03535431849899209, "jg": 0.0003101256008683517, "add": 0.029165903099846346, "jns": 0.00042289854663866137, "xchg": 0.003369091754888002, "or": 0.0042289854663866136, "movsxd": 0.0006766376746218582, "js": 0.000930376802605055, "and": 0.007964589295028123, "pop": 0.018367893542339194, "ret": 0.013180338036904946, "hlt": 1.4096618221288713e-05, "sar": 0.0003524154555322178, "cqo": 2.8193236442577427e-05, "idiv": 5.6386472885154854e-05, "dec": 1.4096618221288713e-05, "jnb": 0.005300328451204556, "inc": 1.4096618221288713e-05, "jbe": 0.012292251088963757, "ja": 0.011686096505448343, "cmovbe": 0.0007894106203921679, "cmovnz": 0.0027065506984874327, "jb": 0.004694173867689141, "sbb": 0.0020581062603081523, "shl": 0.004962009613893627, "repz ": 0.0026219709891597007, "setnz": 0.00023964250976190812, "neg": 0.00039470531019608396, "not": 0.0025796811344958345, "movzx": 0.010896685885056176, "shr": 0.004186695611722748, "cmovz": 0.0015506280043417584, "imul": 0.0012686956399159842, "movsx": 0.000493381637745105, "cmovae": 8.457970932773227e-05, "adc": 8.457970932773227e-05, "setz": 0.0018889468416526875, "setbe": 0.00012686956399159843, "div": 0.0004088019284173727, "mul": 0.00039470531019608396, "movdqa": 0.0005074782559663937, "movups": 0.0006484444381792808, "seta": 0.0013814685856862938, "bt": 5.6386472885154854e-05, "movdqu": 0.0003101256008683517, "cmovb": 8.457970932773227e-05, "pxor": 0.0003101256008683517, "movaps": 0.0006202512017367033, "cdqe": 8.457970932773227e-05, "cvtsi2sd": 0.00025373912798319685, "movsd": 0.00014096618221288713, "mulsd": 8.457970932773227e-05, "divsd": 8.457970932773227e-05, "addsd": 0.00011277294577030971, "repnz ": 0.0017056908047759342, "setb": 9.867632754902099e-05, "rol": 2.8193236442577427e-05, "cmova": 0.00018325603687675327, "setle": 1.4096618221288713e-05, "setg": 1.4096618221288713e-05, "cdq": 2.8193236442577427e-05, "ud2": 1.4096618221288713e-05, "cmovns": 1.4096618221288713e-05, "bswap": 8.457970932773227e-05, "btc": 1.4096618221288713e-05, "cmovl": 1.4096618221288713e-05}