{"call": 0.0648941654048133, "mov": 0.36936595895486324, "ud2": 6.443506556267922e-05, "test": 0.05603434388994491, "jz": 0.05862785527884275, "xchg": 0.0034513031992010053, "push": 0.02370807693546828, "xor": 0.03538290537710622, "sub": 0.015508714842617352, "lea": 0.034774799445858436, "nop": 0.042688230935274976, "cmp": 0.057274718902026484, "ja": 0.006165630336028867, "jmp": 0.040702825477624924, "jg": 0.0005960243564547827, "jns": 0.00017316923869970037, "jb": 0.0028270885015625503, "add": 0.03217323367376526, "cmovle": 3.221753278133961e-05, "repz ": 0.001912916008892039, "seta": 0.0016592029382389896, "sbb": 0.002263281677889107, "jnz": 0.03192354779470988, "cdqe": 0.0003825832017784078, "movsxd": 0.0025250491317374917, "jnl": 0.00040674635136441254, "setz": 0.0014135442507812752, "movzx": 0.016970585392570636, "jl": 9.665259834401882e-05, "pop": 0.03531041592834821, "ret": 0.013414575211830279, "and": 0.010039788652984955, "hlt": 4.027191597667451e-06, "sar": 0.0005235349076967685, "cqo": 3.6244724379007055e-05, "idiv": 5.638068236734431e-05, "dec": 4.027191597667451e-06, "jnb": 0.002835142884757885, "inc": 4.027191597667451e-06, "cmova": 0.00018122362189503527, "jle": 0.0010591513901865395, "jbe": 0.00595621637295016, "div": 0.0005678340152711106, "cmovz": 0.0014497889751602822, "cmovnz": 0.0012121846708979026, "shr": 0.003173426978961951, "js": 0.0007732207867521505, "neg": 0.00042688230935274975, "not": 0.0008537646187054995, "shl": 0.004393666033055189, "or": 0.004860820258384613, "movaps": 0.0008014111279358227, "cmovae": 0.00019330519668803764, "cmovb": 0.00022552272946937724, "cmovbe": 0.000285930603434389, "cmovl": 2.8190341183672155e-05, "imul": 0.0013531363768162633, "cmovs": 5.638068236734431e-05, "setnz": 0.0012041302877025678, "setb": 7.248944875801411e-05, "setg": 4.4299107574341955e-05, "mul": 0.00020538677148103997, "movsx": 0.0008376558523148297, "setbe": 8.457102355101646e-05, "setle": 8.054383195334902e-06, "movdqa": 0.0002456586874577145, "cdq": 2.4163149586004704e-05, "adc": 4.4299107574341955e-05, "cmovns": 4.4299107574341955e-05, "movsd": 4.4299107574341955e-05, "pxor": 0.00020941396307870742, "movups": 0.0011638583717258932, "bt": 0.0001369245143206933, "movdqu": 0.00101082509101453, "cmovg": 2.8190341183672155e-05, "bswap": 6.443506556267922e-05, "rol": 3.6244724379007055e-05, "btc": 8.054383195334902e-06, "fld": 4.027191597667451e-06, "fstp": 4.027191597667451e-06, "jo": 1.6108766390669804e-05, "setl": 8.054383195334902e-06, "bts": 2.4163149586004704e-05, "pcmpeqd": 4.027191597667451e-06, "cwde": 1.2081574793002352e-05, "setnl": 4.027191597667451e-06, "setnb": 4.027191597667451e-06, "bsf": 4.027191597667451e-06, "repnz ": 0.00028995779503205644, "cmovge": 1.2081574793002352e-05, "leave": 4.027191597667451e-06, "cvtsi2sd": 8.054383195334902e-06, "divsd": 4.027191597667451e-06}