{"xor": 0.0012102127859568317, "mov": 0.4208309344487657, "pop": 0.02388114065492486, "and": 0.010662797118988591, "push": 0.0265071849040642, "call": 0.06578622707351749, "hlt": 5.874819349305009e-06, "cmp": 0.06543373791255919, "jz": 0.0645113912747183, "test": 0.05407771211035261, "jmp": 0.050358951462242535, "ret": 0.012930477387820324, "sub": 0.017589209131819196, "sar": 0.0007402272380124311, "cqo": 5.287337414374508e-05, "idiv": 7.637265154096512e-05, "jnz": 0.03211176256330118, "dec": 5.874819349305009e-06, "jnb": 0.002749415455474744, "inc": 5.874819349305009e-06, "add": 0.03421494789035237, "movzx": 0.021654584121538263, "setz": 0.0016566990565040126, "or": 0.005757322962318909, "lea": 0.03474955645113913, "ja": 0.005328461149819643, "jl": 0.00015274530308193024, "jg": 0.0006344804897249409, "cdqe": 0.0005463581994853659, "movsxd": 0.0024321752106122737, "shl": 0.0057866970590654335, "jle": 0.001398207005134592, "movaps": 0.0002467424126708104, "repnz ": 0.0019210659272227378, "not": 0.0022735550881810384, "cmovl": 2.9374096746525044e-05, "cmovnz": 0.0010163437474297666, "repz ": 0.0021266846044484134, "seta": 0.0018623177337296877, "sbb": 0.0022559306301331234, "jnl": 0.0001292460256847102, "js": 0.0008342243476013113, "shr": 0.003848006673794781, "cmovz": 0.001263086160100577, "cmovae": 0.0002467424126708104, "movsx": 0.0009693451926353265, "jbe": 0.005604577659236979, "cmovns": 8.224747089027012e-05, "setbe": 8.812229023957514e-05, "cmova": 0.00027611650941733543, "cmovs": 2.9374096746525044e-05, "setnz": 0.0013512084503401521, "movsd": 1.7624458047915026e-05, "fld": 5.874819349305009e-06, "fstp": 5.874819349305009e-06, "movdqu": 0.0015862012243123523, "movups": 0.0015862012243123523, "setg": 5.287337414374508e-05, "jns": 0.0001233712063354052, "jb": 0.002003313398113008, "div": 0.0007578516960603461, "mul": 0.00025261723202011537, "jo": 2.3499277397220035e-05, "imul": 0.0015744515856137423, "btc": 1.1749638698610018e-05, "cmovb": 0.0002819913287666404, "bt": 0.0001233712063354052, "neg": 0.0006051063929784159, "cmovbe": 0.0003466143416089955, "setl": 1.1749638698610018e-05, "cmovg": 2.9374096746525044e-05, "bts": 2.9374096746525044e-05, "adc": 4.699855479444007e-05, "setnb": 2.9374096746525044e-05, "cwde": 1.7624458047915026e-05, "cdq": 2.9374096746525044e-05, "setle": 5.874819349305009e-06, "setnl": 5.874819349305009e-06, "setb": 2.9374096746525044e-05, "bsf": 5.874819349305009e-06, "cmovge": 1.1749638698610018e-05, "cmovle": 3.524891609583005e-05, "pxor": 1.7624458047915026e-05, "cvtsi2sd": 1.1749638698610018e-05, "divsd": 5.874819349305009e-06, "nop": 2.3499277397220035e-05}