{"call": 0.05869075731780987, "mov": 0.3706573672359822, "ud2": 7.688505684002416e-05, "nop": 0.04251743643253336, "push": 0.02480092262068208, "sub": 0.016338074578505134, "xor": 0.02782689878631446, "lea": 0.03326377066285902, "cmp": 0.05738920314130375, "jz": 0.06053050689219617, "ja": 0.005140315228733044, "jmp": 0.03912351035202372, "xchg": 0.0034158932396067877, "movzx": 0.01870503597122302, "repz ": 0.0020264704267120653, "seta": 0.0017738480970948432, "sbb": 0.002383436762040749, "test": 0.05819649623812401, "jnz": 0.034384095776813665, "movsxd": 0.0025262232961722223, "setz": 0.0013894228128947224, "add": 0.03430721071997364, "pop": 0.03614696029435993, "ret": 0.013421934208358504, "jle": 0.0011148333241803503, "adc": 4.3934318194299525e-05, "jl": 0.0001098357954857488, "and": 0.011796364435169421, "hlt": 5.491789774287441e-06, "sar": 0.0006260640342687682, "cqo": 4.942610796858696e-05, "idiv": 6.590147729144929e-05, "dec": 5.491789774287441e-06, "jnb": 0.0023614696029435993, "inc": 5.491789774287441e-06, "setnz": 0.0012521280685375365, "or": 0.005392937558350267, "neg": 0.0005272118183315943, "jbe": 0.005365478609478829, "repnz ": 0.00040090065352298317, "not": 0.0010544236366631886, "js": 0.0008018013070459663, "shl": 0.004920643637761546, "cmovnz": 0.000873194574111703, "cmovz": 0.0015431929265747708, "jg": 0.0006205722444944808, "jb": 0.00253171508594651, "imul": 0.0014772914492833214, "movsx": 0.0008512274150145533, "shr": 0.0036959745180954475, "cmovg": 2.74589488714372e-05, "movaps": 0.0008896699434345653, "cmovl": 2.74589488714372e-05, "jnl": 0.00045581855126585754, "setb": 3.2950738645724644e-05, "jns": 0.00014278653413147345, "movdqa": 0.00024163875006864738, "movups": 0.0012795870174089736, "cdqe": 0.0003624581251029711, "cmovb": 0.00028008127848865944, "cmovae": 0.0002306551705200725, "cmovns": 5.49178977428744e-05, "setbe": 0.00010434400571146136, "cmova": 0.00021417980119721016, "fld": 5.491789774287441e-06, "fstp": 5.491789774287441e-06, "movsd": 1.6475369322862322e-05, "cmovs": 4.3934318194299525e-05, "movdqu": 0.0012631116480861112, "div": 0.000598605085397331, "mul": 0.00026360590916579715, "jo": 2.1967159097149763e-05, "bswap": 5.49178977428744e-05, "rol": 4.3934318194299525e-05, "bt": 0.00015926190345433576, "cmovbe": 0.0002581141193915097, "setl": 1.0983579548574881e-05, "pxor": 0.00018672085232577298, "setg": 4.3934318194299525e-05, "bts": 3.2950738645724644e-05, "pcmpeqd": 5.491789774287441e-06, "cwde": 1.6475369322862322e-05, "cdq": 1.6475369322862322e-05, "setle": 5.491789774287441e-06, "setnl": 5.491789774287441e-06, "setnb": 5.491789774287441e-06, "bsf": 5.491789774287441e-06, "cmovge": 1.6475369322862322e-05, "cmovle": 2.1967159097149763e-05, "leave": 5.491789774287441e-06, "cvtsi2sd": 1.0983579548574881e-05, "divsd": 5.491789774287441e-06}