{"xor": 0.0012134947757265354, "mov": 0.413980173636826, "pop": 0.023167935185102566, "and": 0.010435162795677817, "push": 0.02543431513388595, "call": 0.07288552996707504, "hlt": 4.461377851935792e-06, "cmp": 0.06773709992594112, "jz": 0.06461413542958608, "test": 0.05331346533063271, "jmp": 0.05130138391940967, "ret": 0.013268137731657045, "sub": 0.017609058381590572, "sar": 0.0007673569905329562, "cqo": 0.00011599582415033058, "idiv": 0.00013384133555807375, "jnz": 0.033580791091520706, "dec": 4.461377851935792e-06, "jnb": 0.0026545198219017963, "inc": 4.461377851935792e-06, "movzx": 0.021454766089959224, "add": 0.03237175769364611, "movdqa": 1.784551140774317e-05, "movups": 0.0014811774468426828, "movdqu": 0.0015971732709930135, "movaps": 0.0004773674301571297, "ja": 0.00501458870557583, "lea": 0.032617133475502574, "movsx": 0.0014231795347675177, "jb": 0.0017667056293665735, "jbe": 0.005295655510247785, "movsxd": 0.0033281878775441006, "cmovg": 3.1229644963550546e-05, "jg": 0.0007762797462368278, "setz": 0.0020165427890749777, "or": 0.006375308950416246, "repnz ": 0.001650709805216243, "cmovz": 0.001177803752911049, "cdqe": 0.0007138204563097267, "cmovbe": 0.0002944509382277623, "jle": 0.001543636736769784, "imul": 0.001374104378396224, "shr": 0.00399739455533447, "repz ": 0.0021593068803369233, "shl": 0.004965513549204536, "not": 0.0021726910138927307, "sbb": 0.002275302704487254, "neg": 0.0006245928992710108, "mul": 0.0002766054268200191, "seta": 0.0019451607434440052, "js": 0.0011108830851320121, "setnz": 0.0014811774468426828, "cmova": 0.000321219205339377, "setle": 3.569102281548634e-05, "setg": 7.138204563097268e-05, "jl": 0.00019183924763323905, "bsf": 1.784551140774317e-05, "cmovnz": 0.0009458121046103878, "jns": 0.0002810668046719549, "jnl": 0.00012937995770613797, "setnl": 3.1229644963550546e-05, "cmovle": 4.4613778519357916e-05, "setl": 2.2306889259678958e-05, "div": 0.0006067473878632677, "bt": 0.00020076200333711064, "cmovge": 1.784551140774317e-05, "adc": 4.4613778519357916e-05, "bsr": 4.461377851935792e-06, "cmovs": 2.676826711161475e-05, "cmovae": 0.00019630062548517483, "cmovb": 0.0002230688925967896, "btr": 0.00018291649192936748, "btc": 1.784551140774317e-05, "setbe": 7.584342348290846e-05, "cmovns": 7.138204563097268e-05, "movsd": 1.3384133555807375e-05, "fld": 4.461377851935792e-06, "fstp": 4.461377851935792e-06, "cmovl": 1.784551140774317e-05, "jo": 1.784551140774317e-05, "setb": 2.2306889259678958e-05, "bts": 2.2306889259678958e-05, "setnb": 2.2306889259678958e-05, "cwde": 1.3384133555807375e-05, "cdq": 2.2306889259678958e-05, "pxor": 1.3384133555807375e-05, "cvtsi2sd": 8.922755703871584e-06, "divsd": 4.461377851935792e-06, "nop": 1.784551140774317e-05}