{"xor": 0.0011813891071336404, "mov": 0.42160680388367333, "pop": 0.024098043826094935, "and": 0.010443250311118249, "push": 0.026713157577808237, "call": 0.06720727643931618, "hlt": 5.7348985783186424e-06, "cmp": 0.06479861903642234, "jz": 0.06417924998996392, "test": 0.054074358694966476, "jmp": 0.05035240951763768, "ret": 0.013092773454301461, "sub": 0.017525850055341772, "sar": 0.0007455368151814235, "cqo": 5.161408720486778e-05, "idiv": 7.455368151814235e-05, "jnz": 0.03197779447270475, "dec": 5.7348985783186424e-06, "jnb": 0.0027011372303880807, "inc": 5.7348985783186424e-06, "js": 0.0008602347867477963, "lea": 0.03440939146991186, "add": 0.03391045529359813, "cmova": 0.0002810100303376135, "ja": 0.005276106692053151, "setz": 0.0016229762976641758, "movzx": 0.021391171697128536, "repnz ": 0.0019097212265801078, "not": 0.002276754735592501, "shr": 0.003773563264533667, "shl": 0.005671814693957137, "or": 0.0056603448968005005, "cmovz": 0.0012387380929168269, "jbe": 0.005505502635185897, "repz ": 0.0020817681839296674, "jle": 0.0014853387317845285, "cmovnz": 0.001043751541253993, "jg": 0.000642308640771688, "movsxd": 0.0026609929403398503, "jns": 0.0001319026673013288, "cdqe": 0.0005734898578318643, "movsx": 0.0010494864398323115, "neg": 0.0005964294521451388, "adc": 5.161408720486778e-05, "jb": 0.0019613353137849757, "cmovbe": 0.00034409391469911855, "setg": 5.7348985783186424e-05, "cmovle": 4.01442900482305e-05, "cmovns": 8.602347867477964e-05, "jl": 0.00014337246445796607, "movaps": 0.00024086574028938298, "cmovl": 2.8674492891593212e-05, "seta": 0.0018179628493270096, "sbb": 0.0022022010540743587, "jnl": 0.00012616776872301013, "setnz": 0.0013190266730132877, "movdqu": 0.0015484226161460335, "movups": 0.0015484226161460335, "cmovae": 0.00024086574028938298, "setbe": 8.602347867477964e-05, "cmovs": 2.8674492891593212e-05, "movsd": 1.7204695734955927e-05, "fld": 5.7348985783186424e-06, "fstp": 5.7348985783186424e-06, "cmovg": 2.8674492891593212e-05, "div": 0.0007398019166031048, "mul": 0.0002466006388677016, "jo": 2.293959431327457e-05, "imul": 0.0015369528189893961, "btc": 1.1469797156637285e-05, "cmovb": 0.00027527513175929484, "bt": 0.00012043287014469149, "setl": 1.1469797156637285e-05, "bts": 2.8674492891593212e-05, "setnb": 2.8674492891593212e-05, "cwde": 1.7204695734955927e-05, "cdq": 2.8674492891593212e-05, "setle": 5.7348985783186424e-06, "setnl": 5.7348985783186424e-06, "setb": 2.8674492891593212e-05, "bsf": 5.7348985783186424e-06, "cmovge": 1.1469797156637285e-05, "pxor": 1.7204695734955927e-05, "cvtsi2sd": 1.1469797156637285e-05, "divsd": 5.7348985783186424e-06, "xchg": 5.7348985783186424e-06, "nop": 1.1469797156637285e-05}