{"xor": 0.0006114457077900962, "mov": 0.5755538447428176, "pop": 0.0035630608972131972, "and": 0.013171096405533027, "push": 0.010708637782342004, "call": 0.05382667737623088, "hlt": 2.7792986717731646e-06, "cmp": 0.0515254180760027, "jz": 0.03509698362715152, "test": 0.028095930272954924, "jmp": 0.045330361336620315, "ret": 0.00752634080316173, "sub": 0.014143850940653636, "sar": 0.00044468778748370637, "cqo": 5.280667476369013e-05, "idiv": 4.1689480076597474e-05, "jnz": 0.02967457191852208, "dec": 2.7792986717731646e-06, "jnb": 0.0016814756964227647, "inc": 2.7792986717731646e-06, "add": 0.03499137027762415, "nop": 0.007270645325358599, "leave": 0.005355708540506888, "div": 0.0004919358649038501, "jns": 0.00039743971006356255, "ja": 0.003576957390572063, "jle": 0.000928285756372237, "lea": 0.01817939261206827, "shr": 0.002598644258107909, "movzx": 0.027481705266493052, "jbe": 0.0032934689260512, "jg": 0.0006170043051336426, "shl": 0.007812608566354367, "jnl": 0.00014452353093220456, "jb": 0.002595864959436136, "jl": 0.0002779298671773165, "setz": 0.000522508150293355, "movsxd": 0.0020038743423484518, "movaps": 0.0003335158406127798, "cdqe": 0.0026709060235740115, "imul": 0.0009838717298077003, "or": 0.003357392795501983, "js": 0.0002612540751466775, "setg": 2.2234389374185317e-05, "not": 0.0004168948007659747, "neg": 0.0004335705927966137, "setnz": 0.0002751505685055433, "movsx": 0.000928285756372237, "cmovbe": 3.613088273305114e-05, "cdq": 1.9455090702412153e-05, "seta": 3.057228538950481e-05, "cwde": 1.9455090702412153e-05, "mul": 0.00012228914155801925, "cmovae": 9.171685616851444e-05, "cmovb": 2.7792986717731646e-06, "cmovs": 4.1689480076597474e-05, "repnz ": 0.00020288880303944101, "movsd": 3.891018140482431e-05, "fld": 5.558597343546329e-06, "fstp": 5.558597343546329e-06, "setbe": 5.558597343546329e-06, "jno": 1.1117194687092659e-05, "repz ": 1.9455090702412153e-05, "setb": 5.558597343546329e-06, "setle": 2.7792986717731646e-06, "setnl": 2.7792986717731646e-06, "setnb": 8.337896015319495e-06, "setl": 2.7792986717731646e-06, "cmova": 1.1117194687092659e-05, "cmovge": 2.7792986717731646e-06, "cmovle": 8.337896015319495e-06, "pxor": 2.7792986717731646e-06, "cvtsi2sd": 1.1117194687092659e-05, "addsd": 5.558597343546329e-06, "divsd": 2.7792986717731646e-06}