{"xor": 0.0007049118860142482, "mov": 0.5815710536182978, "pop": 0.0037495313085864268, "and": 0.015504311961004874, "push": 0.011068616422947132, "call": 0.04659167604049494, "hlt": 3.7495313085864267e-06, "cmp": 0.05035245594300712, "jz": 0.034750656167979004, "test": 0.027277840269966255, "jmp": 0.041147356580427445, "ret": 0.00780652418447694, "sub": 0.014401949756280464, "sar": 0.0005249343832020997, "cqo": 6.749156355455568e-05, "idiv": 4.499437570303712e-05, "jnz": 0.030468691413573303, "dec": 3.7495313085864267e-06, "jnb": 0.001334833145856768, "inc": 3.7495313085864267e-06, "lea": 0.017645294338207725, "ja": 0.0024221972253468315, "movzx": 0.030907386576677916, "add": 0.036006749156355454, "movsx": 0.0009636295463067117, "nop": 0.007671541057367829, "movsxd": 0.002125984251968504, "shl": 0.007825271841019872, "jg": 0.000641169853768279, "jl": 0.00029996250468691414, "setz": 0.00048743907011623546, "or": 0.0037607799025121858, "leave": 0.0054443194600674915, "jns": 0.000333708286464192, "cdqe": 0.002778402699662542, "jle": 0.0009861267341582302, "js": 0.00026246719160104987, "movaps": 0.00035995500562429695, "jbe": 0.002238470191226097, "shr": 0.003100862392200975, "cmovs": 4.499437570303712e-05, "movsd": 1.8747656542932134e-05, "fld": 7.499062617172853e-06, "fstp": 7.499062617172853e-06, "jb": 0.002635920509936258, "setbe": 7.499062617172853e-06, "jnl": 0.00013498312710911135, "neg": 0.0005174353205849269, "div": 0.0005024371953505812, "mul": 0.0001537307836520435, "jno": 1.4998125234345707e-05, "imul": 0.0009523809523809524, "not": 0.0004574428196475441, "cmovae": 0.00011998500187476565, "repnz ": 0.00022872140982377204, "repz ": 2.6246719160104988e-05, "seta": 1.8747656542932134e-05, "setb": 7.499062617172853e-06, "setnz": 0.00031496062992125983, "setg": 2.249718785151856e-05, "cdq": 1.8747656542932134e-05, "setle": 3.7495313085864267e-06, "setnl": 3.7495313085864267e-06, "setnb": 1.124859392575928e-05, "setl": 3.7495313085864267e-06, "cmovbe": 4.1244844394450696e-05, "cwde": 2.249718785151856e-05, "cmova": 1.4998125234345707e-05, "cmovge": 3.7495313085864267e-06, "cmovle": 1.124859392575928e-05, "pxor": 3.7495313085864267e-06, "cvtsi2sd": 1.4998125234345707e-05, "addsd": 7.499062617172853e-06, "divsd": 3.7495313085864267e-06}