{"xor": 0.0006860205864313268, "mov": 0.5653739829599462, "pop": 0.004302162999654083, "and": 0.01592672369939508, "push": 0.011598398897716074, "call": 0.0521259371012142, "hlt": 2.906866891658164e-06, "cmp": 0.050672503655385115, "jz": 0.03576609023496205, "test": 0.029464002813847152, "jmp": 0.0413559952676207, "ret": 0.008348521712842246, "sub": 0.01483664861502327, "sar": 0.0005348635080651021, "cqo": 9.883347431637758e-05, "idiv": 8.139227296642859e-05, "jnz": 0.03189995726905669, "dec": 2.906866891658164e-06, "jnb": 0.0014708746471790311, "inc": 2.906866891658164e-06, "movzx": 0.03378070014795952, "cdqe": 0.003976593907788368, "add": 0.03511785891812228, "jle": 0.0010086828114053829, "nop": 0.008252595105417529, "lea": 0.01678424943243424, "leave": 0.005653856104275129, "jbe": 0.0021191059640188015, "jg": 0.0007935746614226788, "ja": 0.002261542441710052, "movsx": 0.001485408981637322, "jb": 0.0023807239842680364, "movsxd": 0.0020464342917273473, "jl": 0.00032847595875737254, "shl": 0.0068979951339048235, "jnl": 0.00018022574728280617, "or": 0.0041393784537212255, "imul": 0.0008749669343891073, "neg": 0.0004505643682070154, "shr": 0.0032353428504155366, "mul": 0.0001279021432329592, "setz": 0.0005900939790066073, "not": 0.0005232360404984695, "setnz": 0.0003313828256490307, "setle": 1.1627467566632656e-05, "setg": 2.3254935133265312e-05, "js": 0.00030231415673244905, "jns": 0.0003953338972655103, "cdq": 2.0348068241607148e-05, "repz ": 2.6161802024923477e-05, "seta": 3.19755358082398e-05, "setb": 1.1627467566632656e-05, "cmovle": 1.7441201349948983e-05, "cbw": 2.906866891658164e-06, "setnl": 5.813733783316328e-06, "div": 0.00040986823172380114, "movaps": 0.000372078962132245, "repnz ": 0.00018022574728280617, "bsr": 2.906866891658164e-06, "setbe": 2.3254935133265312e-05, "cmova": 1.453433445829082e-05, "cmovs": 3.778926959155613e-05, "movsd": 1.453433445829082e-05, "fld": 5.813733783316328e-06, "fstp": 5.813733783316328e-06, "cmovge": 2.906866891658164e-06, "jno": 1.1627467566632656e-05, "cmovae": 9.301974053306125e-05, "setnb": 8.720600674974492e-06, "setl": 2.906866891658164e-06, "cmovbe": 3.19755358082398e-05, "cwde": 1.7441201349948983e-05, "pxor": 2.906866891658164e-06, "cvtsi2sd": 1.1627467566632656e-05, "addsd": 5.813733783316328e-06, "divsd": 2.906866891658164e-06}