{"mov": 0.3706545950198916, "ud2": 7.757178160218974e-05, "call": 0.05853899090193818, "nop": 0.04236527443788163, "xchg": 0.003418699232039362, "push": 0.02481188842961469, "sub": 0.01642305433349217, "xor": 0.027654340141180643, "lea": 0.03343343787054378, "cmp": 0.057502853533394654, "jz": 0.06042287702656279, "ja": 0.005141900951916577, "jmp": 0.03899090193818637, "jnz": 0.03443633018982923, "movzx": 0.018805616196988, "jle": 0.0011247908332317513, "test": 0.05803477432152395, "movsxd": 0.0025321645851571935, "jnl": 0.000470971531156152, "jl": 0.00011081683086027106, "add": 0.03453606533760348, "pop": 0.03603209255421713, "ret": 0.013436540741807865, "cmovnz": 0.0008976163299681956, "and": 0.011896186792850098, "hlt": 5.5408415430135525e-06, "sar": 0.0006261150943605314, "cqo": 4.432673234410842e-05, "idiv": 6.094925697314908e-05, "dec": 5.5408415430135525e-06, "jnb": 0.002377021021952814, "inc": 5.5408415430135525e-06, "jbe": 0.005357993772094106, "not": 0.001063841576258602, "shr": 0.003734527199991135, "cmovz": 0.001562517315129822, "sbb": 0.002371480180409801, "cmovb": 0.0002936646017797183, "js": 0.0007757178160218974, "shl": 0.004931348973282062, "cmovg": 2.7704207715067766e-05, "movaps": 0.0008976163299681956, "cmovl": 2.7704207715067766e-05, "repz ": 0.0020279480047429603, "seta": 0.001773069293764337, "jb": 0.002543246268243221, "setz": 0.0013907512272964017, "or": 0.005413402187524241, "setb": 3.3245049258081315e-05, "setnz": 0.0012411485056350359, "jns": 0.00014406188011835237, "movdqa": 0.00024379702789259632, "movups": 0.0012910160795221578, "adc": 3.878589080109487e-05, "cdqe": 0.00036569554183889447, "movsx": 0.0008089628652799787, "cmovae": 0.0002327153448065692, "cmovns": 5.540841543013553e-05, "setbe": 0.00010527598931725751, "cmova": 0.00021609282017752857, "fld": 5.5408415430135525e-06, "fstp": 5.5408415430135525e-06, "movsd": 1.6622524629040658e-05, "cmovs": 4.432673234410842e-05, "movdqu": 0.001274393554893117, "jg": 0.0006039517281884772, "div": 0.0006039517281884772, "mul": 0.0002659603940646505, "jo": 2.216336617205421e-05, "imul": 0.0014738638504416051, "bswap": 5.540841543013553e-05, "rol": 4.432673234410842e-05, "bt": 0.00016068440474739304, "neg": 0.0005208391050432739, "cmovbe": 0.00026041955252163696, "setl": 1.1081683086027105e-05, "pxor": 0.0001883886124624608, "setg": 4.432673234410842e-05, "bts": 3.3245049258081315e-05, "pcmpeqd": 5.5408415430135525e-06, "cwde": 1.6622524629040658e-05, "cdq": 1.6622524629040658e-05, "setle": 5.5408415430135525e-06, "setnl": 5.5408415430135525e-06, "setnb": 5.5408415430135525e-06, "bsf": 5.5408415430135525e-06, "repnz ": 0.0003989405910969758, "cmovge": 1.6622524629040658e-05, "cmovle": 2.216336617205421e-05, "leave": 5.5408415430135525e-06, "cvtsi2sd": 1.1081683086027105e-05, "divsd": 5.5408415430135525e-06}