{"xor": 0.0012073755406815225, "mov": 0.4210106788263841, "pop": 0.02386031954424504, "and": 0.010631938013574184, "push": 0.02648606829291165, "call": 0.06605399195864446, "hlt": 5.861046313987973e-06, "cmp": 0.06535652744727989, "jz": 0.06441876003704182, "test": 0.05407401329285304, "jmp": 0.05028777737401681, "ret": 0.012970495492855385, "sub": 0.017606583127219872, "sar": 0.0007384918355624846, "cqo": 5.274941682589176e-05, "idiv": 7.619360208184364e-05, "jnz": 0.03213025589328207, "dec": 5.861046313987973e-06, "jnb": 0.0027429696749463714, "inc": 5.861046313987973e-06, "add": 0.034228510473689765, "repnz ": 0.0019282842373020432, "not": 0.0022799470161413214, "jnl": 0.00014066511153571135, "jbe": 0.005597299229858514, "cmovnz": 0.0010374051975758712, "cmovz": 0.0012659860038214022, "lea": 0.0346973941788088, "shr": 0.0038448463819761103, "js": 0.0008439906692142682, "jg": 0.0006212709092827251, "cmovb": 0.00029305231569939867, "jle": 0.0014066511153571135, "movzx": 0.021580372528103717, "ja": 0.005315969006787092, "cdqe": 0.0005450773072008815, "jl": 0.00014652615784969933, "movsxd": 0.002426473173991021, "shl": 0.0057731306192781535, "movaps": 0.0002461639451874949, "cmovl": 2.9305231569939864e-05, "repz ": 0.002121698765663646, "seta": 0.0018579516815341874, "sbb": 0.0022506417845713817, "setz": 0.0016352319216026445, "or": 0.005732103295080238, "jb": 0.0019986167930698987, "setnz": 0.0013480406522172338, "jns": 0.00012308197259374744, "movdqu": 0.0015824825047767528, "movups": 0.0015824825047767528, "adc": 4.688837051190379e-05, "neg": 0.0006036877703407612, "cmovbe": 0.0003458017325252904, "cmovae": 0.0002461639451874949, "movsx": 0.0009670726418080156, "cmovns": 8.205464839583163e-05, "setbe": 8.791569470981959e-05, "cmova": 0.0002754691767574347, "cmovs": 2.9305231569939864e-05, "movsd": 1.758313894196392e-05, "fld": 5.861046313987973e-06, "fstp": 5.861046313987973e-06, "setg": 5.274941682589176e-05, "div": 0.0007560749745044485, "mul": 0.00025202499150148286, "jo": 2.3444185255951893e-05, "imul": 0.0015707604121487767, "btc": 1.1722092627975947e-05, "bt": 0.00012308197259374744, "setl": 1.1722092627975947e-05, "cmovg": 2.9305231569939864e-05, "bts": 2.9305231569939864e-05, "setnb": 2.9305231569939864e-05, "cwde": 1.758313894196392e-05, "cdq": 2.9305231569939864e-05, "setle": 5.861046313987973e-06, "setnl": 5.861046313987973e-06, "setb": 2.9305231569939864e-05, "bsf": 5.861046313987973e-06, "cmovge": 1.1722092627975947e-05, "cmovle": 3.516627788392784e-05, "pxor": 1.758313894196392e-05, "cvtsi2sd": 1.1722092627975947e-05, "divsd": 5.861046313987973e-06, "xchg": 5.861046313987973e-06, "nop": 1.1722092627975947e-05}