{"mov": 0.37068339278550594, "ud2": 7.589639058451064e-05, "call": 0.05935639860784335, "nop": 0.04249113638581388, "xchg": 0.003447864600839197, "push": 0.025018703039108327, "sub": 0.01627977578037753, "xor": 0.028325617200290573, "lea": 0.03318298619769926, "test": 0.05814205635849118, "js": 0.0007752274181132157, "cmp": 0.056922292938382975, "jle": 0.0011926575663280242, "jmp": 0.039260118615216145, "add": 0.034110006396981495, "jnz": 0.0343485379102471, "movsxd": 0.0027160065487742734, "jz": 0.060196680075029006, "ja": 0.005095900510674285, "shl": 0.004857368997408681, "jns": 0.00017347746419316715, "not": 0.0010625494681831488, "or": 0.005356116706964036, "repnz ": 0.00040116663594669906, "cdqe": 0.00038490312367858964, "movzx": 0.018800620181934492, "jnb": 0.0023527881081198297, "movsq": 5.421170756036473e-06, "jb": 0.0024991597185328143, "setz": 0.0013715562012772279, "and": 0.011671780637746527, "jg": 0.0006288558077002309, "pop": 0.036072470210666695, "hlt": 5.421170756036473e-06, "ret": 0.013471609328750637, "sar": 0.0006342769784562674, "cqo": 4.3369366048291787e-05, "idiv": 5.963287831640121e-05, "dec": 5.421170756036473e-06, "inc": 5.421170756036473e-06, "movsx": 0.0008890720039899817, "neg": 0.000515011221823465, "adc": 4.3369366048291787e-05, "cmovbe": 0.0002656373670457872, "cmovnz": 0.0008944931747460181, "jbe": 0.005253114462599343, "pxor": 0.00018974097646127656, "movups": 0.0012848174691806442, "setg": 4.879053680432826e-05, "cmovz": 0.001523348982446249, "shr": 0.00365929026032462, "cmovns": 5.963287831640121e-05, "cmovg": 3.252702453621884e-05, "cmova": 0.00021684683024145895, "repz ": 0.001989569667465386, "movaps": 0.0008782296624779087, "cmovl": 2.710585378018237e-05, "jnl": 0.0004499571727510273, "seta": 0.0017347746419316716, "sbb": 0.0023148399128275743, "jl": 0.000103002244364693, "setb": 3.252702453621884e-05, "setnz": 0.0012143422493521702, "movdqa": 0.00023853151326560485, "cmovb": 0.00027647970855786016, "cmovae": 0.00022768917175353188, "setbe": 0.000103002244364693, "fld": 5.421170756036473e-06, "fstp": 5.421170756036473e-06, "movsd": 1.626351226810942e-05, "cmovs": 4.3369366048291787e-05, "cmovle": 2.1684683024145893e-05, "movdqu": 0.001246869273888389, "div": 0.0005909076124079757, "mul": 0.00026021619628975075, "jo": 2.1684683024145893e-05, "imul": 0.001442031421105702, "bswap": 5.421170756036474e-05, "rol": 4.3369366048291787e-05, "bt": 0.00015721395192505773, "setl": 1.0842341512072947e-05, "bts": 3.252702453621884e-05, "pcmpeqd": 5.421170756036473e-06, "cwde": 1.626351226810942e-05, "cdq": 1.626351226810942e-05, "setle": 5.421170756036473e-06, "setnl": 5.421170756036473e-06, "setnb": 5.421170756036473e-06, "bsf": 5.421170756036473e-06, "cmovge": 1.626351226810942e-05, "leave": 5.421170756036473e-06, "cvtsi2sd": 1.0842341512072947e-05, "divsd": 5.421170756036473e-06}