{"xor": 0.0010280813065444718, "mov": 0.4250283946265617, "pop": 0.024159910703795088, "and": 0.00954646927505581, "push": 0.026602827713155523, "call": 0.07106000078330005, "hlt": 4.89562526925939e-06, "cmp": 0.062125484666901654, "jz": 0.06442153291818431, "test": 0.05628010809540594, "jmp": 0.05107605843418321, "ret": 0.012371245055418478, "sub": 0.016571691536443035, "sar": 0.0006755962871577958, "cqo": 4.406062742333451e-05, "idiv": 6.364312850037207e-05, "jnz": 0.031723651744800845, "dec": 4.89562526925939e-06, "jnb": 0.002584890142168958, "inc": 4.89562526925939e-06, "movzx": 0.01997415109857831, "div": 0.0006658050366192771, "lea": 0.035243606313398346, "setnz": 0.0016057650883170799, "add": 0.03185583362707085, "ja": 0.005336231543492735, "jb": 0.0018064857243567148, "sbb": 0.0022764657502056165, "setz": 0.0018162769748952337, "repz ": 0.00216876199428191, "seta": 0.0018603376023185682, "repnz ": 0.0022470919985900597, "not": 0.0024722907609759917, "cdqe": 0.00047487565111816084, "cmovnz": 0.0009154819253515059, "or": 0.00529706654133866, "jbe": 0.005071867778952728, "movsxd": 0.0023499001292445073, "shr": 0.0034367289390200917, "js": 0.0008273606705048368, "cmovl": 3.426937688481573e-05, "jle": 0.0014099400775467042, "imul": 0.001370775075392629, "jns": 0.00015176438334704107, "jg": 0.0005923706575803861, "cmovz": 0.001243488818391885, "bt": 0.00015176438334704107, "shl": 0.005262797164453844, "cmova": 0.0002349900129244507, "cmovb": 0.0002447812634629695, "cmovae": 0.00021051188657815375, "jnl": 0.0001468687580777817, "cmovbe": 0.0002986331414248228, "cmovg": 3.426937688481573e-05, "neg": 0.0005385187796185329, "movsx": 0.0009399600516978028, "jl": 0.00013218188227000352, "cdq": 3.426937688481573e-05, "movq": 4.89562526925939e-06, "movsd": 2.9373751615556338e-05, "cmovs": 2.9373751615556338e-05, "setg": 4.89562526925939e-05, "movdqu": 0.0014588963302392983, "movups": 0.0014588963302392983, "setb": 4.89562526925939e-05, "movaps": 0.00020561626130889438, "adc": 3.916500215407512e-05, "cmovns": 6.853875376963146e-05, "setbe": 7.343437903889085e-05, "fld": 4.89562526925939e-06, "fstp": 4.89562526925939e-06, "mul": 0.00021051188657815375, "jo": 1.958250107703756e-05, "btc": 9.79125053851878e-06, "setl": 9.79125053851878e-06, "bts": 2.447812634629695e-05, "setnb": 2.447812634629695e-05, "cwde": 1.4686875807778169e-05, "setle": 4.89562526925939e-06, "setnl": 4.89562526925939e-06, "bsf": 4.89562526925939e-06, "cmovge": 9.79125053851878e-06, "cmovle": 2.9373751615556338e-05, "pxor": 1.4686875807778169e-05, "cvtsi2sd": 9.79125053851878e-06, "divsd": 4.89562526925939e-06, "nop": 1.4686875807778169e-05}