{"call": 0.059135482097672575, "mov": 0.37327302565097537, "ud2": 6.871518767330375e-05, "and": 0.011055061075675632, "nop": 0.03827031746416705, "push": 0.021964607636278385, "sub": 0.016047017356647993, "xor": 0.02853701323373673, "lea": 0.037494240050445035, "test": 0.05816942740038319, "js": 0.0009094657192054908, "jz": 0.06007728437578315, "cmp": 0.05722762512227261, "ja": 0.005428499826190996, "jmp": 0.04002457578476786, "jnz": 0.03370277851882392, "jle": 0.001232831308256332, "jl": 0.0003557021479559253, "movsxd": 0.003464053872707136, "add": 0.033403665348951894, "jnl": 0.000424417335629229, "jns": 0.0002263559123355888, "or": 0.004684758971374061, "setnz": 0.0013136727055190422, "movzx": 0.01827419785123566, "sbb": 0.002473746756238935, "jg": 0.0011196533520885375, "jbe": 0.005185975634402865, "jb": 0.0023161060315766498, "repnz ": 0.0003112393794614346, "not": 0.0010186016055101497, "cmovnz": 0.0007235305055012571, "pop": 0.03258716723659852, "ret": 0.010941883119507837, "cmovz": 0.0016208700151173414, "shl": 0.004814105206994397, "bt": 0.00016168279452542057, "movsx": 0.0012692099370245516, "neg": 0.00043654354521863555, "jnb": 0.002445452267196986, "movq": 0.0012732520068876871, "movhps": 0.0008164981123533739, "movaps": 0.001390472032918617, "movdqa": 0.0006265208287860048, "movups": 0.0035004325014753555, "setz": 0.0013419671945609907, "hlt": 4.0420698631355145e-06, "sar": 0.0005861001301546496, "cqo": 3.2336558905084116e-05, "idiv": 4.446276849449066e-05, "dec": 4.0420698631355145e-06, "inc": 4.0420698631355145e-06, "xchg": 0.003104309654888075, "repz ": 0.0021301708178724163, "seta": 0.0018270155781372525, "pxor": 0.0011236954219516731, "cdqe": 0.00047292217398685517, "div": 0.0005012166630288038, "shr": 0.0038763449987469583, "imul": 0.0011722002603092993, "punpcklqdq": 0.0004122911260398225, "cmovb": 0.00025869247124067293, "cmovae": 0.0001697669342516916, "cmovbe": 0.0002869869602826215, "cmova": 0.00017380900411482713, "cmovg": 3.637862876821963e-05, "cdq": 2.021034931567757e-05, "movsd": 3.637862876821963e-05, "pcmpeqd": 2.82944890419486e-05, "movdqu": 0.0011398637014042152, "shufpd": 8.084139726271029e-06, "setb": 4.8504838357626174e-05, "punpckldq": 4.0420698631355145e-06, "paddd": 2.82944890419486e-05, "punpckhdq": 1.2126209589406544e-05, "cmovl": 4.8504838357626174e-05, "cmovns": 4.042069863135514e-05, "fld": 4.0420698631355145e-06, "fstp": 4.0420698631355145e-06, "cmovs": 4.446276849449066e-05, "setbe": 8.084139726271028e-05, "mul": 0.00036782835754533183, "jo": 2.021034931567757e-05, "bswap": 4.042069863135514e-05, "rol": 3.2336558905084116e-05, "paddq": 7.679932739957477e-05, "setl": 8.084139726271029e-06, "setnb": 9.296760685211684e-05, "setg": 2.82944890419486e-05, "bts": 2.4252419178813087e-05, "adc": 2.4252419178813087e-05, "psubq": 4.0420698631355145e-06, "cwde": 1.2126209589406544e-05, "movd": 6.871518767330375e-05, "psrlq": 4.0420698631355145e-06, "pmuludq": 8.084139726271029e-06, "psllq": 4.0420698631355145e-06, "psrldq": 1.2126209589406544e-05, "setle": 4.0420698631355145e-06, "setnl": 4.0420698631355145e-06, "bsf": 4.0420698631355145e-06, "cmovge": 8.892553698898132e-05, "punpcklwd": 1.2126209589406544e-05, "pshufd": 2.82944890419486e-05, "cmovle": 3.2336558905084116e-05, "movsb": 8.084139726271029e-06, "pand": 4.0420698631355145e-06, "pandn": 1.2126209589406544e-05, "por": 4.0420698631355145e-06, "leave": 1.6168279452542058e-05, "cvtsi2sd": 8.084139726271029e-06, "divsd": 4.0420698631355145e-06, "pcmpeqb": 4.0420698631355145e-06, "pcmpgtb": 4.0420698631355145e-06, "punpcklbw": 4.0420698631355145e-06, "punpckhbw": 4.0420698631355145e-06, "pcmpgtw": 8.084139726271029e-06, "punpckhwd": 8.084139726271029e-06}