{"call": 0.06283802984212464, "mov": 0.3710560273545045, "ud2": 6.987696994824446e-05, "nop": 0.04108765832956774, "push": 0.02519763536333695, "sub": 0.015405542641256294, "xor": 0.030866986858471186, "lea": 0.035082897378681935, "test": 0.059716858517769714, "js": 0.0007453543461146075, "jz": 0.06062525912709689, "cmp": 0.054746276722117924, "ja": 0.005059092624252899, "jmp": 0.03977862975920396, "jnz": 0.0338437457782664, "jle": 0.0011040561251822625, "jl": 0.00011646161658040743, "movsxd": 0.002413084695546042, "add": 0.03228316011608894, "jnl": 0.00043323721367911563, "jns": 0.000172363192539003, "or": 0.005077726482905764, "setnz": 0.0013416378230062937, "movzx": 0.017292220829858894, "and": 0.010681859472754969, "sbb": 0.0023478661902610136, "jg": 0.0005869665475652534, "shl": 0.00457927076394162, "jbe": 0.004923997149019626, "jb": 0.002254696896996688, "repnz ": 0.00034938484974122227, "not": 0.000941009861969692, "cmovnz": 0.0007919389927467705, "pop": 0.03749132360956476, "ret": 0.01310891956229066, "cmovz": 0.0015186594802085128, "bt": 0.0001630462632125704, "neg": 0.0004565295369951971, "jnb": 0.002273330755649553, "setz": 0.0015419518035245943, "movsx": 0.0008105728513996358, "hlt": 4.658464663216297e-06, "sar": 0.0005869665475652534, "cqo": 3.726771730573038e-05, "idiv": 5.124311129537927e-05, "dec": 4.658464663216297e-06, "inc": 4.658464663216297e-06, "xchg": 0.003302851446220355, "repz ": 0.002054382916478387, "seta": 0.001756241178032544, "div": 0.0005403819009330904, "cdqe": 0.0003260925264251408, "shr": 0.0033680699515053827, "cmovl": 3.260925264251408e-05, "imul": 0.0012950531763741306, "cmovb": 0.00024689862715046373, "cmovae": 0.00020031398051830078, "cmovbe": 0.00022826476849759856, "cmova": 0.00018633858652865188, "cmovg": 3.726771730573038e-05, "cdq": 1.863385865286519e-05, "pxor": 0.00023758169782403115, "movups": 0.0013230039643534284, "movsd": 4.192618196894668e-05, "movdqu": 0.0011646161658040743, "movaps": 0.0007779635987571216, "setb": 5.124311129537927e-05, "movdqa": 0.00024224016248724746, "adc": 3.260925264251408e-05, "cmovns": 4.658464663216297e-05, "setbe": 8.851082860110965e-05, "fld": 4.658464663216297e-06, "fstp": 4.658464663216297e-06, "cmovs": 3.726771730573038e-05, "mul": 0.00022360630383438227, "jo": 1.863385865286519e-05, "bswap": 4.658464663216297e-05, "rol": 3.726771730573038e-05, "setl": 9.316929326432595e-06, "setg": 3.726771730573038e-05, "bts": 2.7950787979297784e-05, "pcmpeqd": 4.658464663216297e-06, "cwde": 1.3975393989648892e-05, "setle": 4.658464663216297e-06, "setnl": 4.658464663216297e-06, "setnb": 4.658464663216297e-06, "bsf": 4.658464663216297e-06, "cmovge": 1.3975393989648892e-05, "cmovle": 1.863385865286519e-05, "leave": 4.658464663216297e-06, "cvtsi2sd": 9.316929326432595e-06, "divsd": 4.658464663216297e-06}