{"mov": 0.3707378485702243, "ud2": 7.7644918694678e-05, "call": 0.058510992302060916, "nop": 0.0423386649510837, "xchg": 0.0034274685538079287, "push": 0.024802005457328573, "xor": 0.0276915056458948, "sub": 0.016410808172682298, "lea": 0.03345386782616412, "cmp": 0.05742396344033543, "jz": 0.06046875346629101, "ja": 0.0051522949619539895, "jmp": 0.039044301972180936, "test": 0.05814495197107172, "movsxd": 0.0025290059231980835, "cmovz": 0.0015584444395146083, "jle": 0.0011203052554517826, "or": 0.005424052177385363, "jnz": 0.03440779111298445, "js": 0.0007875413181888768, "jg": 0.0006156132839363755, "movzx": 0.018823346717838366, "shl": 0.00494154446835415, "and": 0.011896310757148879, "jbe": 0.00536304545555383, "pop": 0.0359828737493622, "cmovnz": 0.0008818244337467001, "add": 0.03442442930984759, "ret": 0.013388202409210907, "hlt": 5.546065621048428e-06, "sar": 0.0006267054151784724, "cqo": 4.4368524968387425e-05, "idiv": 6.100672183153271e-05, "dec": 5.546065621048428e-06, "jnb": 0.0023848082170508243, "inc": 5.546065621048428e-06, "cmovg": 2.773032810524214e-05, "movaps": 0.0008984626306098454, "cmovl": 2.773032810524214e-05, "jnl": 0.0004603234465470195, "not": 0.0010592985336202497, "repz ": 0.002029860017303725, "seta": 0.001774740998735497, "sbb": 0.002368170020187679, "jl": 0.00010537524679992014, "jb": 0.0025456441200612284, "shr": 0.003726956097344544, "movsx": 0.0008097255806730706, "setz": 0.0013920624708831555, "cmovae": 0.000232934756084034, "cmovns": 5.546065621048428e-05, "setbe": 0.00010537524679992014, "cmova": 0.0002162965592208887, "cdqe": 0.00036604033098919627, "fld": 5.546065621048428e-06, "fstp": 5.546065621048428e-06, "movsd": 1.6638196863145284e-05, "cmovs": 4.4368524968387425e-05, "setnz": 0.001242318699114848, "movdqu": 0.0012755950928411385, "movups": 0.0012922332897042838, "jns": 0.00014419770614725914, "div": 0.0006045211526942787, "mul": 0.00026621114981032455, "jo": 2.2184262484193712e-05, "imul": 0.001475253455198882, "bswap": 5.546065621048428e-05, "rol": 4.4368524968387425e-05, "setb": 3.327639372629057e-05, "cmovb": 0.0002828493466734698, "bt": 0.00016083590301040442, "neg": 0.0005213301683785523, "cmovbe": 0.00026066508418927614, "setl": 1.1092131242096856e-05, "pxor": 0.00018856623111564657, "setg": 4.4368524968387425e-05, "movdqa": 0.00024402688732613084, "bts": 3.327639372629057e-05, "adc": 3.8822459347339e-05, "pcmpeqd": 5.546065621048428e-06, "cwde": 1.6638196863145284e-05, "cdq": 1.6638196863145284e-05, "setle": 5.546065621048428e-06, "setnl": 5.546065621048428e-06, "setnb": 5.546065621048428e-06, "bsf": 5.546065621048428e-06, "repnz ": 0.0003993167247154868, "cmovge": 1.6638196863145284e-05, "cmovle": 2.2184262484193712e-05, "leave": 5.546065621048428e-06, "cvtsi2sd": 1.1092131242096856e-05, "divsd": 5.546065621048428e-06}