{"xor": 0.02758953184110358, "mov": 0.341299927293652, "pop": 0.04321556460172862, "and": 0.011761321000470453, "push": 0.016045941080641838, "lea": 0.05331669252213267, "call": 0.05096054028203842, "hlt": 1.1664120000466565e-05, "nop": 0.01087095984043484, "cmp": 0.05680037636227202, "jz": 0.05082445888203298, "test": 0.04938588408197544, "jmp": 0.03077772464123111, "ret": 0.013370969560534839, "sub": 0.01211902068048476, "sar": 0.0010147784400405912, "shr": 0.0067807417602712295, "add": 0.07117057220284682, "jnz": 0.032507902441300314, "repz ": 1.5552160000622085e-05, "stmxcsr": 1.5552160000622085e-05, "or": 0.005699866640227994, "ldmxcsr": 1.5552160000622085e-05, "ja": 0.0031298722001251948, "movzx": 0.011049809680441992, "movsxd": 0.005373271280214931, "jg": 0.0016563050400662522, "jl": 0.001877923320075117, "jle": 0.0014696791200587871, "shl": 0.0050855563202034226, "jnb": 0.004506238360180249, "cmovnz": 0.001438574800057543, "movd": 0.0003965800800158632, "punpcklbw": 0.000536549520021462, "pshufd": 0.0003032671200121307, "pxor": 0.0023989206800959567, "movdqa": 0.002846045280113842, "pcmpeqb": 0.0021578622000863147, "pmovmskb": 0.0021656382800866254, "bsr": 6.998472000279939e-05, "dec": 0.00268274760010731, "xchg": 0.000723175440028927, "jb": 0.005474360320218975, "inc": 0.01039273092041571, "jbe": 0.0031337602401253504, "cmovge": 4.665648000186626e-05, "neg": 0.002639979160105599, "bsf": 0.001990676480079627, "jnl": 0.001275277120051011, "js": 8.164884000326595e-05, "sbb": 0.0009292415600371697, "movaps": 0.007535021520301401, "cmovz": 0.001430798720057232, "movsx": 0.0017107376000684296, "setz": 0.0003732518400149301, "cmova": 0.0004860050000194402, "fld": 1.1664120000466565e-05, "fstp": 7.776080000311043e-06, "cmovl": 0.00012441728000497668, "movsd": 1.1664120000466565e-05, "cdq": 1.5552160000622085e-05, "setnz": 0.00045490068001819605, "setle": 7.776080000311043e-06, "cmovle": 0.00036547576001461904, "movups": 0.0022628392800905137, "jns": 0.0003071551600122862, "div": 0.0005093332400203733, "cmovae": 0.00027993888001119757, "cmovb": 0.0004393485200175739, "imul": 0.001609648560064386, "btc": 2.332824000093313e-05, "not": 0.0004160202800166408, "movdqu": 0.005672650360226906, "cmovbe": 0.00012441728000497668, "movq": 0.00034992360001399696, "btr": 3.8880400001555215e-05, "punpcklwd": 0.00010497708000419909, "paddd": 8.553688000342148e-05, "psrldq": 0.0007076232800283049, "psrlq": 2.332824000093313e-05, "cqo": 2.332824000093313e-05, "idiv": 5.054452000202178e-05, "pand": 0.0001283053200051322, "punpcklqdq": 6.998472000279939e-05, "paddq": 0.00012441728000497668, "bt": 0.00027216280001088653, "setg": 8.553688000342148e-05, "setbe": 3.110432000124417e-05, "seta": 0.00011664120000466564, "setb": 6.998472000279939e-05, "bts": 5.832060000233282e-05, "mul": 0.00021773024000870921, "pcmpeqd": 5.054452000202178e-05, "psubq": 8.164884000326595e-05, "movhpd": 5.054452000202178e-05, "pandn": 6.998472000279939e-05, "por": 0.00015940964000637638, "psrad": 7.387276000295491e-05, "adc": 0.000738727600029549, "unpcklpd": 3.888040000155521e-06, "setnb": 2.7216280001088652e-05, "cmovg": 7.387276000295491e-05, "setnl": 7.776080000311043e-06, "setl": 3.888040000155521e-06, "psubd": 6.220864000248834e-05, "punpckldq": 1.9440200000777607e-05, "pcmpgtd": 3.110432000124417e-05, "pslld": 3.110432000124417e-05, "packssdw": 1.5552160000622085e-05, "psubw": 1.5552160000622085e-05, "movmskps": 3.888040000155521e-06, "cvtsi2sd": 7.776080000311043e-06, "divsd": 3.888040000155521e-06, "endbr64": 0.0003693638000147745, "bswap": 7.776080000311043e-06, "pslldq": 0.0004665648000186626, "vmovdqu64": 6.220864000248834e-05, "prefetcht1": 0.00015552160000622086, "vmovaps": 0.00017107376000684296, "vmovntdq": 9.331296000373252e-05, "sfence": 5.4432560002177303e-05, "vmovups": 0.0006842950400273718, "outsb": 7.776080000311043e-06, "vpbroadcastd": 7.776080000311043e-06, "stosd": 7.776080000311043e-06, "insb": 1.1664120000466565e-05, "fadd": 0.0002566106400102644, "jrcxz": 0.00024883456000995336, "vmovdqu": 6.220864000248834e-05, "vmovdqa": 6.220864000248834e-05, "prefetcht0": 9.331296000373252e-05, "stosb": 1.1664120000466565e-05, "loopne": 0.00012441728000497668, "vzeroupper": 3.888040000155521e-06, "vmovq": 3.888040000155521e-06, "cld": 5.054452000202178e-05, "lock ": 7.776080000311043e-06, "clc": 7.776080000311043e-06, "iretd": 3.888040000155521e-06, "in": 1.5552160000622085e-05, "scasd": 3.888040000155521e-06, "int3": 7.776080000311043e-06, "cmpsd": 3.888040000155521e-06, "outsd": 7.776080000311043e-06, "lahf": 3.888040000155521e-06, "ud2": 0.0010847631600433905, "cli": 5.832060000233282e-05, "out": 1.1664120000466565e-05, "loope": 3.888040000155521e-06, "cmc": 7.776080000311043e-06, "rol": 3.888040000155521e-06, "prefetchnta": 0.0003032671200121307, "movntdq": 0.00036547576001461904, "movnti": 6.220864000248834e-05, "cwde": 3.888040000155521e-06, "jp": 7.776080000311043e-06, "jo": 7.776080000311043e-06, "popfq": 1.9440200000777607e-05, "sti": 5.4432560002177303e-05, "std": 5.054452000202178e-05, "stc": 3.8880400001555215e-05, "palignr": 0.0027993888001119757, "lfence": 1.5552160000622085e-05, "lddqu": 0.002223958880088958, "cpuid": 0.00010108904000404356, "xgetbv": 3.888040000155521e-06, "pushfq": 1.5552160000622085e-05, "fxsave": 3.888040000155521e-06}