{"xor": 0.0314540793990574, "mov": 0.3334198838813694, "pop": 0.04225377627085893, "and": 0.011986244501272595, "push": 0.016554301914477994, "lea": 0.05920963247215538, "call": 0.057093169652157376, "hlt": 9.057615492145538e-06, "nop": 0.010712139922044122, "cmp": 0.05963534040028622, "jz": 0.052404344032390034, "test": 0.04988028851524547, "jmp": 0.033359197857572014, "ret": 0.013049004719017671, "sub": 0.01087819620606679, "sar": 0.0009057615492145538, "shr": 0.007143439418138781, "add": 0.06101813636542044, "jnz": 0.03521600903346185, "repz ": 1.207682065619405e-05, "movzx": 0.010781581640817238, "inc": 0.010823850513113917, "movdqu": 0.004719017671407825, "movups": 0.002391210489926422, "ja": 0.002946744240111348, "jnb": 0.0043899243085265376, "jb": 0.004957534879367658, "movsx": 0.002080232358029425, "dec": 0.0028923985471584752, "cmovl": 0.00011171059106979497, "jle": 0.001419026427102801, "movsxd": 0.005374185192006353, "pxor": 0.002161750897458735, "pcmpeqb": 0.0019745601772877272, "pmovmskb": 0.0019866369979439215, "bsf": 0.001877945612038175, "jbe": 0.003046378010524949, "cmovz": 0.0014975257613680623, "movd": 0.0005343993140365867, "punpcklbw": 0.0005676105708411203, "pshufd": 0.0003139973370610453, "movdqa": 0.002309691950497112, "jg": 0.0015941403266176146, "sbb": 0.0010174721402843488, "stmxcsr": 1.207682065619405e-05, "or": 0.006584886462789806, "ldmxcsr": 1.207682065619405e-05, "jl": 0.0018507727655617382, "cmovnz": 0.0013163734515251515, "cmovge": 5.1326487788824716e-05, "xchg": 0.0007004555980592549, "imul": 0.0013797767599701702, "neg": 0.0026478429288705457, "mul": 0.0001871907201710078, "cmovb": 0.00034720859386557895, "js": 0.00012982582205408604, "movq": 0.00029890131124080273, "setnz": 0.0004558999797713254, "not": 0.0005917642121535085, "setg": 7.24609239371643e-05, "setnl": 1.8115230984291076e-05, "setle": 1.207682065619405e-05, "setz": 0.0005162840830522956, "jnl": 0.001225797296603696, "shl": 0.004782420979852844, "cmova": 0.00041061190231059773, "cqo": 7.24609239371643e-05, "idiv": 9.66145652495524e-05, "cdq": 2.113443614833959e-05, "jns": 0.00027474766992841465, "pcmpeqd": 5.7364898116921736e-05, "pcmpeqw": 6.038410328097025e-06, "cmovg": 6.944171877311579e-05, "div": 0.0004498615694432284, "movaps": 0.005965949404159861, "cmovle": 0.0002868244905846087, "adc": 0.0005857258018254115, "cmovae": 0.00022342118213958994, "bt": 0.0002173827718114929, "bts": 5.4345692952873226e-05, "setnb": 2.41536413123881e-05, "bsr": 6.038410328097025e-05, "btr": 3.924966713263066e-05, "setl": 6.038410328097025e-06, "unpcklps": 4.226887229667918e-05, "movlhps": 2.113443614833959e-05, "psrldq": 0.0006038410328097025, "btc": 2.41536413123881e-05, "cmovbe": 0.00010265297557764943, "seta": 9.66145652495524e-05, "setb": 5.7364898116921736e-05, "fld": 9.057615492145538e-06, "fstp": 6.038410328097025e-06, "movsd": 9.057615492145538e-06, "setbe": 2.41536413123881e-05, "punpcklwd": 8.151853942930984e-05, "paddd": 6.642251360906727e-05, "psrlq": 1.8115230984291076e-05, "pand": 9.963377041360092e-05, "punpcklqdq": 5.4345692952873226e-05, "paddq": 9.66145652495524e-05, "psubq": 6.340330844501877e-05, "movhpd": 3.924966713263066e-05, "pandn": 5.4345692952873226e-05, "por": 0.000123787411725989, "psrad": 5.7364898116921736e-05, "unpcklpd": 3.0192051640485125e-06, "psubd": 4.83072826247762e-05, "punpckldq": 1.5096025820242563e-05, "pcmpgtd": 2.41536413123881e-05, "pslld": 2.41536413123881e-05, "packssdw": 1.207682065619405e-05, "psubw": 1.207682065619405e-05, "movmskps": 3.0192051640485125e-06, "cvtsi2sd": 6.038410328097025e-06, "divsd": 3.0192051640485125e-06, "endbr64": 0.0002868244905846087, "bswap": 6.038410328097025e-06, "pslldq": 0.0003623046196858215, "vmovdqu64": 4.83072826247762e-05, "prefetcht1": 0.0001207682065619405, "vmovaps": 0.00013284502721813455, "vmovntdq": 7.24609239371643e-05, "sfence": 4.226887229667918e-05, "vmovups": 0.0005313801088725382, "outsb": 6.038410328097025e-06, "vpbroadcastd": 6.038410328097025e-06, "stosd": 6.038410328097025e-06, "insb": 9.057615492145538e-06, "fadd": 0.00019926754082720183, "jrcxz": 0.0001932291304991048, "vmovdqu": 4.83072826247762e-05, "vmovdqa": 4.83072826247762e-05, "prefetcht0": 7.24609239371643e-05, "stosb": 9.057615492145538e-06, "loopne": 9.66145652495524e-05, "vzeroupper": 3.0192051640485125e-06, "vmovq": 3.0192051640485125e-06, "cld": 3.924966713263066e-05, "lock ": 6.038410328097025e-06, "clc": 6.038410328097025e-06, "iretd": 3.0192051640485125e-06, "in": 1.207682065619405e-05, "scasd": 3.0192051640485125e-06, "int3": 6.038410328097025e-06, "cmpsd": 3.0192051640485125e-06, "outsd": 6.038410328097025e-06, "lahf": 3.0192051640485125e-06, "ud2": 0.000842358240769535, "cli": 4.528807746072769e-05, "out": 9.057615492145538e-06, "loope": 3.0192051640485125e-06, "cmc": 6.038410328097025e-06, "rol": 3.0192051640485125e-06, "prefetchnta": 0.00023549800279578398, "movntdq": 0.00028380528542056016, "movnti": 4.83072826247762e-05, "cwde": 3.0192051640485125e-06, "jp": 6.038410328097025e-06, "jo": 6.038410328097025e-06, "popfq": 1.5096025820242563e-05, "sti": 4.226887229667918e-05, "std": 3.924966713263066e-05, "stc": 3.0192051640485126e-05, "palignr": 0.002173827718114929, "lfence": 1.207682065619405e-05, "lddqu": 0.0017269853538357492, "cpuid": 7.849933426526133e-05, "xgetbv": 3.0192051640485125e-06, "pushfq": 1.207682065619405e-05, "fxsave": 3.0192051640485125e-06}