{"jo": 1.0215068329905263e-05, "setb": 6.3788399487572e-05, "pandn": 5.5729066054777494e-05, "paddd": 7.307651777180545e-05, "endbr64": 0.0003995919188125621, "fstp": 6.170519173069863e-06, "jz": 0.04759769189947031, "jbe": 0.0030812660454357854, "clc": 7.239674834115443e-06, "ja": 0.0031013339487062377, "pushfq": 2.6380923651390162e-05, "cmovae": 0.0002451274675371012, "int3": 1.3190461825695081e-05, "cmovb": 0.0003679018357290639, "stc": 3.6198374170577214e-05, "psubq": 6.892128312519056e-05, "inc": 0.009646993611253658, "jnb": 0.004578287568538624, "xor": 0.030559561424304993, "unpcklpd": 3.6198374170577216e-06, "prefetchnta": 0.0005144280112021082, "hlt": 1.68102992427528e-05, "neg": 0.002329892182246088, "out": 1.978569273854262e-05, "cmovz": 0.0013210741063845858, "cvtsi2sd": 3.300410953905383e-05, "fadd": 0.0002448600565173893, "cmovle": 0.0002964352885211376, "jnz": 0.03061846907994158, "pmovmskb": 0.0021164366816634845, "sbb": 0.0009691939582853165, "cqo": 2.4351803059040173e-05, "setle": 6.573079861609665e-06, "jnl": 0.0011947191185528645, "mul": 0.00019446163378696214, "movlhps": 1.408962409889306e-06, "shr": 0.006358788120541727, "cmpsd": 7.585860792473627e-06, "lfence": 2.6380923651390162e-05, "cmovge": 3.9071599786733564e-05, "movsx": 0.0016145659689786587, "punpcklbw": 0.0005443299285012763, "pcmpeqw": 4.0256068853980164e-07, "mov": 0.3231166267550918, "ucomisd": 1.9812597592521734e-06, "xgetbv": 6.595230912847541e-06, "vmovdqu": 0.00010552369460556065, "vmovdqu64": 0.00010552369460556065, "adc": 0.0009231932275330954, "addsd": 1.688399976168329e-05, "btc": 2.221879051273295e-05, "mulsd": 8.605091506504652e-06, "sub": 0.011827328937914598, "andps": 2.4765746990652167e-07, "setbe": 2.5075712002941356e-05, "comisd": 7.182066627289129e-06, "cdq": 1.2944879378949428e-05, "ret": 0.014400764812427028, "outsb": 1.3190461825695081e-05, "psrad": 5.8619932144163685e-05, "jns": 0.000478061839195871, "std": 4.705788642175039e-05, "pxor": 0.002376753607200048, "movntdq": 0.0005961485578413503, "por": 0.00023198917633445915, "pop": 0.04108484680392593, "jp": 1.2196328089157436e-05, "vmovntdq": 0.0001344823939420224, "pcmpeqb": 0.00210581905264504, "psrlq": 1.875921498911611e-05, "cmovnz": 0.0013630955320648476, "psrldq": 0.0006766600054978084, "punpcklqdq": 6.075090363927804e-05, "js": 8.689350739065984e-05, "stmxcsr": 2.6380923651390162e-05, "btr": 3.199101472868181e-05, "bsf": 0.0019654223622724036, "cmc": 1.0215068329905263e-05, "cmova": 0.00045672360139738304, "movhpd": 4.1099004504580195e-05, "cmovns": 1.0322434133192949e-06, "xchg": 0.000941673714820451, "cmovbe": 0.00011468201684916141, "iretd": 6.595230912847541e-06, "nop": 0.011711631835522545, "add": 0.07911530561826215, "shl": 0.004873636318515179, "pand": 0.00010603968252905654, "loope": 6.595230912847541e-06, "fxsave": 6.595230912847541e-06, "movups": 0.0020943264291067524, "ud2": 0.0018400694246844635, "divsd": 1.7634130370796103e-05, "movsxd": 0.0052540970392624875, "pcmpgtd": 2.468207669227945e-05, "maxsd": 7.429724097195651e-07, "vpbroadcastd": 7.239674834115443e-06, "repz ": 2.3405530155600346e-05, "punpckldq": 2.9733607460026374e-05, "movnti": 8.17205466392421e-05, "in": 2.0430136659810525e-05, "pslldq": 0.00047553029017357006, "punpcklwd": 8.694688262134566e-05, "cli": 5.7272954751655655e-05, "movmskpd": 4.953149398130433e-07, "movq": 0.0003559837456511703, "unpcklps": 2.817924819778612e-06, "movd": 0.00039867333453611907, "paddq": 0.00010850737248700306, "cwde": 6.595230912847541e-06, "pcmpeqd": 4.809919430086204e-05, "idiv": 5.052372847508373e-05, "lahf": 6.595230912847541e-06, "dec": 0.0024383575731303365, "call": 0.05185272362468474, "vmovaps": 0.00022473150325791571, "sfence": 8.638244578828592e-05, "jle": 0.0013210679536994293, "ldmxcsr": 2.6380923651390162e-05, "popfq": 3.000076106844788e-05, "setz": 0.00037721183711518746, "pshufd": 0.00030172605363867715, "bsr": 6.027776463637263e-05, "jb": 0.00557248341692479, "bswap": 1.0500507590350846e-05, "push": 0.015125192293044256, "insb": 1.3834905746962983e-05, "and": 0.01114846342430012, "lock ": 1.0215068329905263e-05, "not": 0.00038640646256390596, "movdqu": 0.008544394844909974, "movmskps": 3.0852595865349314e-06, "jg": 0.001431282990873152, "setnz": 0.0003977636758428597, "pslld": 2.468207669227945e-05, "jrcxz": 0.00023166959469169418, "cpuid": 0.00017147600373403603, "lddqu": 0.003772472082148793, "seta": 0.00010578025814695213, "psubw": 1.2341038346139726e-05, "outsd": 1.3190461825695081e-05, "sar": 0.0008911148285317953, "vmovups": 0.0010595972618043133, "stosd": 7.239674834115443e-06, "or": 0.006207155377639422, "test": 0.046264227706967594, "pmuludq": 4.953149398130434e-06, "cmovl": 0.0001032074321271388, "jl": 0.0017657877553747556, "movsd": 5.236181975693793e-05, "cld": 4.705788642175039e-05, "subsd": 2.228917229158695e-06, "lea": 0.05983206978801383, "cmp": 0.05363053452252791, "setnl": 9.504044002431541e-06, "movaps": 0.012518674305290026, "rol": 6.595230912847541e-06, "setg": 7.671209003108208e-05, "setl": 3.534197400711354e-06, "shld": 5.66834847353147e-05, "setnb": 2.1994915105345372e-05, "div": 0.0004429633455272936, "movdqa": 0.0038630982171378443, "fld": 9.790356590127587e-06, "jmp": 0.03291858385368169, "movzx": 0.010245356762180661, "vmovq": 3.6198374170577216e-06, "cmovg": 6.334920548171193e-05, "packsswb": 1.9439349714873336e-07, "psubd": 4.985946832437194e-05, "stosb": 1.68102992427528e-05, "vzeroupper": 6.595230912847541e-06, "bt": 0.00022747165415759702, "prefetcht0": 0.00015828554190834096, "scasd": 6.595230912847541e-06, "bts": 5.039270615714629e-05, "cvttsd2si": 1.4859448194391301e-06, "prefetcht1": 0.0002638092365139016, "palignr": 0.00474856625725023, "loopne": 0.00020807199571533147, "packssdw": 1.2729825340437193e-05, "vmovdqa": 8.17205466392421e-05, "sti": 5.06777238388081e-05, "imul": 0.0015455654165075405}