{"xor": 0.02752082936074001, "mov": 0.34123571325724117, "pop": 0.04326981075538294, "and": 0.011764064926119493, "push": 0.01602917083383599, "lea": 0.05333328144640015, "call": 0.05082714257361783, "hlt": 1.1674559966377267e-05, "nop": 0.010857340768730859, "cmp": 0.05689791375613401, "jz": 0.050842708653573, "test": 0.04932501585794395, "jmp": 0.030766357031392893, "ret": 0.013379045721468348, "sub": 0.01211430172511081, "sar": 0.0010156867170748223, "shr": 0.006786810860453985, "add": 0.07124594795481166, "jnz": 0.03251364950636069, "repz ": 1.556607995516969e-05, "stmxcsr": 1.556607995516969e-05, "or": 0.005697185263592106, "ldmxcsr": 1.556607995516969e-05, "ja": 0.0031326735909779, "movzx": 0.011059699808148065, "jl": 0.00187960415458674, "pxor": 0.0024010678330849246, "movd": 0.0003969350388568271, "punpcklbw": 0.0005370297584533543, "pshufd": 0.00030353855912580897, "movdqa": 0.002848592631796053, "pcmpeqb": 0.0021597935937797946, "pmovmskb": 0.002167576633757379, "bsf": 0.002000241274239305, "jg": 0.001650004475247987, "jnb": 0.004510271667010418, "inc": 0.010417599009997315, "jbe": 0.0031404566309554847, "cmovz": 0.0014398623958531962, "movsxd": 0.005378080624511128, "shl": 0.005086216625351696, "cmovge": 4.6698239865509066e-05, "neg": 0.0026423420723900547, "jb": 0.005471477104242146, "jle": 0.001463211515785951, "dec": 0.002681257272277979, "jnl": 0.0012764185563239145, "js": 8.172191976464087e-05, "sbb": 0.000930073277321389, "bsr": 6.615583980947118e-05, "movaps": 0.007541765738279715, "cmovnz": 0.001435970875864404, "movsx": 0.001712268795068666, "setz": 0.00037358591892407253, "cmova": 0.0004864399985990528, "xchg": 0.0007160396779378057, "fld": 1.1674559966377267e-05, "fstp": 7.783039977584844e-06, "cmovl": 0.0001245286396413575, "movsd": 1.1674559966377267e-05, "cdq": 1.556607995516969e-05, "setnz": 0.00045530783868871343, "setle": 7.783039977584844e-06, "cmovle": 0.00036580287894648773, "movups": 0.0022648646334771897, "jns": 0.00030743007911460135, "div": 0.0005097891185318074, "cmovae": 0.0002801894391930544, "cmovb": 0.0004397417587335437, "imul": 0.0016110892753600629, "btc": 2.3349119932754533e-05, "not": 0.0004163926388007892, "movdqu": 0.005677727663648145, "cmovbe": 0.0001245286396413575, "movq": 0.000350236798991318, "btr": 3.891519988792422e-05, "punpcklwd": 0.0001050710396973954, "paddd": 8.561343975343329e-05, "psrldq": 0.0007082566379602209, "psrlq": 2.3349119932754533e-05, "cqo": 2.3349119932754533e-05, "idiv": 5.058975985430149e-05, "pand": 0.00012842015963014994, "punpcklqdq": 7.00473597982636e-05, "paddq": 0.0001245286396413575, "bt": 0.0002724063992154696, "setg": 8.561343975343329e-05, "setbe": 3.113215991033938e-05, "seta": 0.00011674559966377268, "setb": 7.00473597982636e-05, "bts": 5.837279983188634e-05, "mul": 0.00021792511937237564, "pcmpeqd": 5.058975985430149e-05, "psubq": 8.172191976464087e-05, "movhpd": 5.058975985430149e-05, "pandn": 7.00473597982636e-05, "por": 0.00015955231954048932, "psrad": 7.393887978705603e-05, "adc": 0.0007393887978705603, "unpcklpd": 3.891519988792422e-06, "setnb": 2.7240639921546955e-05, "cmovg": 7.393887978705603e-05, "setnl": 7.783039977584844e-06, "setl": 3.891519988792422e-06, "psubd": 6.226431982067876e-05, "punpckldq": 1.945759994396211e-05, "pcmpgtd": 3.113215991033938e-05, "pslld": 3.113215991033938e-05, "packssdw": 1.556607995516969e-05, "psubw": 1.556607995516969e-05, "movmskps": 3.891519988792422e-06, "cvtsi2sd": 7.783039977584844e-06, "divsd": 3.891519988792422e-06, "endbr64": 0.00036969439893528016, "bswap": 7.783039977584844e-06, "pslldq": 0.0004669823986550907, "vmovdqu64": 6.226431982067876e-05, "prefetcht1": 0.0001556607995516969, "vmovaps": 0.00017122687950686658, "vmovntdq": 9.339647973101813e-05, "sfence": 5.448127984309391e-05, "vmovups": 0.0006849075180274663, "outsb": 7.783039977584844e-06, "vpbroadcastd": 7.783039977584844e-06, "stosd": 7.783039977584844e-06, "insb": 1.1674559966377267e-05, "fadd": 0.0002568403192602999, "jrcxz": 0.000249057279282715, "vmovdqu": 6.226431982067876e-05, "vmovdqa": 6.226431982067876e-05, "prefetcht0": 9.339647973101813e-05, "stosb": 1.1674559966377267e-05, "loopne": 0.0001245286396413575, "vzeroupper": 3.891519988792422e-06, "vmovq": 3.891519988792422e-06, "cld": 5.058975985430149e-05, "lock ": 7.783039977584844e-06, "clc": 7.783039977584844e-06, "iretd": 3.891519988792422e-06, "in": 1.556607995516969e-05, "scasd": 3.891519988792422e-06, "int3": 7.783039977584844e-06, "cmpsd": 3.891519988792422e-06, "outsd": 7.783039977584844e-06, "lahf": 3.891519988792422e-06, "ud2": 0.001085734076873086, "cli": 5.837279983188634e-05, "out": 1.1674559966377267e-05, "loope": 3.891519988792422e-06, "cmc": 7.783039977584844e-06, "rol": 3.891519988792422e-06, "prefetchnta": 0.00030353855912580897, "movntdq": 0.00036580287894648773, "movnti": 6.226431982067876e-05, "cwde": 3.891519988792422e-06, "jp": 7.783039977584844e-06, "jo": 7.783039977584844e-06, "popfq": 1.945759994396211e-05, "sti": 5.448127984309391e-05, "std": 5.058975985430149e-05, "stc": 3.891519988792422e-05, "palignr": 0.002801894391930544, "lfence": 1.556607995516969e-05, "lddqu": 0.0022259494335892657, "cpuid": 0.00010117951970860298, "xgetbv": 3.891519988792422e-06, "pushfq": 1.556607995516969e-05, "fxsave": 3.891519988792422e-06}