{"xor": 0.017272159243059894, "mov": 0.1791930732839418, "pop": 0.025573507096313487, "and": 0.005132553780237436, "push": 0.0098187985361064, "lea": 0.061724538070159776, "call": 0.021556725876997234, "hlt": 8.926180487369455e-05, "nop": 0.02914397929126127, "cmp": 0.01981612068196019, "jz": 0.012005712755511917, "test": 0.011604034633580292, "jmp": 0.024770150852450237, "ret": 0.019235918950281174, "sub": 0.018075515486923144, "sar": 0.0004016781219316255, "shr": 0.0028563777559582255, "add": 0.21061322859948228, "jnz": 0.008078193341069356, "repz ": 0.00013389270731054183, "stmxcsr": 0.0001785236097473891, "or": 0.012407390877443542, "ldmxcsr": 0.0001785236097473891, "ja": 0.0012050343657948764, "movzx": 0.0065607426582165495, "shl": 0.004463090243684727, "inc": 0.0024546996340266, "jb": 0.006828528072837633, "jbe": 0.0023654378291529054, "jnl": 0.0012050343657948764, "movsxd": 0.008078193341069356, "jl": 0.0015174506828528073, "setz": 0.0001785236097473891, "dec": 0.0007587253414264037, "seta": 8.926180487369455e-05, "setb": 8.926180487369455e-05, "movsx": 0.00013389270731054183, "pxor": 0.0005802017316790146, "pcmpeqb": 0.0005355708292421673, "pmovmskb": 0.0005802017316790146, "bsf": 0.0005355708292421673, "movups": 0.001606712487726502, "xchg": 0.004195304829063644, "jnb": 0.004998661072926894, "cmovz": 0.0004016781219316255, "cmovb": 4.463090243684727e-05, "sbb": 4.463090243684727e-05, "imul": 0.00196375970722128, "movaps": 0.08265643131304115, "bt": 4.463090243684727e-05, "jle": 0.000803356243863251, "neg": 0.0004463090243684727, "cmovnz": 0.0011604034633580292, "endbr64": 0.0012496652682317236, "not": 4.463090243684727e-05, "cmovae": 4.463090243684727e-05, "movdqu": 0.04779969650986343, "vmovdqu64": 0.0007140944389895564, "prefetcht1": 0.0017852360974738909, "vmovaps": 0.00098187985361064, "vmovntdq": 0.0007140944389895564, "sfence": 0.0005355708292421673, "vmovups": 0.006337588146032313, "jns": 0.0028563777559582255, "outsb": 8.926180487369455e-05, "adc": 0.0035704721949477818, "vmovdqu": 0.0007140944389895564, "vmovdqa": 0.0003570472194947782, "prefetcht0": 0.0010711416584843346, "stosb": 8.926180487369455e-05, "loopne": 0.0013835579755422656, "vzeroupper": 4.463090243684727e-05, "jg": 0.00026778541462108365, "iretd": 4.463090243684727e-05, "in": 8.926180487369455e-05, "fadd": 8.926180487369455e-05, "insb": 4.463090243684727e-05, "scasd": 4.463090243684727e-05, "int3": 8.926180487369455e-05, "cmpsd": 4.463090243684727e-05, "outsd": 8.926180487369455e-05, "lahf": 4.463090243684727e-05, "ud2": 0.012452021779880388, "cli": 4.463090243684727e-05, "out": 0.00013389270731054183, "loope": 4.463090243684727e-05, "cmc": 4.463090243684727e-05, "movdqa": 0.018209408194233688, "lock ": 4.463090243684727e-05, "rol": 4.463090243684727e-05, "psrldq": 0.0013389270731054182, "pslldq": 0.0013389270731054182, "por": 0.0013389270731054182, "prefetchnta": 0.0034812103900740874, "movntdq": 0.0038382576095688653, "movnti": 0.0003570472194947782, "cwde": 4.463090243684727e-05, "jp": 4.463090243684727e-05, "jo": 4.463090243684727e-05, "movq": 4.463090243684727e-05, "palignr": 0.03213424975453004, "lfence": 0.0001785236097473891, "lddqu": 0.02552887619387664, "cpuid": 0.0011604034633580292, "xgetbv": 4.463090243684727e-05, "bts": 4.463090243684727e-05, "pushfq": 0.0001785236097473891, "popfq": 0.0001785236097473891, "fxsave": 4.463090243684727e-05}