{"xor": 0.027593995296984645, "mov": 0.339586684448473, "pop": 0.042408865146792776, "and": 0.011761253245860715, "push": 0.016048204049942606, "lea": 0.05583066172837672, "call": 0.052316402230403174, "hlt": 1.1144586145793476e-05, "nop": 0.010687658113815944, "cmp": 0.0565439152417075, "jz": 0.0505704170675622, "test": 0.04956740431444078, "jmp": 0.031063676450375017, "ret": 0.013232338617105453, "sub": 0.01183926534888127, "sar": 0.0010327316495101955, "shr": 0.006794482686885423, "add": 0.06913358272440553, "jnz": 0.03250504292523097, "repz ": 1.4859448194391302e-05, "jb": 0.005702313244597662, "seta": 0.00011516072350653259, "jbe": 0.003213355672037119, "inc": 0.010397898874025313, "jl": 0.0018351418520073258, "jnb": 0.004524701975192151, "shl": 0.005015063765607064, "ja": 0.0031241989828707712, "jg": 0.001634539301383043, "movsxd": 0.005241670350571531, "pxor": 0.002745283053913793, "pcmpeqb": 0.0021806240225269234, "pmovmskb": 0.002188053746624119, "bsf": 0.001983736333951239, "cmovz": 0.0014190773025643693, "movdqu": 0.005631730865674303, "jle": 0.0014525110610017497, "movups": 0.002444379227977369, "cmovl": 0.00012259044760372823, "cvtsi2sd": 0.00023775117111026083, "movsd": 0.0004866469283663151, "mulsd": 7.801210302055434e-05, "divsd": 0.00017088365423549996, "jnl": 0.0013076314411064344, "or": 0.005754321313278032, "addsd": 0.00016716879218690213, "subsd": 3.343375843738043e-05, "comisd": 0.00010773099940933693, "sbb": 0.0009324303741980542, "imul": 0.0016939770941606083, "movq": 0.00040491996329716296, "punpcklqdq": 0.00010773099940933693, "movhpd": 6.315265482616303e-05, "pcmpeqd": 7.058237892335868e-05, "pshufd": 0.00036034161871398903, "pand": 0.00015973906808970648, "movmskpd": 7.429724097195651e-06, "psubd": 6.686751687476086e-05, "paddq": 0.00020060255062428258, "movdqa": 0.0028381546051287386, "psrlq": 2.6004034340184776e-05, "paddd": 0.00015973906808970648, "movd": 0.00046064289402613035, "adc": 0.0007095386512821847, "neg": 0.0025669696755810972, "punpckldq": 0.00011144586145793476, "pmuludq": 7.429724097195651e-05, "ucomisd": 2.9718896388782604e-05, "jp": 3.7148620485978255e-05, "dec": 0.0025855439858240865, "jns": 0.00031947813617941295, "movaps": 0.007221691822474173, "xchg": 0.0007095386512821847, "cvttsd2si": 2.2289172291586952e-05, "cmovnz": 0.0015639569224596844, "mul": 0.00021546199881867386, "punpcklbw": 0.0005943779277756521, "bsr": 8.544182711774998e-05, "setb": 7.058237892335868e-05, "setl": 7.429724097195651e-06, "movzx": 0.010650509493329964, "setz": 0.00036034161871398903, "movsx": 0.0016605433357232279, "setnz": 0.00044949830788033684, "js": 7.801210302055434e-05, "stmxcsr": 1.4859448194391302e-05, "ldmxcsr": 1.4859448194391302e-05, "cmovle": 0.00035662675666539123, "not": 0.0004160645494429564, "cqo": 2.6004034340184776e-05, "idiv": 5.200806868036955e-05, "andps": 3.7148620485978254e-06, "div": 0.0004903617904149129, "cmovbe": 0.00012259044760372823, "cmovae": 0.0002711849295476412, "cmpsd": 1.8574310242989128e-05, "cmovb": 0.00042349427354015207, "cmova": 0.00047921720426911946, "maxsd": 1.1144586145793476e-05, "fld": 1.1144586145793476e-05, "fstp": 7.429724097195651e-06, "cdq": 1.4859448194391302e-05, "setle": 7.429724097195651e-06, "btc": 2.2289172291586952e-05, "btr": 3.7148620485978255e-05, "punpcklwd": 0.00010030127531214129, "psrldq": 0.0006761048928448042, "bt": 0.00026004034340184777, "setg": 8.172696506915215e-05, "setbe": 2.9718896388782604e-05, "bts": 5.572293072896738e-05, "psubq": 7.801210302055434e-05, "pandn": 6.686751687476086e-05, "por": 0.00015230934399251085, "psrad": 7.058237892335868e-05, "unpcklpd": 3.7148620485978254e-06, "setnb": 2.6004034340184776e-05, "cmovg": 7.058237892335868e-05, "setnl": 7.429724097195651e-06, "pcmpgtd": 2.9718896388782604e-05, "pslld": 2.9718896388782604e-05, "packssdw": 1.4859448194391302e-05, "psubw": 1.4859448194391302e-05, "cmovge": 3.7148620485978255e-05, "movmskps": 3.7148620485978254e-06, "endbr64": 0.00035291189461679343, "bswap": 7.429724097195651e-06, "pslldq": 0.00044578344583173904, "vmovdqu64": 5.943779277756521e-05, "prefetcht1": 0.00014859448194391302, "vmovaps": 0.0001634539301383043, "vmovntdq": 8.915668916634781e-05, "sfence": 5.200806868036955e-05, "vmovups": 0.0006538157205532172, "outsb": 7.429724097195651e-06, "vpbroadcastd": 7.429724097195651e-06, "stosd": 7.429724097195651e-06, "insb": 1.1144586145793476e-05, "fadd": 0.00024518089520745646, "jrcxz": 0.00023775117111026083, "vmovdqu": 5.943779277756521e-05, "vmovdqa": 5.943779277756521e-05, "prefetcht0": 8.915668916634781e-05, "stosb": 1.1144586145793476e-05, "loopne": 0.00011887558555513041, "vzeroupper": 3.7148620485978254e-06, "vmovq": 3.7148620485978254e-06, "cld": 4.829320663177173e-05, "lock ": 7.429724097195651e-06, "clc": 7.429724097195651e-06, "iretd": 3.7148620485978254e-06, "in": 1.4859448194391302e-05, "scasd": 3.7148620485978254e-06, "int3": 7.429724097195651e-06, "outsd": 7.429724097195651e-06, "lahf": 3.7148620485978254e-06, "ud2": 0.0010364465115587933, "cli": 5.572293072896738e-05, "out": 1.1144586145793476e-05, "loope": 3.7148620485978254e-06, "cmc": 7.429724097195651e-06, "rol": 3.7148620485978254e-06, "prefetchnta": 0.0002897592397906304, "movntdq": 0.0003491970325681956, "movnti": 5.943779277756521e-05, "cwde": 3.7148620485978254e-06, "jo": 7.429724097195651e-06, "popfq": 1.8574310242989128e-05, "sti": 5.200806868036955e-05, "std": 4.829320663177173e-05, "stc": 3.7148620485978255e-05, "palignr": 0.002674700674990434, "lfence": 1.4859448194391302e-05, "lddqu": 0.002124901091797956, "cpuid": 9.658641326354346e-05, "xgetbv": 3.7148620485978254e-06, "pushfq": 1.4859448194391302e-05, "fxsave": 3.7148620485978254e-06}