{"xor": 0.03284985076301285, "mov": 0.33218883866758386, "pop": 0.04264841773366438, "and": 0.013113960374701453, "push": 0.015647003598810827, "lea": 0.056394162781978195, "call": 0.05368103140324099, "hlt": 8.856794489892921e-06, "nop": 0.010090841188818, "cmp": 0.05548191294951922, "jz": 0.05340056624439439, "test": 0.055213256849992474, "jmp": 0.03443521697670368, "ret": 0.012945681279393486, "sub": 0.010132172896437502, "sar": 0.000797111504090363, "shr": 0.0070381993546349084, "add": 0.06358292764294128, "jnz": 0.03833220655225656, "repz ": 1.1809059319857228e-05, "jbe": 0.0026954177897574125, "movsx": 0.002007540084375729, "jg": 0.0017152658662092624, "ja": 0.0026983700545873766, "movsxd": 0.004387065537326961, "movzx": 0.00894536243479185, "shl": 0.004195168323379281, "neg": 0.00217286691485373, "movups": 0.0023470505398216243, "jle": 0.0012045240506254372, "inc": 0.009010312261051066, "cmovl": 0.00010332926904875075, "jl": 0.0017064090717193695, "dec": 0.002181723709343623, "sbb": 0.002288005243222338, "or": 0.0074810390791295546, "pxor": 0.002890267268535057, "movdqu": 0.004452015363586175, "movq": 0.0002804651588466092, "jnb": 0.0036312857408560975, "jb": 0.0044106836559666745, "cmovb": 0.00034541498510582395, "cmovnz": 0.0013668986162734742, "xchg": 0.0006672118515719334, "jns": 0.00024208571605707318, "pcmpeqb": 0.0030703554231628796, "pmovmskb": 0.003076259952822808, "bsf": 0.0028607446202354135, "cmovz": 0.0013905167349131887, "setnz": 0.0005314076693935753, "setg": 8.26634152390006e-05, "cmovle": 0.0002804651588466092, "cmovg": 7.380662074910768e-05, "jnl": 0.0010244358959976146, "movd": 0.0007174003536813266, "punpcklbw": 0.001239951228585009, "pshufd": 0.0006465459977621833, "movdqa": 0.0025773271965588403, "setz": 0.00046941010796432484, "adc": 0.0006229278791224688, "not": 0.00044283972449464607, "cmova": 0.0004162693410249673, "seta": 0.00010332926904875075, "js": 6.494982625921475e-05, "cmovae": 0.00022437212707728733, "bt": 0.00022732439190725165, "cvtsi2sd": 1.7713588979785842e-05, "addsd": 5.904529659928614e-06, "mulsd": 2.952264829964307e-06, "divsd": 5.904529659928614e-06, "stmxcsr": 1.1809059319857228e-05, "ldmxcsr": 1.1809059319857228e-05, "imul": 0.0012576648175647949, "setbe": 2.952264829964307e-05, "div": 0.0004162693410249673, "setb": 6.199756142925044e-05, "cqo": 3.2474913129607376e-05, "idiv": 5.314076693935753e-05, "setnb": 2.3618118639714457e-05, "movaps": 0.005768725477750256, "bsr": 9.447247455885783e-05, "fld": 8.856794489892921e-06, "fstp": 5.904529659928614e-06, "movsd": 8.856794489892921e-06, "cdq": 1.1809059319857228e-05, "setle": 5.904529659928614e-06, "btc": 1.7713588979785842e-05, "cmovbe": 9.742473938882214e-05, "btr": 2.952264829964307e-05, "mul": 0.0001653268304780012, "punpcklwd": 7.97111504090363e-05, "paddd": 6.494982625921475e-05, "psrldq": 0.0005373121990535039, "psrlq": 1.7713588979785842e-05, "pand": 9.742473938882214e-05, "punpcklqdq": 5.314076693935753e-05, "paddq": 9.447247455885783e-05, "bts": 4.4283972449464605e-05, "pcmpeqd": 3.8379442789535994e-05, "psubq": 6.199756142925044e-05, "movhpd": 3.8379442789535994e-05, "pandn": 5.314076693935753e-05, "por": 0.00012104285802853659, "psrad": 5.609303176932183e-05, "unpcklpd": 2.952264829964307e-06, "setnl": 5.904529659928614e-06, "setl": 2.952264829964307e-06, "psubd": 4.723623727942891e-05, "punpckldq": 1.4761324149821535e-05, "pcmpgtd": 2.3618118639714457e-05, "pslld": 2.3618118639714457e-05, "packssdw": 1.1809059319857228e-05, "psubw": 1.1809059319857228e-05, "cmovge": 2.952264829964307e-05, "movmskps": 2.952264829964307e-06, "shld": 0.0008502522710297205, "bswap": 7.085435591914337e-05, "endbr64": 0.0002804651588466092, "pslldq": 0.00035427177959571684, "vmovdqu64": 4.723623727942891e-05, "prefetcht1": 0.00011809059319857228, "vmovaps": 0.0001298996525184295, "vmovntdq": 7.085435591914337e-05, "sfence": 4.13317076195003e-05, "vmovups": 0.000519598610073718, "outsb": 5.904529659928614e-06, "vpbroadcastd": 5.904529659928614e-06, "stosd": 5.904529659928614e-06, "insb": 8.856794489892921e-06, "fadd": 0.00019484947877764427, "jrcxz": 0.00018894494911771565, "vmovdqu": 4.723623727942891e-05, "vmovdqa": 4.723623727942891e-05, "prefetcht0": 7.085435591914337e-05, "stosb": 8.856794489892921e-06, "loopne": 9.447247455885783e-05, "vzeroupper": 2.952264829964307e-06, "vmovq": 2.952264829964307e-06, "cld": 3.8379442789535994e-05, "lock ": 5.904529659928614e-06, "clc": 5.904529659928614e-06, "iretd": 2.952264829964307e-06, "in": 1.1809059319857228e-05, "scasd": 2.952264829964307e-06, "int3": 5.904529659928614e-06, "cmpsd": 2.952264829964307e-06, "outsd": 5.904529659928614e-06, "lahf": 2.952264829964307e-06, "ud2": 0.0008236818875600417, "cli": 4.4283972449464605e-05, "out": 8.856794489892921e-06, "loope": 2.952264829964307e-06, "cmc": 5.904529659928614e-06, "rol": 2.952264829964307e-06, "prefetchnta": 0.00023027665673721595, "movntdq": 0.0002775128940166449, "movnti": 4.723623727942891e-05, "cwde": 2.952264829964307e-06, "jp": 5.904529659928614e-06, "jo": 5.904529659928614e-06, "popfq": 1.4761324149821535e-05, "sti": 4.13317076195003e-05, "std": 3.8379442789535994e-05, "stc": 2.952264829964307e-05, "palignr": 0.0021256306775743012, "lfence": 1.1809059319857228e-05, "lddqu": 0.0016886954827395836, "cpuid": 7.675888557907199e-05, "xgetbv": 2.952264829964307e-06, "pushfq": 1.1809059319857228e-05, "fxsave": 2.952264829964307e-06}