{"xor": 0.027880905023333475, "mov": 0.3412419640899175, "pop": 0.04328523008383123, "and": 0.01166096634824393, "push": 0.01605066037772144, "lea": 0.05339576111754454, "call": 0.05131056027269195, "hlt": 1.1541702093280036e-05, "nop": 0.010837658265589955, "cmp": 0.05702370280886557, "jz": 0.05115667091144822, "test": 0.04946004070373605, "jmp": 0.031020247992705644, "ret": 0.01334990208789391, "sub": 0.012011064645073424, "sar": 0.0010079753161464566, "shr": 0.006713423384257888, "add": 0.07066214744909148, "jnz": 0.03248604415855221, "repz ": 1.538893612437338e-05, "stmxcsr": 1.538893612437338e-05, "or": 0.005674670195862684, "ldmxcsr": 1.538893612437338e-05, "ja": 0.0031047178630923297, "movzx": 0.01094922805249166, "sbb": 0.0009502668056800564, "jle": 0.0014734906339087513, "cmovnz": 0.0014427127616600045, "setz": 0.00037702893504714785, "jnl": 0.0012657399962297106, "movsxd": 0.005328419133064284, "inc": 0.010322128905423446, "jl": 0.0019082280794222993, "neg": 0.0026238136092056616, "jbe": 0.0031354957353410765, "jb": 0.0054553778560903635, "movdqu": 0.005632350621520657, "shl": 0.005070654452981029, "movq": 0.0003539455308605878, "punpcklqdq": 7.309744659077357e-05, "paddq": 0.00013850042511936043, "jnb": 0.004482027646223748, "imul": 0.0016042965909659251, "cqo": 2.6930638217653417e-05, "idiv": 5.386127643530683e-05, "xchg": 0.000723279997845549, "setnz": 0.0004924459559799482, "cmovb": 0.0004462791476068281, "pxor": 0.0023775906312156875, "pcmpeqb": 0.0021352148872568065, "pmovmskb": 0.0021429093553189935, "bsf": 0.0019774782919819794, "movsx": 0.0017274080799609122, "cmovge": 4.616680837312014e-05, "dec": 0.002650744247423315, "js": 8.079191465296026e-05, "movd": 0.0003885706371404279, "punpcklbw": 0.000523223828228695, "pshufd": 0.0002962370203941876, "movdqa": 0.0028123280767292356, "bsr": 6.540297852858688e-05, "jg": 0.0016273799951524851, "movaps": 0.0074559395522589035, "cmovz": 0.0014157821234423512, "movups": 0.002239090206096327, "cmova": 0.0004809042538866682, "adc": 0.0007309744659077356, "cmovae": 0.00027700085023872086, "fld": 1.1541702093280036e-05, "fstp": 7.69446806218669e-06, "cmovl": 0.00012311148899498705, "movsd": 1.1541702093280036e-05, "cdq": 1.538893612437338e-05, "setle": 7.69446806218669e-06, "cmovle": 0.0003616399989227745, "jns": 0.00030393148845637427, "div": 0.0005039876580732283, "btc": 2.308340418656007e-05, "not": 0.00041165404132698796, "cmovbe": 0.00012311148899498705, "btr": 3.847234031093345e-05, "seta": 0.00011541702093280036, "mul": 0.00021544510574122733, "punpcklwd": 0.00010387531883952033, "paddd": 8.46391486840536e-05, "psrldq": 0.0007001965936589889, "psrlq": 2.308340418656007e-05, "pand": 0.0001269587230260804, "bt": 0.0002693063821765342, "setg": 8.46391486840536e-05, "setbe": 3.077787224874676e-05, "setb": 6.925021255968021e-05, "bts": 5.770851046640018e-05, "pcmpeqd": 5.001404240421349e-05, "psubq": 8.079191465296026e-05, "movhpd": 5.001404240421349e-05, "pandn": 6.925021255968021e-05, "por": 0.00015773659527482716, "psrad": 7.309744659077357e-05, "unpcklpd": 3.847234031093345e-06, "setnb": 2.6930638217653417e-05, "cmovg": 7.309744659077357e-05, "setnl": 7.69446806218669e-06, "setl": 3.847234031093345e-06, "psubd": 6.155574449749352e-05, "punpckldq": 1.9236170155466726e-05, "pcmpgtd": 3.077787224874676e-05, "pslld": 3.077787224874676e-05, "packssdw": 1.538893612437338e-05, "psubw": 1.538893612437338e-05, "movmskps": 3.847234031093345e-06, "cvtsi2sd": 7.69446806218669e-06, "divsd": 3.847234031093345e-06, "endbr64": 0.0003654872329538678, "bswap": 7.69446806218669e-06, "pslldq": 0.00046166808373120143, "vmovdqu64": 6.155574449749352e-05, "prefetcht1": 0.0001538893612437338, "vmovaps": 0.0001692782973681072, "vmovntdq": 9.233361674624029e-05, "sfence": 5.386127643530683e-05, "vmovups": 0.0006771131894724288, "outsb": 7.69446806218669e-06, "vpbroadcastd": 7.69446806218669e-06, "stosd": 7.69446806218669e-06, "insb": 1.1541702093280036e-05, "fadd": 0.0002539174460521608, "jrcxz": 0.0002462229779899741, "vmovdqu": 6.155574449749352e-05, "vmovdqa": 6.155574449749352e-05, "prefetcht0": 9.233361674624029e-05, "stosb": 1.1541702093280036e-05, "loopne": 0.00012311148899498705, "vzeroupper": 3.847234031093345e-06, "vmovq": 3.847234031093345e-06, "cld": 5.001404240421349e-05, "lock ": 7.69446806218669e-06, "clc": 7.69446806218669e-06, "iretd": 3.847234031093345e-06, "in": 1.538893612437338e-05, "scasd": 3.847234031093345e-06, "int3": 7.69446806218669e-06, "cmpsd": 3.847234031093345e-06, "outsd": 7.69446806218669e-06, "lahf": 3.847234031093345e-06, "ud2": 0.0010733782946750433, "cli": 5.770851046640018e-05, "out": 1.1541702093280036e-05, "loope": 3.847234031093345e-06, "cmc": 7.69446806218669e-06, "rol": 3.847234031093345e-06, "prefetchnta": 0.00030008425442528097, "movntdq": 0.0003616399989227745, "movnti": 6.155574449749352e-05, "cwde": 3.847234031093345e-06, "jp": 7.69446806218669e-06, "jo": 7.69446806218669e-06, "popfq": 1.9236170155466726e-05, "sti": 5.386127643530683e-05, "std": 5.001404240421349e-05, "stc": 3.847234031093345e-05, "palignr": 0.0027700085023872087, "lfence": 1.538893612437338e-05, "lddqu": 0.0022006178657853937, "cpuid": 0.00010002808480842698, "xgetbv": 3.847234031093345e-06, "pushfq": 1.538893612437338e-05, "fxsave": 3.847234031093345e-06}