{"xor": 0.031371403436315344, "mov": 0.3436046726367357, "pop": 0.04576269479113153, "and": 0.011590932747742757, "push": 0.016261554836998312, "lea": 0.052552053428424644, "call": 0.05433837330727724, "hlt": 1.007323239954469e-05, "nop": 0.010234404117937405, "cmp": 0.05539270496509625, "jz": 0.051195524798619295, "test": 0.050513902739583436, "jmp": 0.03131432178605126, "ret": 0.013588790506985787, "sub": 0.011080555639499159, "sar": 0.0009703880544894718, "shr": 0.00659460947756859, "add": 0.06551966127077184, "jnz": 0.03377219049154016, "repz ": 1.3430976532726253e-05, "stmxcsr": 1.3430976532726253e-05, "or": 0.005570497516948213, "ldmxcsr": 1.3430976532726253e-05, "jl": 0.0018635479939157677, "pxor": 0.0030320429522629516, "pcmpeqb": 0.0025350968205520804, "pmovmskb": 0.0025418123088184435, "bsf": 0.0023974293110916364, "movsxd": 0.004956030340575988, "setz": 0.00044322222557996633, "ja": 0.0030018232550643176, "movzx": 0.010110167585009686, "sbb": 0.001161779470080821, "cmovg": 7.38703709299944e-05, "jnl": 0.0011987146555458182, "jle": 0.001376675094604441, "inc": 0.010063159167145145, "jg": 0.001544562301263519, "setnz": 0.00044322222557996633, "cmovge": 4.7008417864541886e-05, "movd": 0.0004297912490472401, "punpcklbw": 0.0006379713853044971, "pshufd": 0.0003492053898508826, "movdqa": 0.002545170052951625, "jb": 0.0049392416199100795, "movsx": 0.0017930353671189547, "neg": 0.0023437054049607314, "dec": 0.002431006752423452, "jnb": 0.0042374730960751325, "bt": 0.00024847306585543567, "cmovnz": 0.0013699596063380779, "cmovz": 0.0013430976532726254, "jbe": 0.0028574402573375104, "xchg": 0.000661475594236768, "not": 0.0003760673429163351, "movups": 0.002028077456441664, "mul": 0.0001913914155913491, "shl": 0.004633686903790558, "cmovae": 0.00024847306585543567, "cmova": 0.00043986448144678477, "cmovbe": 0.00012087878879453628, "movdqu": 0.005731669235340928, "div": 0.00047344192277860045, "imul": 0.0014169680242026197, "cmovl": 0.00011080555639499158, "movq": 0.0005909629674399552, "adc": 0.0006480446177040417, "movaps": 0.0065106658742390515, "movsd": 3.69351854649972e-05, "cmovb": 0.0003861405753158798, "jns": 0.0002719772747877066, "cmovle": 0.00031898569265224853, "js": 7.051262679681284e-05, "bsr": 5.708165026408657e-05, "fld": 1.007323239954469e-05, "fstp": 6.715488266363126e-06, "cdq": 1.3430976532726253e-05, "seta": 0.0001007323239954469, "setle": 6.715488266363126e-06, "btc": 2.014646479908938e-05, "btr": 3.357744133181563e-05, "punpcklwd": 9.065909159590221e-05, "paddd": 7.38703709299944e-05, "psrldq": 0.0006111094322390446, "psrlq": 2.014646479908938e-05, "cqo": 2.014646479908938e-05, "idiv": 4.3650673731360324e-05, "pand": 0.00011080555639499158, "punpcklqdq": 6.043939439726814e-05, "paddq": 0.00010744781226181002, "setg": 7.38703709299944e-05, "setbe": 2.6861953065452505e-05, "setb": 6.043939439726814e-05, "bts": 5.036616199772345e-05, "pcmpeqd": 4.3650673731360324e-05, "psubq": 7.051262679681284e-05, "movhpd": 4.3650673731360324e-05, "pandn": 6.043939439726814e-05, "por": 0.00013766750946044408, "psrad": 6.37971385304497e-05, "unpcklpd": 3.357744133181563e-06, "setnb": 2.3504208932270943e-05, "setnl": 6.715488266363126e-06, "setl": 3.357744133181563e-06, "psubd": 5.372390613090501e-05, "punpckldq": 1.6788720665907815e-05, "pcmpgtd": 2.6861953065452505e-05, "pslld": 2.6861953065452505e-05, "packssdw": 1.3430976532726253e-05, "psubw": 1.3430976532726253e-05, "movmskps": 3.357744133181563e-06, "cvtsi2sd": 6.715488266363126e-06, "divsd": 3.357744133181563e-06, "endbr64": 0.00031898569265224853, "bswap": 6.715488266363126e-06, "pslldq": 0.0004029292959817876, "vmovdqu64": 5.372390613090501e-05, "prefetcht1": 0.00013430976532726252, "vmovaps": 0.0001477407418599888, "vmovntdq": 8.058585919635752e-05, "sfence": 4.7008417864541886e-05, "vmovups": 0.0005909629674399552, "outsb": 6.715488266363126e-06, "vpbroadcastd": 6.715488266363126e-06, "stosd": 6.715488266363126e-06, "insb": 1.007323239954469e-05, "fadd": 0.00022161111278998317, "jrcxz": 0.00021489562452362004, "vmovdqu": 5.372390613090501e-05, "vmovdqa": 5.372390613090501e-05, "prefetcht0": 8.058585919635752e-05, "stosb": 1.007323239954469e-05, "loopne": 0.00010744781226181002, "vzeroupper": 3.357744133181563e-06, "vmovq": 3.357744133181563e-06, "cld": 4.3650673731360324e-05, "lock ": 6.715488266363126e-06, "clc": 6.715488266363126e-06, "iretd": 3.357744133181563e-06, "in": 1.3430976532726253e-05, "scasd": 3.357744133181563e-06, "int3": 6.715488266363126e-06, "cmpsd": 3.357744133181563e-06, "outsd": 6.715488266363126e-06, "lahf": 3.357744133181563e-06, "ud2": 0.0009368106131576562, "cli": 5.036616199772345e-05, "out": 1.007323239954469e-05, "loope": 3.357744133181563e-06, "cmc": 6.715488266363126e-06, "rol": 3.357744133181563e-06, "prefetchnta": 0.0002619040423881619, "movntdq": 0.00031562794851906697, "movnti": 5.372390613090501e-05, "cwde": 3.357744133181563e-06, "jp": 6.715488266363126e-06, "jo": 6.715488266363126e-06, "popfq": 1.6788720665907815e-05, "sti": 4.7008417864541886e-05, "std": 4.3650673731360324e-05, "stc": 3.357744133181563e-05, "palignr": 0.0024175757758907257, "lfence": 1.3430976532726253e-05, "lddqu": 0.0019206296441798543, "cpuid": 8.730134746272065e-05, "xgetbv": 3.357744133181563e-06, "pushfq": 1.3430976532726253e-05, "fxsave": 3.357744133181563e-06}