{"xor": 0.033728243722790985, "mov": 0.336792565615095, "pop": 0.04423132437373705, "and": 0.01162570309698, "push": 0.015862509367336644, "lea": 0.06028628330325094, "call": 0.056991313526579906, "hlt": 8.747707371693002e-06, "nop": 0.00967204845063523, "cmp": 0.05686301381846175, "jz": 0.05118575173423299, "test": 0.049112545087141746, "jmp": 0.03196412273616623, "ret": 0.014981906825252881, "sub": 0.011080429337477802, "sar": 0.0008660230297976073, "shr": 0.006517041991911287, "add": 0.060980268088071915, "jnz": 0.03212158146885671, "repz ": 1.1663609828924002e-05, "stmxcsr": 1.1663609828924002e-05, "or": 0.005546046473653364, "ldmxcsr": 1.1663609828924002e-05, "ja": 0.0034553444118187357, "movzx": 0.010214406307680196, "jle": 0.0012975765934677952, "jl": 0.0017874482062826035, "pxor": 0.003213324507868563, "pcmpeqb": 0.002729284699968217, "pmovmskb": 0.0027351165048826787, "bsf": 0.0025951531869355905, "dec": 0.0022510766969823324, "jbe": 0.003484503436391046, "sbb": 0.0009972386403730021, "inc": 0.011374935485658134, "movsxd": 0.004962865982207163, "shl": 0.0047295937856286835, "jnl": 0.0011080429337477803, "jg": 0.0014550353261582694, "cmovge": 4.665443931569601e-05, "jb": 0.005426494472906892, "cmova": 0.0004811239054431151, "setnz": 0.0003907309292689541, "jnb": 0.004828734469174537, "div": 0.0004723761980714221, "cmovb": 0.0003674037096111061, "cmovae": 0.00025951531869355905, "cmovnz": 0.0013850536671847252, "imul": 0.0014696148384444243, "movdqu": 0.005257372130387494, "cmovz": 0.0013209038131256432, "cmovbe": 0.00014871102531878103, "pcmpeqd": 6.123395160185102e-05, "movdqa": 0.0022977311362980288, "punpcklbw": 0.0006764893700775921, "punpcklwd": 0.00012538380566093303, "pand": 0.00012246790320370203, "movd": 0.0005248624423015801, "psrldq": 0.0005919281988178932, "movsx": 0.0018720093775423025, "punpckldq": 3.2074927029541007e-05, "punpcklqdq": 6.998165897354402e-05, "packssdw": 1.7495414743386005e-05, "packsswb": 2.9159024572310005e-06, "pandn": 5.540214668738901e-05, "por": 0.00012246790320370203, "jns": 0.00025951531869355905, "neg": 0.0022190017699527916, "xchg": 0.0006181713209329722, "cmovle": 0.00029159024572310006, "js": 7.581346388800601e-05, "not": 0.0003674037096111061, "movups": 0.0018195231333121445, "setz": 0.0004228058562984951, "movaps": 0.005723916523544454, "adc": 0.0005773486865317381, "pshufd": 0.0003586560022394131, "bsr": 5.540214668738901e-05, "idiv": 5.8318049144620014e-05, "seta": 0.00010788839091754703, "cqo": 2.0411317200617004e-05, "cmovl": 0.00010205658600308502, "mul": 0.00018370185480555304, "movq": 0.0006065077111040481, "psubq": 6.706575651631302e-05, "paddq": 0.00011080429337477802, "movsd": 3.7906731944003006e-05, "bt": 0.00023035629412124906, "setb": 5.540214668738901e-05, "btc": 3.499082948677201e-05, "cmovg": 6.123395160185102e-05, "fld": 8.747707371693002e-06, "fstp": 5.831804914462001e-06, "cdq": 1.1663609828924002e-05, "setle": 5.831804914462001e-06, "btr": 2.9159024572310007e-05, "paddd": 6.414985405908201e-05, "psrlq": 1.7495414743386005e-05, "setg": 6.414985405908201e-05, "setbe": 2.3327219657848004e-05, "bts": 4.373853685846501e-05, "movhpd": 3.7906731944003006e-05, "psrad": 5.540214668738901e-05, "unpcklpd": 2.9159024572310005e-06, "setnb": 2.0411317200617004e-05, "setnl": 5.831804914462001e-06, "setl": 2.9159024572310005e-06, "psubd": 4.665443931569601e-05, "pcmpgtd": 2.3327219657848004e-05, "pslld": 2.3327219657848004e-05, "psubw": 1.1663609828924002e-05, "movmskps": 2.9159024572310005e-06, "cvtsi2sd": 5.831804914462001e-06, "divsd": 2.9159024572310005e-06, "endbr64": 0.0002799266358941761, "bswap": 5.831804914462001e-06, "pslldq": 0.0003499082948677201, "vmovdqu64": 4.665443931569601e-05, "prefetcht1": 0.00011663609828924003, "vmovaps": 0.00012829970811816403, "vmovntdq": 6.998165897354402e-05, "sfence": 4.082263440123401e-05, "vmovups": 0.0005131988324726561, "outsb": 5.831804914462001e-06, "vpbroadcastd": 5.831804914462001e-06, "stosd": 5.831804914462001e-06, "insb": 8.747707371693002e-06, "fadd": 0.00019244956217724605, "jrcxz": 0.00018661775726278403, "vmovdqu": 4.665443931569601e-05, "vmovdqa": 4.665443931569601e-05, "prefetcht0": 6.998165897354402e-05, "stosb": 8.747707371693002e-06, "loopne": 9.330887863139202e-05, "vzeroupper": 2.9159024572310005e-06, "vmovq": 2.9159024572310005e-06, "cld": 3.7906731944003006e-05, "lock ": 5.831804914462001e-06, "clc": 5.831804914462001e-06, "iretd": 2.9159024572310005e-06, "in": 1.1663609828924002e-05, "scasd": 2.9159024572310005e-06, "int3": 5.831804914462001e-06, "cmpsd": 2.9159024572310005e-06, "outsd": 5.831804914462001e-06, "lahf": 2.9159024572310005e-06, "ud2": 0.0008135367855674492, "cli": 4.373853685846501e-05, "out": 8.747707371693002e-06, "loope": 2.9159024572310005e-06, "cmc": 5.831804914462001e-06, "rol": 2.9159024572310005e-06, "prefetchnta": 0.00022744039166401806, "movntdq": 0.0002740948309797141, "movnti": 4.665443931569601e-05, "cwde": 2.9159024572310005e-06, "jp": 5.831804914462001e-06, "jo": 5.831804914462001e-06, "popfq": 1.4579512286155003e-05, "sti": 4.082263440123401e-05, "std": 3.7906731944003006e-05, "stc": 2.9159024572310007e-05, "palignr": 0.0020994497692063204, "lfence": 1.1663609828924002e-05, "lddqu": 0.0016678962055361325, "cpuid": 7.581346388800601e-05, "xgetbv": 2.9159024572310005e-06, "pushfq": 1.1663609828924002e-05, "fxsave": 2.9159024572310005e-06}