{"xor": 0.028573487414239717, "mov": 0.3424267363494658, "pop": 0.043042276169923885, "and": 0.011730527816862681, "push": 0.016027549484016065, "lea": 0.053760178404147596, "call": 0.05211039515153354, "hlt": 1.1377815535269333e-05, "nop": 0.010918910308680136, "cmp": 0.05633535732029688, "jz": 0.05066161997337591, "test": 0.04931903774021413, "jmp": 0.030792161443617235, "ret": 0.01333859241251408, "sub": 0.011920158075783836, "sar": 0.0010088329774605475, "shr": 0.006709118560630483, "add": 0.06993563949012216, "jnz": 0.032381263013376516, "repz ": 1.5170420713692442e-05, "stmxcsr": 1.5170420713692442e-05, "or": 0.005700285583169935, "ldmxcsr": 1.5170420713692442e-05, "jl": 0.001884924773676286, "movsxd": 0.005415840194788202, "jle": 0.0015170420713692442, "inc": 0.010346226926738245, "dec": 0.0026586162300746004, "pxor": 0.0024234747090123676, "pcmpeqb": 0.0021693701620580192, "pmovmskb": 0.0021769553724148654, "bsf": 0.0020138733497426717, "jnb": 0.00442597024321977, "neg": 0.0025979345472198307, "setg": 0.00011377815535269332, "shl": 0.004983483204447968, "ja": 0.0030947658255932584, "movzx": 0.010987177201891752, "cmovle": 0.0003678827023070417, "jg": 0.0016346128319003606, "jbe": 0.00312131406184222, "sbb": 0.0009140178479999697, "jnl": 0.0012477671037012033, "setnl": 2.6548236248961773e-05, "cmovg": 7.964470874688532e-05, "jb": 0.005377914143003971, "cmovae": 0.0002806527832033102, "xchg": 0.000716802378721968, "movsx": 0.0018583765374273241, "cmovb": 0.00043235699034023463, "setnz": 0.00044752741105392703, "movdqu": 0.005594092638174088, "cmovge": 4.551126214107733e-05, "js": 8.343731392530843e-05, "movd": 0.0003830531230207342, "punpcklbw": 0.0005157943042655431, "pshufd": 0.00029203059873857953, "movdqa": 0.002772394385427294, "bsr": 6.447428803319288e-05, "movaps": 0.007350068835783988, "cmovnz": 0.0013994713108381278, "cmovz": 0.0013956787056597047, "setz": 0.00036409009712861864, "movups": 0.0022072962138422504, "cmova": 0.0004740756473028888, "adc": 0.000720594983900391, "movq": 0.00034133446605808, "fld": 1.1377815535269333e-05, "fstp": 7.585210356846221e-06, "cmovl": 0.00012136336570953954, "movsd": 1.1377815535269333e-05, "cdq": 1.5170420713692442e-05, "not": 0.00040580875409127284, "setle": 7.585210356846221e-06, "jns": 0.00030340841427384886, "div": 0.0004968312783734275, "imul": 0.0015701385438671679, "btc": 2.2755631070538665e-05, "cmovbe": 0.00012136336570953954, "btr": 3.792605178423111e-05, "punpcklwd": 0.00010240033981742399, "paddd": 8.343731392530843e-05, "psrldq": 0.0006902541424730061, "psrlq": 2.2755631070538665e-05, "cqo": 2.2755631070538665e-05, "idiv": 4.930386731950044e-05, "pand": 0.00012515597088796264, "punpcklqdq": 6.826689321161599e-05, "paddq": 0.00012136336570953954, "bt": 0.00026548236248961774, "setbe": 3.0340841427384885e-05, "seta": 0.00011377815535269332, "setb": 6.826689321161599e-05, "bts": 5.688907767634666e-05, "mul": 0.00021238588999169419, "pcmpeqd": 4.930386731950044e-05, "psubq": 7.964470874688532e-05, "movhpd": 4.930386731950044e-05, "pandn": 6.826689321161599e-05, "por": 0.00015549681231534753, "psrad": 7.20594983900391e-05, "unpcklpd": 3.7926051784231106e-06, "setnb": 2.6548236248961773e-05, "setl": 3.7926051784231106e-06, "psubd": 6.068168285476977e-05, "punpckldq": 1.8963025892115554e-05, "pcmpgtd": 3.0340841427384885e-05, "pslld": 3.0340841427384885e-05, "packssdw": 1.5170420713692442e-05, "psubw": 1.5170420713692442e-05, "movmskps": 3.7926051784231106e-06, "cvtsi2sd": 7.585210356846221e-06, "divsd": 3.7926051784231106e-06, "endbr64": 0.0003602974919501955, "bswap": 7.585210356846221e-06, "pslldq": 0.0004551126214107733, "vmovdqu64": 6.068168285476977e-05, "prefetcht1": 0.00015170420713692443, "vmovaps": 0.00016687462785061686, "vmovntdq": 9.102252428215466e-05, "sfence": 5.3096472497923547e-05, "vmovups": 0.0006674985114024675, "outsb": 7.585210356846221e-06, "vpbroadcastd": 7.585210356846221e-06, "stosd": 7.585210356846221e-06, "insb": 1.1377815535269333e-05, "fadd": 0.0002503119417759253, "jrcxz": 0.00024272673141907908, "vmovdqu": 6.068168285476977e-05, "vmovdqa": 6.068168285476977e-05, "prefetcht0": 9.102252428215466e-05, "stosb": 1.1377815535269333e-05, "loopne": 0.00012136336570953954, "vzeroupper": 3.7926051784231106e-06, "vmovq": 3.7926051784231106e-06, "cld": 4.930386731950044e-05, "lock ": 7.585210356846221e-06, "clc": 7.585210356846221e-06, "iretd": 3.7926051784231106e-06, "in": 1.5170420713692442e-05, "scasd": 3.7926051784231106e-06, "int3": 7.585210356846221e-06, "cmpsd": 3.7926051784231106e-06, "outsd": 7.585210356846221e-06, "lahf": 3.7926051784231106e-06, "ud2": 0.0010581368447800479, "cli": 5.688907767634666e-05, "out": 1.1377815535269333e-05, "loope": 3.7926051784231106e-06, "cmc": 7.585210356846221e-06, "rol": 3.7926051784231106e-06, "prefetchnta": 0.0002958232039170026, "movntdq": 0.0003565048867717724, "movnti": 6.068168285476977e-05, "cwde": 3.7926051784231106e-06, "jp": 7.585210356846221e-06, "jo": 7.585210356846221e-06, "popfq": 1.8963025892115554e-05, "sti": 5.3096472497923547e-05, "std": 4.930386731950044e-05, "stc": 3.792605178423111e-05, "palignr": 0.00273067572846464, "lfence": 1.5170420713692442e-05, "lddqu": 0.0021693701620580192, "cpuid": 9.860773463900088e-05, "xgetbv": 3.7926051784231106e-06, "pushfq": 1.5170420713692442e-05, "fxsave": 3.7926051784231106e-06}