{"xor": 0.05704480029508696, "mov": 0.24723957372763794, "pop": 0.025547474520684153, "and": 0.00825922748157711, "push": 0.008235171479203586, "lea": 0.1242572709267174, "call": 0.06791811336792052, "hlt": 2.405600237352557e-05, "nop": 0.008828552871083884, "cmp": 0.04823228475891876, "jz": 0.036284470246734396, "test": 0.03209070716628311, "jmp": 0.05980322190058456, "ret": 0.02194709283211316, "sub": 0.008988926220240721, "sar": 0.00032074669831367426, "shr": 0.0045866777858855415, "add": 0.09537403074357104, "jnz": 0.01818633779438533, "repz ": 3.207466983136742e-05, "stmxcsr": 3.207466983136742e-05, "or": 0.0042980057574032345, "ldmxcsr": 3.207466983136742e-05, "jl": 0.0008259227481577111, "ja": 0.005276283187259941, "movzx": 0.009181374239228926, "inc": 0.00785829410868502, "jb": 0.008315358153782005, "jnl": 0.0007938480783263438, "movsxd": 0.0032074669831367426, "setnz": 4.811200474705114e-05, "jbe": 0.0038008483750170395, "jnb": 0.006471064638478377, "pxor": 0.0011867627837605947, "pcmpeqb": 0.0009381840925674972, "pmovmskb": 0.0009542214274831808, "bsf": 0.0008579974179890786, "cmova": 0.0008098854132420274, "dec": 0.0023494695651476638, "seta": 6.414933966273484e-05, "setb": 1.603733491568371e-05, "movsx": 0.0006014000593381392, "movdqu": 0.009365803590759288, "cmovz": 0.0010584641044351249, "cmovnz": 0.0009381840925674972, "imul": 0.0014112854725801666, "shl": 0.005252227184886415, "div": 0.0003367840332293579, "movd": 0.00015235468169899527, "punpckldq": 0.00010424267695194412, "pcmpeqd": 5.613067220489299e-05, "psubq": 5.613067220489299e-05, "movdqa": 0.004907424484199216, "psrldq": 0.0002726346935666231, "paddq": 3.207466983136742e-05, "movq": 8.820534203626041e-05, "movups": 0.0010584641044351249, "jle": 0.00048112004747051133, "mul": 0.0002726346935666231, "sbb": 0.0004410267101813021, "neg": 0.001844293515303627, "btr": 8.018667457841855e-06, "not": 0.0002886720284823068, "btc": 3.207466983136742e-05, "jg": 0.00023254135627741383, "setz": 0.00022452268881957197, "adc": 0.0013631734678331154, "cvtsi2sd": 0.00016037334915683713, "addsd": 8.018667457841856e-05, "mulsd": 4.811200474705114e-05, "divsd": 4.811200474705114e-05, "movsd": 8.820534203626041e-05, "jns": 0.0005372507196754043, "cmovae": 0.0002004666864460464, "xchg": 0.0008740347529047623, "punpcklbw": 0.00012829867932546968, "pshufd": 6.414933966273484e-05, "cmovbe": 0.0001443360142411534, "bt": 4.811200474705114e-05, "js": 0.00022452268881957197, "cmovle": 3.207466983136742e-05, "cmovb": 0.00015235468169899527, "unpcklpd": 8.018667457841855e-06, "bsr": 3.207466983136742e-05, "idiv": 5.613067220489299e-05, "cqo": 8.018667457841855e-06, "cmovl": 2.405600237352557e-05, "movaps": 0.01517131883023679, "setg": 4.811200474705114e-05, "punpcklwd": 8.018667457841855e-06, "punpcklqdq": 1.603733491568371e-05, "endbr64": 0.0003448027006871998, "vmovdqu64": 0.00012829867932546968, "prefetcht1": 0.00032074669831367426, "vmovaps": 0.00035282136814504165, "vmovntdq": 0.00019244801898820455, "sfence": 0.00011226134440978598, "vmovups": 0.0014112854725801666, "outsb": 1.603733491568371e-05, "vpbroadcastd": 1.603733491568371e-05, "stosd": 1.603733491568371e-05, "insb": 2.405600237352557e-05, "fadd": 0.0005292320522175624, "jrcxz": 0.0005131947173018787, "vmovdqu": 0.00012829867932546968, "vmovdqa": 0.00012829867932546968, "prefetcht0": 0.00019244801898820455, "stosb": 2.405600237352557e-05, "loopne": 0.00025659735865093936, "vzeroupper": 8.018667457841855e-06, "vmovq": 8.018667457841855e-06, "cld": 0.00010424267695194412, "lock ": 1.603733491568371e-05, "clc": 1.603733491568371e-05, "iretd": 8.018667457841855e-06, "in": 3.207466983136742e-05, "scasd": 8.018667457841855e-06, "int3": 1.603733491568371e-05, "cmpsd": 8.018667457841855e-06, "outsd": 1.603733491568371e-05, "lahf": 8.018667457841855e-06, "ud2": 0.0022372082207378777, "cli": 0.00012028001186762783, "out": 2.405600237352557e-05, "loope": 8.018667457841855e-06, "cmc": 1.603733491568371e-05, "rol": 8.018667457841855e-06, "pslldq": 0.00024056002373525566, "por": 0.00024056002373525566, "prefetchnta": 0.0006254560617116648, "movntdq": 0.0007537547410371345, "movnti": 0.00012829867932546968, "cwde": 8.018667457841855e-06, "jp": 1.603733491568371e-05, "jo": 1.603733491568371e-05, "popfq": 4.009333728920928e-05, "fld": 8.018667457841855e-06, "sti": 0.00011226134440978598, "std": 0.00010424267695194412, "stc": 8.018667457841856e-05, "palignr": 0.005773440569646136, "lfence": 3.207466983136742e-05, "lddqu": 0.0045866777858855415, "cpuid": 0.00020848535390388824, "xgetbv": 8.018667457841855e-06, "bts": 8.018667457841855e-06, "pushfq": 3.207466983136742e-05, "fxsave": 8.018667457841855e-06}