{"xor": 0.027773799339622277, "mov": 0.3409848376345626, "pop": 0.043106484940213755, "and": 0.01174047852224033, "push": 0.01599848260218242, "lea": 0.053863751611267455, "call": 0.0512354018201032, "hlt": 1.1612738399842067e-05, "nop": 0.010823072188652806, "cmp": 0.05684435446722692, "jz": 0.050786375935309304, "test": 0.049365750937728624, "jmp": 0.030773756759581477, "ret": 0.013339165508618587, "sub": 0.012092731587035539, "sar": 0.0010180500663861545, "shr": 0.006770226487107925, "add": 0.07106221718143356, "jnz": 0.032531151170757576, "repz ": 1.5483651199789422e-05, "stmxcsr": 1.5483651199789422e-05, "or": 0.005663145426322981, "ldmxcsr": 1.5483651199789422e-05, "ja": 0.0031160848039576213, "movzx": 0.010997263264650437, "jnl": 0.00127353031118268, "movsxd": 0.005349601489527246, "inc": 0.010381788129458808, "jle": 0.0014632050383801005, "jl": 0.0018967472719742043, "cmovz": 0.0015367523815791, "dec": 0.002674800744763623, "cmovns": 1.5483651199789422e-05, "js": 9.677281999868389e-05, "jb": 0.005457987047925771, "jnb": 0.004505742499138722, "cmovle": 0.00036773671599499877, "pxor": 0.0023960950231674133, "pcmpeqb": 0.0021522275167707296, "pmovmskb": 0.0021599693423706243, "bsf": 0.001993520091972888, "not": 0.00042192949519426177, "xchg": 0.0007238606935901555, "cmovge": 5.032186639931562e-05, "cmova": 0.0004877350127933668, "shl": 0.005059283029531194, "jbe": 0.0031199557167575684, "neg": 0.0026283497911642546, "sbb": 0.000925148159187418, "movd": 0.0003909621927946829, "punpcklbw": 0.0005264441407928403, "pshufd": 0.00029806028559594636, "movdqa": 0.002829637256761517, "bsr": 6.580551759910504e-05, "jg": 0.0016373961143777314, "movaps": 0.007501829006297975, "cmovnz": 0.0014283668231805742, "setnz": 0.0004528967975938406, "setz": 0.00037160762879494616, "movups": 0.002252871249569361, "adc": 0.0007354734319899975, "movdqu": 0.005647661775123192, "movq": 0.000348382151995262, "cmovae": 0.0002787057215962096, "movsx": 0.0017032016319768364, "fld": 1.1612738399842067e-05, "fstp": 7.741825599894711e-06, "cmovl": 0.00012386920959831538, "movsd": 1.1612738399842067e-05, "cdq": 1.5483651199789422e-05, "setle": 7.741825599894711e-06, "jns": 0.0003058021111958411, "div": 0.0005070895767931036, "cmovb": 0.00043741314639405117, "imul": 0.0016025578991782053, "btc": 2.3225476799684135e-05, "cmovbe": 0.00012386920959831538, "btr": 3.8709127999473554e-05, "punpcklwd": 0.00010451464559857861, "paddd": 8.516008159884182e-05, "psrldq": 0.0007045061295904187, "psrlq": 2.3225476799684135e-05, "cqo": 2.3225476799684135e-05, "idiv": 5.032186639931562e-05, "pand": 0.00012774012239826274, "punpcklqdq": 6.96764303990524e-05, "paddq": 0.00012386920959831538, "bt": 0.0002709638959963149, "setg": 8.516008159884182e-05, "setbe": 3.0967302399578844e-05, "seta": 0.00011612738399842066, "setb": 6.96764303990524e-05, "bts": 5.806369199921033e-05, "mul": 0.00021677111679705192, "pcmpeqd": 5.032186639931562e-05, "psubq": 8.128916879889447e-05, "movhpd": 5.032186639931562e-05, "pandn": 6.96764303990524e-05, "por": 0.00015870742479784158, "psrad": 7.354734319899976e-05, "unpcklpd": 3.8709127999473555e-06, "setnb": 2.709638959963149e-05, "cmovg": 7.354734319899976e-05, "setnl": 7.741825599894711e-06, "setl": 3.8709127999473555e-06, "psubd": 6.193460479915769e-05, "punpckldq": 1.9354563999736777e-05, "pcmpgtd": 3.0967302399578844e-05, "pslld": 3.0967302399578844e-05, "packssdw": 1.5483651199789422e-05, "psubw": 1.5483651199789422e-05, "movmskps": 3.8709127999473555e-06, "cvtsi2sd": 7.741825599894711e-06, "divsd": 3.8709127999473555e-06, "endbr64": 0.00036773671599499877, "bswap": 7.741825599894711e-06, "pslldq": 0.00046450953599368265, "vmovdqu64": 6.193460479915769e-05, "prefetcht1": 0.00015483651199789422, "vmovaps": 0.00017032016319768365, "vmovntdq": 9.290190719873654e-05, "sfence": 5.419277919926298e-05, "vmovups": 0.0006812806527907346, "outsb": 7.741825599894711e-06, "vpbroadcastd": 7.741825599894711e-06, "stosd": 7.741825599894711e-06, "insb": 1.1612738399842067e-05, "fadd": 0.0002554802447965255, "jrcxz": 0.00024773841919663076, "vmovdqu": 6.193460479915769e-05, "vmovdqa": 6.193460479915769e-05, "prefetcht0": 9.290190719873654e-05, "stosb": 1.1612738399842067e-05, "loopne": 0.00012386920959831538, "vzeroupper": 3.8709127999473555e-06, "vmovq": 3.8709127999473555e-06, "cld": 5.032186639931562e-05, "lock ": 7.741825599894711e-06, "clc": 7.741825599894711e-06, "iretd": 3.8709127999473555e-06, "in": 1.5483651199789422e-05, "scasd": 3.8709127999473555e-06, "int3": 7.741825599894711e-06, "cmpsd": 3.8709127999473555e-06, "outsd": 7.741825599894711e-06, "lahf": 3.8709127999473555e-06, "ud2": 0.0010799846711853122, "cli": 5.806369199921033e-05, "out": 1.1612738399842067e-05, "loope": 3.8709127999473555e-06, "cmc": 7.741825599894711e-06, "rol": 3.8709127999473555e-06, "prefetchnta": 0.00030193119839589375, "movntdq": 0.00036386580319505143, "movnti": 6.193460479915769e-05, "cwde": 3.8709127999473555e-06, "jp": 7.741825599894711e-06, "jo": 7.741825599894711e-06, "popfq": 1.9354563999736777e-05, "sti": 5.419277919926298e-05, "std": 5.032186639931562e-05, "stc": 3.8709127999473554e-05, "palignr": 0.002787057215962096, "lfence": 1.5483651199789422e-05, "lddqu": 0.0022141621215698874, "cpuid": 0.00010064373279863124, "xgetbv": 3.8709127999473555e-06, "pushfq": 1.5483651199789422e-05, "fxsave": 3.8709127999473555e-06}