{"xor": 0.027795445378672706, "mov": 0.3415035214545003, "pop": 0.043122304613570785, "and": 0.011778256957587416, "push": 0.01600943191337532, "lea": 0.05324454717507989, "call": 0.05100291644689895, "hlt": 1.1634761564952996e-05, "nop": 0.010843597778536192, "cmp": 0.05686295802178027, "jz": 0.05078961248487481, "test": 0.049292606496850855, "jmp": 0.03083211814712544, "ret": 0.013325680245726165, "sub": 0.01207688250442121, "sar": 0.001027737271570848, "shr": 0.006786944246222581, "add": 0.07097592380006826, "jnz": 0.03249201079705873, "repz ": 1.551301541993733e-05, "stmxcsr": 1.551301541993733e-05, "or": 0.005759206974651733, "ldmxcsr": 1.551301541993733e-05, "ja": 0.0031375073686823246, "movzx": 0.011095684279110174, "movsxd": 0.005386894604573237, "inc": 0.010451894139182774, "jle": 0.0015008842418789364, "jl": 0.001904222642797307, "sbb": 0.0009307809251962397, "shl": 0.005130929850144271, "dec": 0.002687629921504142, "setz": 0.0003761906239334802, "jnb": 0.004498774471781825, "jbe": 0.0031258726071173716, "cmovge": 4.653904625981198e-05, "neg": 0.002633334367534361, "jb": 0.005452824920107971, "pxor": 0.0023890043746703483, "pcmpeqb": 0.0021446743818063353, "pmovmskb": 0.0021524308895163042, "bsf": 0.001985665973751978, "jnl": 0.001272067264434861, "js": 8.144333095467098e-05, "movd": 0.0003917036393534175, "punpcklbw": 0.0005274425242778691, "pshufd": 0.00029862554683379353, "movdqa": 0.0028350035679935467, "bsr": 6.593031553473364e-05, "jg": 0.0016405013806583724, "movaps": 0.007516055970959635, "cmovnz": 0.0014310756724892184, "cmovz": 0.001427197418634234, "movsx": 0.001706431696193106, "cmova": 0.0004847817318730415, "xchg": 0.0007174769631721014, "fld": 1.1634761564952996e-05, "fstp": 7.756507709968664e-06, "cmovl": 0.00012410412335949863, "movsd": 1.1634761564952996e-05, "cdq": 1.551301541993733e-05, "setnz": 0.0004537557010331668, "setle": 7.756507709968664e-06, "cmovle": 0.0003645558623685272, "movups": 0.002257143743600881, "jns": 0.0003063820545437622, "div": 0.0005080512550029475, "cmovae": 0.0002792342775588719, "cmovb": 0.0004382426856132295, "imul": 0.0016055970959635135, "btc": 2.326952312990599e-05, "not": 0.0004149731624833235, "movdqu": 0.00565837237442214, "cmovbe": 0.00012410412335949863, "movq": 0.00034904284694858986, "btr": 3.878253854984332e-05, "punpcklwd": 0.00010471285408457696, "paddd": 8.53215848096553e-05, "psrldq": 0.0007058422016071484, "psrlq": 2.326952312990599e-05, "cqo": 2.326952312990599e-05, "idiv": 5.041730011479631e-05, "pand": 0.00012798237721448294, "punpcklqdq": 6.980856938971797e-05, "paddq": 0.00012410412335949863, "bt": 0.0002714777698489032, "setg": 8.53215848096553e-05, "setbe": 3.102603083987466e-05, "seta": 0.00011634761564952996, "setb": 6.980856938971797e-05, "bts": 5.817380782476498e-05, "mul": 0.00021718221587912258, "pcmpeqd": 5.041730011479631e-05, "psubq": 8.144333095467098e-05, "movhpd": 5.041730011479631e-05, "pandn": 6.980856938971797e-05, "por": 0.00015900840805435762, "psrad": 7.36868232447023e-05, "adc": 0.000736868232447023, "unpcklpd": 3.878253854984332e-06, "setnb": 2.7147776984890323e-05, "cmovg": 7.36868232447023e-05, "setnl": 7.756507709968664e-06, "setl": 3.878253854984332e-06, "psubd": 6.205206167974932e-05, "punpckldq": 1.939126927492166e-05, "pcmpgtd": 3.102603083987466e-05, "pslld": 3.102603083987466e-05, "packssdw": 1.551301541993733e-05, "psubw": 1.551301541993733e-05, "movmskps": 3.878253854984332e-06, "cvtsi2sd": 7.756507709968664e-06, "divsd": 3.878253854984332e-06, "endbr64": 0.0003684341162235115, "bswap": 7.756507709968664e-06, "pslldq": 0.00046539046259811985, "vmovdqu64": 6.205206167974932e-05, "prefetcht1": 0.00015513015419937328, "vmovaps": 0.0001706431696193106, "vmovntdq": 9.307809251962397e-05, "sfence": 5.4295553969780646e-05, "vmovups": 0.0006825726784772424, "outsb": 7.756507709968664e-06, "vpbroadcastd": 7.756507709968664e-06, "stosd": 7.756507709968664e-06, "insb": 1.1634761564952996e-05, "fadd": 0.0002559647544289659, "jrcxz": 0.00024820824671899726, "vmovdqu": 6.205206167974932e-05, "vmovdqa": 6.205206167974932e-05, "prefetcht0": 9.307809251962397e-05, "stosb": 1.1634761564952996e-05, "loopne": 0.00012410412335949863, "vzeroupper": 3.878253854984332e-06, "vmovq": 3.878253854984332e-06, "cld": 5.041730011479631e-05, "lock ": 7.756507709968664e-06, "clc": 7.756507709968664e-06, "iretd": 3.878253854984332e-06, "in": 1.551301541993733e-05, "scasd": 3.878253854984332e-06, "int3": 7.756507709968664e-06, "cmpsd": 3.878253854984332e-06, "outsd": 7.756507709968664e-06, "lahf": 3.878253854984332e-06, "ud2": 0.0010820328255406286, "cli": 5.817380782476498e-05, "out": 1.1634761564952996e-05, "loope": 3.878253854984332e-06, "cmc": 7.756507709968664e-06, "rol": 3.878253854984332e-06, "prefetchnta": 0.0003025038006887779, "movntdq": 0.0003645558623685272, "movnti": 6.205206167974932e-05, "cwde": 3.878253854984332e-06, "jp": 7.756507709968664e-06, "jo": 7.756507709968664e-06, "popfq": 1.939126927492166e-05, "sti": 5.4295553969780646e-05, "std": 5.041730011479631e-05, "stc": 3.878253854984332e-05, "palignr": 0.002792342775588719, "lfence": 1.551301541993733e-05, "lddqu": 0.0022183612050510376, "cpuid": 0.00010083460022959262, "xgetbv": 3.878253854984332e-06, "pushfq": 1.551301541993733e-05, "fxsave": 3.878253854984332e-06}