{"mov": 0.1405152224824356, "ldr": 0.15633252068518508, "add": 0.09774183395304423, "bl": 0.04567011464207028, "stur": 0.003488874544552501, "adr": 5.334670557419727e-06, "adrp": 0.025430374547219838, "cbz": 0.040319440072978295, "b": 0.03566760734690829, "ret": 0.01054130902146138, "ldxrb": 1.0669341114839453e-05, "ldaxrb": 1.0669341114839453e-05, "tbnz": 0.0067590275962507934, "sub": 0.021973508026011855, "cmp": 0.060431148074450665, "b.ls": 0.002277904328018223, "br": 0.0012963249454529936, "nop": 2.6673352787098634e-05, "asr": 0.0007255151958090829, "str": 0.062324956122334664, "ldrb": 0.020245074765407864, "cbnz": 0.016665510821379226, "strb": 0.010754695843758169, "ldp": 0.03002886056771564, "stp": 0.025313011794956604, "blr": 0.009783785802307779, "orr": 0.03654782798888254, "b.hi": 0.004662502067184841, "b.eq": 0.014787706785167483, "b.ne": 0.0210932873840376, "sxtw": 0.004257067104820942, "b.le": 0.0008428779480723168, "lsl": 0.0076179095559953695, "tst": 0.003590233285143476, "b.ge": 0.0022138882813291863, "and": 0.01134150960507434, "bics": 9.068939947613536e-05, "ldur": 0.006092193776573327, "b.lt": 0.002651331267037604, "cmn": 0.0021925495990995077, "ldrsw": 0.0009282326769910324, "ldrh": 0.0025606418675614686, "tbz": 0.005089275711778419, "b.gt": 0.0023952670802814572, "b.cc": 0.0051746304406971345, "bfi": 0.0011736275226323398, "bfxil": 0.0005174630440697135, "b.cs": 0.003232810357796354, "rev": 1.600401167225918e-05, "lsr": 0.00350487855622476, "movk": 0.0049132315833835686, "csel": 0.005686758814209428, "mvn": 0.0007041765135794039, "smaddl": 8.00200583612959e-05, "adds": 0.0004054349623638992, "b.mi": 0.00011736275226323398, "mul": 0.0007628578897110209, "madd": 0.0027846980309730973, "neg": 0.0003947656212490598, "smull": 0.0003200802334451836, "sturb": 0.0001973828106245299, "sbfiz": 0.00011736275226323398, "cset": 0.00292873413602343, "ubfiz": 4.267736445935781e-05, "ubfx": 0.0017657759545059294, "strh": 0.002373928398051778, "cinc": 0.000896224653646514, "ldurb": 0.0005601404085290712, "csinc": 0.00042677364459357814, "cneg": 0.00017604412839485097, "eor": 0.0013336676393549316, "udiv": 0.0006081524435458489, "msub": 0.0003627575979045414, "ands": 0.00026673352787098635, "subs": 0.0018991427184414226, "sxth": 5.334670557419727e-05, "sxtb": 3.734269390193809e-05, "ccmp": 0.0003040762217729244, "movi": 0.0001973828106245299, "bic": 0.00026673352787098635, "csinv": 0.00020805215173936933, "dup": 9.602407003355507e-05, "sturh": 0.0001387014344929129, "fmov": 0.00022939083396904825, "ins": 0.00011202808170581425, "sdiv": 1.600401167225918e-05, "umaddl": 0.0003040762217729244, "csetm": 4.801203501677754e-05, "umull": 0.0001013587405909748, "ldursw": 6.935071724645645e-05, "umulh": 9.602407003355507e-05, "csneg": 1.600401167225918e-05, "ldurh": 2.6673352787098634e-05, "ror": 5.334670557419727e-06, "ldrsh": 1.0669341114839453e-05, "ldursh": 1.0669341114839453e-05, "rbit": 4.267736445935781e-05, "clz": 4.801203501677754e-05, "addp": 1.600401167225918e-05, "cmeq": 1.0669341114839453e-05, "xtn": 3.200802334451836e-05, "umov": 7.468538780387618e-05, "ldrsb": 7.468538780387618e-05, "ldursb": 5.334670557419727e-06, "smulh": 5.334670557419727e-05, "sbfx": 1.0669341114839453e-05, "cnt": 1.600401167225918e-05, "uaddlv": 1.600401167225918e-05, "orn": 2.6673352787098634e-05, "rorv": 5.334670557419727e-06, "b.pl": 5.334670557419727e-06, "tbl": 4.267736445935781e-05, "ushll2": 2.1338682229678906e-05, "ushll": 2.1338682229678906e-05, "umax": 4.267736445935781e-05, "xtn2": 2.1338682229678906e-05, "umsubl": 1.0669341114839453e-05, "ucvtf": 1.0669341114839453e-05, "fdiv": 5.334670557419727e-06}