{"mov": 0.0876611583892416, "ldr": 0.19935461599651794, "add": 0.05532291713569574, "bl": 0.029375478409653745, "adrp": 0.009059390337250664, "b.eq": 5.4032149128731594e-05, "prfm": 3.001786062707311e-06, "ld4": 3.001786062707311e-06, "cbz": 0.004307562999984991, "b": 0.07787533582481576, "ret": 0.00626172572680745, "sub": 0.009638735047353176, "cmp": 0.04421630870367869, "b.ls": 3.001786062707311e-06, "br": 1.2007144250829244e-05, "nop": 1.5008930313536554e-05, "asr": 0.00036921968571299924, "str": 0.07865580020111966, "ldrb": 0.007789634832725472, "cbnz": 0.014057364131658336, "strb": 0.002404430636228556, "ldp": 0.005286145256427574, "stp": 0.005310159544929233, "blr": 0.0036351629219385537, "orr": 0.03301964668978042, "stur": 0.046287541086946736, "ldur": 0.12599696819607667, "cset": 0.044213306917615984, "tbnz": 0.042889519263962055, "and": 0.019343509388085912, "sxtw": 0.0035871343449352363, "mul": 0.007030182958860522, "ldrh": 0.0028336860431957015, "uxth": 0.0012427394299608268, "ubfx": 0.00796974199648791, "uxtb": 0.006213697149804133, "lsr": 0.005085025590226185, "subs": 0.00512404880904138, "eor": 0.0007564500878022423, "smull": 4.8028577003316974e-05, "tst": 0.0006183679289177061, "csel": 0.0006183679289177061, "movk": 0.0010055983310069492, "sdiv": 0.00026715895958095065, "lsl": 0.0022423341888423614, "umull": 0.00020111966620138983, "strh": 0.0008254911672445105, "ldursw": 3.001786062707311e-06, "b.ne": 5.4032149128731594e-05, "tbz": 5.1030363066024284e-05, "ldurb": 0.0005853482822279256, "b.hi": 6.003572125414622e-06, "sturb": 0.00026415717351824334, "adds": 3.001786062707311e-06, "udiv": 0.000531316133099194, "mvn": 6.303750731685352e-05, "bic": 0.00015309108919807287, "orn": 6.003572125414622e-06, "b.gt": 3.0017860627073107e-05, "ldrsw": 6.003572125414622e-06, "umaddl": 1.8010716376243864e-05, "smaddl": 3.001786062707311e-06, "sxth": 2.4014288501658487e-05, "rbit": 3.001786062707311e-06, "clz": 3.001786062707311e-06, "fmov": 9.005358188121932e-06, "cnt": 3.001786062707311e-06, "uaddlv": 3.001786062707311e-06, "sturh": 1.8010716376243864e-05, "ldurh": 4.5026790940609664e-05, "b.lt": 6.003572125414622e-06, "cinc": 6.003572125414622e-06, "b.cc": 3.001786062707311e-06, "ucvtf": 6.003572125414622e-06, "fdiv": 3.001786062707311e-06}