{"mov": 0.14165094449491067, "ldr": 0.1413714392192486, "add": 0.09946505795852452, "bl": 0.05341268177547962, "sturh": 0.00012810658467845247, "adrp": 0.04099798911482232, "cbz": 0.03694128060000466, "b": 0.03574173712528824, "ret": 0.010951171981148922, "st2": 7.764035435057726e-06, "sub": 0.020512581619422512, "cmp": 0.060547830340297676, "b.ls": 0.002072997461160413, "br": 0.0012810658467845247, "nop": 1.9410088587644313e-05, "asr": 0.000733701348612955, "str": 0.05807498505423179, "ldrb": 0.023556083509965138, "cbnz": 0.01676643452200716, "strb": 0.010120420189597745, "ldp": 0.02908019472200871, "stp": 0.024728452860658855, "blr": 0.007309839362106848, "ld2": 3.882017717528863e-06, "orr": 0.03707715122011817, "strh": 0.0025116654632411743, "stur": 0.00365297867219466, "ldur": 0.005908430966078929, "b.hi": 0.0048525221469110785, "b.cc": 0.004654539243317106, "b.cs": 0.0033540633079449374, "b.eq": 0.015500896746092748, "csel": 0.00498451074930706, "b.lt": 0.0023136825596472023, "b.ne": 0.021735417200444102, "lsl": 0.008059068781589919, "tst": 0.00351710805208115, "csinv": 0.00020574693902902972, "cmn": 0.001960418947352076, "movk": 0.0040489444793826036, "mvn": 0.0007298193308954262, "ldrsw": 0.0008656899510089364, "tbz": 0.005310600237579484, "sbfiz": 9.705044293822157e-05, "sxtw": 0.0034976979634935056, "tbnz": 0.006941047678941607, "ldurb": 0.0006987631891551953, "sturb": 0.0002523311516393761, "b.ge": 0.0021816939572512207, "and": 0.010283464933733957, "adds": 0.000395965807187944, "smulh": 8.152237206810613e-05, "msub": 0.00037267370088277084, "ands": 0.0002406850984867895, "cset": 0.0029115132881466473, "csinc": 0.00039208378947041514, "cinc": 0.0007880495966583592, "madd": 0.003171608475221081, "lsr": 0.0031832545283736677, "umull": 8.928640750316385e-05, "mul": 0.0006987631891551953, "subs": 0.0016886777071250553, "ldrh": 0.0032104286523963695, "udiv": 0.0005007802855612233, "cneg": 0.00014363465554856792, "b.gt": 0.0021079356206181723, "bic": 0.0007531114372005994, "eor": 0.001273301811349467, "movi": 0.0003571456300126554, "bfxil": 0.0004270219489281749, "b.le": 0.0008540438978563498, "rbit": 4.270219489281749e-05, "clz": 6.599430119799067e-05, "sdiv": 0.00010093246065575043, "ext": 2.3292106305173177e-05, "neg": 0.0004153758957755883, "ubfiz": 8.928640750316385e-05, "csetm": 0.00011257851380833701, "orn": 3.4938159457759764e-05, "sxtb": 4.6584212610346354e-05, "ror": 1.1646053152586589e-05, "csneg": 2.3292106305173177e-05, "ldurh": 0.00013198860239598133, "bfi": 0.0009355662699244559, "sbfx": 1.552807087011545e-05, "ccmp": 0.00027562325794454925, "ldursh": 1.1646053152586589e-05, "ubfx": 0.0016382114767971802, "ldrsh": 1.9410088587644313e-05, "b.mi": 0.00010093246065575043, "cinv": 1.552807087011545e-05, "ldrsb": 6.21122834804618e-05, "rev": 1.1646053152586589e-05, "bics": 8.540438978563499e-05, "smaddl": 9.705044293822157e-05, "dup": 9.316842522069271e-05, "ins": 8.928640750316385e-05, "mla": 7.764035435057726e-06, "ushl": 1.552807087011545e-05, "fmov": 0.00018245483272385656, "ldursw": 5.434824804540408e-05, "umaddl": 0.00024456711620431836, "sxth": 5.8230265762932945e-05, "umulh": 7.375833663304839e-05, "ldpsw": 3.882017717528863e-06, "fcvt": 7.764035435057726e-06, "smull": 0.00022903904533420292, "addp": 1.1646053152586589e-05, "cmeq": 7.764035435057726e-06, "xtn": 2.3292106305173177e-05, "umov": 5.434824804540408e-05, "ldursb": 3.882017717528863e-06, "cnt": 1.1646053152586589e-05, "uaddlv": 1.1646053152586589e-05, "rorv": 3.882017717528863e-06, "b.pl": 3.882017717528863e-06, "tbl": 3.10561417402309e-05, "ushll2": 1.552807087011545e-05, "ushll": 1.552807087011545e-05, "umax": 3.10561417402309e-05, "xtn2": 1.552807087011545e-05, "umsubl": 7.764035435057726e-06, "ucvtf": 7.764035435057726e-06, "fdiv": 3.882017717528863e-06}