{"mov": 0.08344983273043761, "ldr": 0.169570538798379, "add": 0.07203742486468845, "bl": 0.03904044387630212, "stp": 0.0053798242989637444, "stur": 0.0338510076971197, "adrp": 0.044817363396524056, "cbz": 0.0039818315337122965, "b": 0.10719395109745151, "ret": 0.002806864851633258, "sub": 0.006255609649957842, "cmp": 0.05420077787146082, "b.ls": 5.439660565180733e-06, "br": 1.0879321130361466e-05, "nop": 2.7198302825903665e-05, "asr": 8.703456904289173e-05, "str": 0.10549133734054995, "ldrb": 0.0036989691843228984, "cbnz": 0.007359860744689532, "strb": 0.0012130443060353034, "ldp": 0.005358065656703021, "blr": 0.0025403214839394023, "cset": 0.05418989855033046, "tbnz": 0.0525416813990807, "mul": 0.00527103108766013, "orr": 0.019555579731824733, "ldur": 0.08117061495362689, "ubfx": 0.01173334783909484, "udiv": 0.000467810808605543, "and": 0.006076100851306878, "tst": 0.0006473196072565072, "csel": 0.0006473196072565072, "subs": 0.004373487094405309, "lsl": 0.0012348029482960262, "sxtw": 0.0007778714608208448, "sturb": 0.0004025348818233742, "uxtb": 0.0030026926319797645, "ldurb": 0.0008703456904289173, "ldrh": 0.001403432425816629, "uxth": 0.0013707944624255447, "sdiv": 0.00013055185356433758, "lsr": 0.001425191068077352, "strh": 0.0005004487719966274, "umull": 9.247422960807246e-05, "movk": 0.0024587265754616914, "eor": 0.0007561128185601219, "fmov": 2.175864226072293e-05, "ucvtf": 6.527592678216879e-05, "fmul": 3.2637963391084396e-05, "fdiv": 3.2637963391084396e-05, "sturh": 6.527592678216879e-05, "ldurh": 0.00013599151412951833, "bic": 8.703456904289173e-05, "umaddl": 5.439660565180733e-06, "sxth": 2.175864226072293e-05, "mvn": 2.7198302825903665e-05, "smull": 2.175864226072293e-05, "b.ne": 5.439660565180733e-06}