{"mov": 0.0875359508225668, "ldr": 0.19943615941963924, "add": 0.05547425157944197, "bl": 0.02950586136824117, "stnp": 2.9927843968192686e-06, "sturb": 0.0002663578113169149, "adrp": 0.00924770378617154, "ld4": 2.9927843968192686e-06, "cbz": 0.004309609531419747, "b": 0.07780341596411053, "ret": 0.006272876095733187, "sub": 0.0096607080329326, "cmp": 0.044146562637481034, "b.ls": 2.9927843968192686e-06, "br": 1.1971137587277074e-05, "nop": 1.4963921984096344e-05, "asr": 0.00036811248080877005, "str": 0.07882994101221955, "ldrb": 0.007757297156555544, "cbnz": 0.014069079449447382, "strb": 0.002391234733058596, "ldp": 0.005315185088751021, "stp": 0.005339127363925575, "blr": 0.003630247473341773, "stur": 0.04624749728404816, "ldur": 0.1258854900834089, "cset": 0.044143569853084215, "tbnz": 0.04280878801210282, "orr": 0.03298646962174198, "uxtb": 0.0061860853482254285, "sxtw": 0.0035793701385958454, "mul": 0.007009101057350728, "tst": 0.0006314775077288658, "csel": 0.0006314775077288658, "lsr": 0.005072769552608661, "and": 0.019303459359484285, "subs": 0.005108682965370492, "ubfx": 0.007930878651571062, "eor": 0.0007541816679984557, "smull": 4.78845503491083e-05, "lsl": 0.002235609944423994, "ldrh": 0.0028221956862005703, "uxth": 0.001236019955886358, "movk": 0.001002582772934455, "udiv": 0.0005297228382370106, "sdiv": 0.0002663578113169149, "umull": 0.000200516554586891, "strh": 0.0008230157091252989, "b.eq": 5.0877334745927566e-05, "ldursw": 2.9927843968192686e-06, "b.ne": 5.387011914274684e-05, "tbz": 5.0877334745927566e-05, "ldurb": 0.0005835929573797574, "b.hi": 5.985568793638537e-06, "adds": 2.9927843968192686e-06, "mvn": 6.284847233320464e-05, "bic": 0.00015263200423778272, "orn": 5.985568793638537e-06, "b.gt": 2.992784396819269e-05, "ldrsw": 5.985568793638537e-06, "umaddl": 1.7956706380915612e-05, "smaddl": 2.9927843968192686e-06, "sxth": 2.394227517455415e-05, "rbit": 2.9927843968192686e-06, "clz": 2.9927843968192686e-06, "fmov": 8.978353190457806e-06, "cnt": 2.9927843968192686e-06, "uaddlv": 2.9927843968192686e-06, "sturh": 1.7956706380915612e-05, "ldurh": 4.489176595228903e-05, "b.lt": 5.985568793638537e-06, "cinc": 5.985568793638537e-06, "b.cc": 2.9927843968192686e-06, "ucvtf": 5.985568793638537e-06, "fdiv": 2.9927843968192686e-06}