{"mov": 0.1497112904262253, "ldr": 0.15160236108433625, "add": 0.0946866422479873, "bl": 0.053615525139305814, "adrp": 0.0289260371053767, "prfm": 4.589977325512012e-06, "cbz": 0.0428749781976077, "b": 0.04009345193834742, "ret": 0.00848686807487171, "sub": 0.021035866082821552, "cmp": 0.054919078699751225, "b.ls": 0.002010410068574261, "br": 0.0013035535604454115, "nop": 2.294988662756006e-05, "asr": 0.0007068565081288498, "str": 0.06905620886232822, "ldrb": 0.01877759723866964, "cbnz": 0.015766572113133762, "strb": 0.01076808680565118, "ldp": 0.025997631571700035, "stp": 0.02708086622052087, "blr": 0.00807377011557563, "tbz": 0.004580797370860988, "b.lt": 0.002345478413336638, "cset": 0.00301102512553588, "orr": 0.03698144731165028, "b.hi": 0.005636492155728751, "ldrsw": 0.000794066077313578, "csel": 0.005402403312127638, "b.eq": 0.012819806670155049, "b.ge": 0.0017212414970670044, "b.le": 0.00075275628138397, "b.ne": 0.01881431705727374, "subs": 0.0018038610889262207, "b.gt": 0.0020333599552018215, "b.cc": 0.004163109434239395, "and": 0.010024510478918234, "strh": 0.0020838497057824533, "tbnz": 0.006104669842930976, "sxtw": 0.0036903417697116575, "cneg": 0.00012851936511433634, "movk": 0.004268678912726171, "lsl": 0.0074357632673294595, "tst": 0.0031808542865798244, "ldrh": 0.0020884396831079653, "cmn": 0.0021710592749671818, "bfi": 0.0010465148302167388, "eor": 0.0011979840819586352, "ldrsh": 2.294988662756006e-05, "sturh": 0.00014228929709087236, "ldur": 0.0071649546051242505, "stur": 0.003837221044128042, "lsr": 0.003112004626697144, "ccmp": 0.00032588839011135287, "mvn": 0.0006288268935951457, "ubfx": 0.001519282494744476, "bic": 0.00023867882092662462, "umulh": 8.720956918472822e-05, "ror": 2.294988662756006e-05, "cinc": 0.000803246031964602, "ldurb": 0.0005278473924338814, "bics": 8.720956918472822e-05, "csinv": 0.00020654897964804053, "b.cs": 0.003130364535999192, "csinc": 0.000394738049994033, "adds": 0.0003121184581348168, "udiv": 0.0005416173244104175, "mul": 0.0007160364627798739, "csetm": 5.5079727906144145e-05, "msub": 0.00031670843546032884, "sturb": 0.00017900911569496846, "smulh": 5.5079727906144145e-05, "madd": 0.0023408884360111262, "ldursh": 1.8359909302048047e-05, "smaddl": 7.80296145337042e-05, "brk": 4.589977325512012e-06, "ext": 4.589977325512012e-06, "movi": 0.00018359909302048048, "neg": 0.00040391800464505703, "dup": 9.179954651024024e-05, "umull": 0.0001514692517418964, "ldrsb": 0.0001881890703459925, "ands": 0.00022031891162457658, "ubfiz": 5.5079727906144145e-05, "umaddl": 0.00024785877557764865, "sbfiz": 0.00012392938778882433, "ldurh": 2.7539863953072073e-05, "b.mi": 0.00010097950116126426, "smull": 0.0002662186848796967, "sxth": 4.589977325512012e-05, "rev": 9.179954651024024e-06, "sxtb": 3.2129841278584085e-05, "fmov": 0.00014687927441638438, "ins": 8.261959185921622e-05, "sdiv": 1.3769931976536036e-05, "bfxil": 0.0004452278005746652, "ldursw": 5.9669705231656155e-05, "csneg": 1.3769931976536036e-05, "rbit": 3.6719818604096095e-05, "clz": 4.130979592960811e-05, "addp": 9.179954651024024e-06, "umov": 6.425968255716817e-05, "cmeq": 9.179954651024024e-06, "xtn": 2.7539863953072073e-05, "ldursb": 4.589977325512012e-06, "sbfx": 9.179954651024024e-06, "cnt": 1.3769931976536036e-05, "uaddlv": 1.3769931976536036e-05, "orn": 2.294988662756006e-05, "rorv": 4.589977325512012e-06, "b.pl": 4.589977325512012e-06, "tbl": 3.6719818604096095e-05, "ushll2": 1.8359909302048047e-05, "ushll": 1.8359909302048047e-05, "umax": 3.6719818604096095e-05, "xtn2": 1.8359909302048047e-05, "umsubl": 9.179954651024024e-06, "ucvtf": 9.179954651024024e-06, "fdiv": 4.589977325512012e-06}