{"mov": 0.17135140897622686, "ldr": 0.15339895526100708, "add": 0.09070040154934082, "bl": 0.058874951138907644, "adr": 7.10706797910522e-06, "stnp": 7.10706797910522e-06, "adrp": 0.028520663800149247, "cbz": 0.04382218115916279, "b": 0.035393198535944, "ret": 0.016005117088944955, "sub": 0.017106712625706264, "cmp": 0.051512028712554635, "b.ls": 0.0020468355779823034, "br": 0.001648839771152411, "nop": 3.5535339895526104e-05, "asr": 0.0003908887388507871, "str": 0.04777371095554529, "ldrb": 0.021150634305817134, "cbnz": 0.01665186027504353, "strb": 0.004420596283003447, "ldp": 0.038669556874311506, "stp": 0.0340357485519349, "blr": 0.007348708290394797, "orr": 0.029323762481788137, "b.hi": 0.00405813581606908, "and": 0.011421058242422089, "cmn": 0.0024874737926868272, "b.ne": 0.018592089833339254, "b.ge": 0.000419317010767208, "b.lt": 0.0017625528588180947, "b.le": 0.00048328062257915494, "b.eq": 0.014455776269500018, "lsl": 0.0052165878966632315, "tst": 0.003319000746242138, "tbnz": 0.006744607512170854, "cinc": 0.0008244198855762055, "movk": 0.003589069329448136, "stur": 0.003581962261469031, "csel": 0.005358729256245336, "mvn": 0.0006183149141821541, "tbz": 0.005358729256245336, "ccmp": 0.00036956753491347143, "ldrsw": 0.0008457410895135212, "mul": 0.000710706797910522, "b.cs": 0.002864148395579404, "madd": 0.0013432358480508866, "sturb": 0.00019899790341494617, "sxtw": 0.0011015955367613091, "smaddl": 0.00012792722362389396, "adds": 0.0002487473792686827, "b.mi": 4.264240787463132e-05, "smull": 2.842827191642088e-05, "subs": 0.001357449984009097, "neg": 0.0004335311467254184, "lsr": 0.0032692512703884013, "sbfiz": 0.00013503429160299917, "b.gt": 0.0005472442343911019, "cset": 0.0032195017945346647, "ldur": 0.006659322696421591, "ubfiz": 7.107067979105221e-05, "bics": 0.00012082015564478874, "ubfx": 0.0015564478874240432, "bfi": 0.0012863793042180449, "strh": 0.0016275185672150953, "b.cc": 0.004690664866209445, "ldurb": 0.0004974947585373654, "csinc": 0.0004974947585373654, "cneg": 0.00014924842756120963, "udiv": 0.000774670409722469, "msub": 0.0003198180590597349, "ands": 0.00026296151522689314, "eor": 0.0013929853239046232, "sxth": 7.107067979105221e-05, "rev": 1.421413595821044e-05, "sxtb": 4.974947585373654e-05, "bic": 0.0003908887388507871, "movi": 0.0001705696314985253, "csinv": 0.00014924842756120963, "sdiv": 2.132120393731566e-05, "sturh": 5.685654383284176e-05, "ldrh": 0.002380867773000249, "csetm": 5.685654383284176e-05, "bfxil": 0.0006325290501403646, "umaddl": 0.00018478376745673572, "umull": 9.949895170747308e-05, "ldursw": 9.239188372836786e-05, "umulh": 0.00011371308766568352, "csneg": 2.132120393731566e-05, "ror": 7.10706797910522e-06, "ldrsh": 1.421413595821044e-05, "rbit": 1.421413595821044e-05, "clz": 2.132120393731566e-05, "ldurh": 2.842827191642088e-05, "ldursh": 1.421413595821044e-05, "ldrsb": 1.421413595821044e-05, "smulh": 2.132120393731566e-05, "sbfx": 1.421413595821044e-05, "orn": 3.5535339895526104e-05, "rorv": 7.10706797910522e-06, "b.pl": 7.10706797910522e-06, "fmov": 2.132120393731566e-05, "cnt": 7.10706797910522e-06, "uaddlv": 7.10706797910522e-06, "ucvtf": 1.421413595821044e-05, "fdiv": 7.10706797910522e-06}