{"mov": 0.08833010129904156, "ldr": 0.1871272691350389, "add": 0.05874356545996895, "bl": 0.03486946232264078, "adrp": 0.013361938447463874, "stxrh": 2.1475310908813684e-06, "cbz": 0.003977227580312294, "b": 0.07844501568771461, "ret": 0.006635871070823428, "sub": 0.01043700110168345, "cmp": 0.04459348310215161, "b.ls": 4.295062181762737e-06, "br": 8.590124363525474e-06, "nop": 1.0737655454406841e-05, "asr": 0.0003457525056319003, "str": 0.07895398055625351, "ldrb": 0.008562206459344015, "cbnz": 0.01343495450455384, "strb": 0.0025748897779667604, "ldp": 0.0057231703571988465, "stp": 0.0057575308546529485, "blr": 0.0027037416434196426, "orr": 0.03392240111156209, "uxtb": 0.007123360628453498, "and": 0.018279784645582206, "cset": 0.04459133557106073, "tbnz": 0.04372802807252642, "ubfx": 0.006784050716094242, "sxtw": 0.003738851629224462, "stur": 0.04649190058649074, "ldur": 0.12208714251660578, "mul": 0.006352396966827087, "subs": 0.004743896179756942, "eor": 0.0007151278532634956, "tst": 0.0006141938919920713, "csel": 0.0006141938919920713, "movk": 0.0007516358818084788, "sdiv": 0.00033501485017749347, "ldrh": 0.0032320342917764593, "sturb": 0.0004810469643574265, "ldurb": 0.0010866507319859723, "uxth": 0.00122409272180238, "udiv": 0.0004466864669033246, "umull": 0.00015247470745257714, "strh": 0.0010522902345318705, "umaddl": 1.5032717636169578e-05, "bic": 0.0002362284199969505, "lsr": 0.004170505378491617, "lsl": 0.0019349255128841129, "orn": 1.2885186545288209e-05, "mvn": 7.945865036261062e-05, "sturh": 4.939321509027147e-05, "ldurh": 7.731111927172926e-05, "sxth": 3.2212966363220527e-05, "tbz": 4.2950621817627364e-05, "clz": 4.295062181762737e-06, "smull": 3.4360497454101894e-05, "sxtb": 2.1475310908813684e-06, "b.gt": 2.7917904181457788e-05, "b.hi": 6.442593272644104e-06, "fcvt": 6.442593272644104e-06, "b.eq": 3.650802854498326e-05, "ldursw": 2.1475310908813684e-06, "b.ne": 3.865555963586463e-05, "adds": 2.1475310908813684e-06, "ldrsw": 4.295062181762737e-06, "smaddl": 2.1475310908813684e-06, "rbit": 2.1475310908813684e-06, "fmov": 6.442593272644104e-06, "cnt": 2.1475310908813684e-06, "uaddlv": 2.1475310908813684e-06, "b.lt": 4.295062181762737e-06, "cinc": 4.295062181762737e-06, "b.cc": 2.1475310908813684e-06, "ucvtf": 4.295062181762737e-06, "fdiv": 2.1475310908813684e-06}