{"mov": 0.09141340309302147, "ldr": 0.18682003539278294, "add": 0.05545895206586135, "bl": 0.03290759406016773, "stxr": 1.923520812495191e-06, "adrp": 0.013322305147341694, "cbz": 0.007411325690543972, "b": 0.08665076556128337, "ret": 0.005522428252673694, "stxrb": 7.694083249980764e-06, "sub": 0.008928983611602678, "cmp": 0.043958221127952606, "b.ls": 3.847041624990382e-06, "br": 7.694083249980764e-06, "nop": 9.617604062475956e-06, "asr": 0.000523197660998692, "str": 0.08103023774717243, "ldrb": 0.007124721089482188, "cbnz": 0.013285758251904286, "strb": 0.002150496268369624, "ldp": 0.005164653381549589, "stp": 0.00518004154804955, "blr": 0.0035585135031161036, "cset": 0.04396399169039009, "tbnz": 0.042698314995768254, "orr": 0.03498114949603755, "stur": 0.04461606524582596, "ldur": 0.11811379549126721, "ubfx": 0.008878972070477803, "mul": 0.006551511887358621, "and": 0.01827537123951681, "subs": 0.004729937677925675, "uxtb": 0.005797491728860506, "sxtw": 0.003169962298992075, "smull": 5.3858582749865356e-05, "lsr": 0.006928521966607678, "lsl": 0.001979302916057552, "tst": 0.0006828498884357928, "csel": 0.0006828498884357928, "udiv": 0.0004808802031237978, "ldrh": 0.002023543894744941, "uxth": 0.0009694544894975764, "sturb": 0.00031930445487420175, "sturh": 3.269985381241825e-05, "ldurb": 0.000694391013310764, "ldurh": 5.3858582749865356e-05, "movk": 0.0006905439716857737, "sdiv": 0.0002481341848118797, "eor": 0.0005655151188735863, "umull": 0.00025390474724936525, "strh": 0.0006270677848734323, "sxth": 2.6929291374932678e-05, "bic": 0.00015580518581211048, "mvn": 5.9629145187350926e-05, "tbz": 3.6546895437408634e-05, "b.gt": 2.3082249749942295e-05, "b.hi": 5.770562437485574e-06, "orn": 5.770562437485574e-06, "fcvt": 5.770562437485574e-06, "b.eq": 3.269985381241825e-05, "ldursw": 1.923520812495191e-06, "b.ne": 3.4623374624913444e-05, "adds": 1.923520812495191e-06, "ldrsw": 3.847041624990382e-06, "umaddl": 1.1541124874971148e-05, "smaddl": 1.923520812495191e-06, "rbit": 1.923520812495191e-06, "clz": 1.923520812495191e-06, "fmov": 3.6546895437408634e-05, "cnt": 1.923520812495191e-06, "uaddlv": 1.923520812495191e-06, "b.lt": 3.847041624990382e-06, "cinc": 3.847041624990382e-06, "b.cc": 1.923520812495191e-06, "fsub": 7.694083249980764e-06, "ucvtf": 7.694083249980764e-06, "fadd": 3.847041624990382e-06, "fcmp": 7.694083249980764e-06, "fmul": 1.923520812495191e-06, "fcvtzu": 1.923520812495191e-06, "fdiv": 1.923520812495191e-06}