{"mov": 0.14118480991546006, "ldr": 0.1557838446383338, "add": 0.09754406813230343, "bl": 0.04690350355985031, "adrp": 0.027201842991316675, "cbz": 0.0404405249606488, "b": 0.03570274468107285, "ret": 0.010575309336919244, "sub": 0.021755219897634757, "cmp": 0.05984509699679978, "b.ls": 0.0022881029072979535, "br": 0.0013134440379022423, "nop": 2.606039757742544e-05, "asr": 0.0007557515297453378, "str": 0.06229477436907777, "ldrb": 0.020097778611710502, "cbnz": 0.0167776839603465, "strb": 0.01064306637062055, "ldp": 0.03004242632725605, "stp": 0.025434948035567232, "blr": 0.009605862547039018, "tbz": 0.0050244446529276255, "b.cc": 0.0051078379251753864, "orr": 0.036177043916981996, "b.lt": 0.002668584711928365, "ldrsw": 0.0009329622332718307, "b.le": 0.0008495689610240693, "b.eq": 0.014541701848203397, "sbfiz": 0.00011987782885615703, "sxtw": 0.004253056884635832, "mvn": 0.0007036307345904869, "csel": 0.005649894194785836, "lsr": 0.003486881195859524, "b.hi": 0.0046543870073281835, "b.cs": 0.0031741564249304186, "and": 0.011148638083622604, "lsl": 0.007489758263752071, "subs": 0.001881560705090117, "b.ne": 0.020843105982424868, "cset": 0.0029031282901251943, "b.ge": 0.0021734371579572817, "tbnz": 0.006681885938851883, "neg": 0.0003961180431768667, "ldur": 0.006009527681354307, "stur": 0.0035129415934369496, "csinc": 0.0004273905202697772, "cmn": 0.002147376760379856, "bfi": 0.0011362333343757493, "movk": 0.004842021869885647, "strh": 0.0023350116229373195, "ubfx": 0.0017304103991410494, "madd": 0.002725917586598701, "ldrsb": 9.902951079421667e-05, "ldrsh": 7.296911321679123e-05, "movi": 0.0002241194191658588, "ldrh": 0.002606039757742544, "b.gt": 0.00234543578196829, "cinc": 0.0008808414381169799, "sxth": 5.733287467033597e-05, "brk": 5.212079515485088e-06, "ldurb": 0.0005524804286414194, "smaddl": 7.818119273227632e-05, "adds": 0.0003961180431768667, "b.mi": 0.00011466574934067194, "mul": 0.0007453273707143676, "smull": 0.0003127247709291053, "sturb": 0.00019284694207294826, "tst": 0.003492093275375009, "ccmp": 0.00029708853238265005, "csetm": 4.690871563936579e-05, "ands": 0.0002606039757742544, "sturh": 0.0001355140674026123, "umull": 9.902951079421667e-05, "umaddl": 0.00029708853238265005, "ubfiz": 4.1696636123880705e-05, "bics": 8.339327224776141e-05, "cneg": 0.0001719986240110079, "eor": 0.001303019878871272, "udiv": 0.0005941770647653001, "msub": 0.000354421407052986, "rev": 1.0424159030970176e-05, "sxtb": 3.648455660839562e-05, "bic": 0.0002606039757742544, "csinv": 0.00020327110110391844, "dup": 9.381743127873159e-05, "fmov": 0.0002241194191658588, "ins": 0.00010945366982518685, "sdiv": 1.5636238546455264e-05, "bfxil": 0.0004951475539710833, "ldursw": 6.775703370130615e-05, "umulh": 9.381743127873159e-05, "csneg": 1.5636238546455264e-05, "ldurh": 2.606039757742544e-05, "ror": 5.212079515485088e-06, "ldursh": 1.0424159030970176e-05, "rbit": 4.1696636123880705e-05, "clz": 4.690871563936579e-05, "addp": 1.5636238546455264e-05, "cmeq": 1.0424159030970176e-05, "xtn": 3.127247709291053e-05, "umov": 7.296911321679123e-05, "ldursb": 5.212079515485088e-06, "smulh": 5.212079515485088e-05, "sbfx": 1.0424159030970176e-05, "cnt": 1.5636238546455264e-05, "uaddlv": 1.5636238546455264e-05, "orn": 2.606039757742544e-05, "rorv": 5.212079515485088e-06, "b.pl": 5.212079515485088e-06, "tbl": 4.1696636123880705e-05, "ushll2": 2.0848318061940352e-05, "ushll": 2.0848318061940352e-05, "umax": 4.1696636123880705e-05, "xtn2": 2.0848318061940352e-05, "umsubl": 1.0424159030970176e-05, "ucvtf": 1.0424159030970176e-05, "fdiv": 5.212079515485088e-06}