{"mov": 0.15088701441162009, "ldr": 0.1349933117153301, "add": 0.10388333155666817, "bl": 0.051501511311625926, "stnp": 3.438706771157503e-06, "sturh": 0.0001065999099058826, "st1": 3.438706771157503e-06, "adrp": 0.03915311529639933, "cbz": 0.037368426482168586, "b": 0.03740281354988016, "ret": 0.014095259054974605, "sub": 0.02136124646243041, "cmp": 0.05872279553105668, "b.ls": 0.003191119883634163, "br": 0.001320463400124481, "nop": 1.7193533855787515e-05, "asr": 0.0006052123917237206, "str": 0.0599916783296138, "ldrb": 0.018300797436100233, "cbnz": 0.014965251868077454, "strb": 0.010161378508770422, "ldp": 0.026031010257662298, "stp": 0.02287771614851087, "blr": 0.008036257724195084, "b.eq": 0.012252112225634184, "orr": 0.03708645252693367, "umaddl": 0.00028197395523491523, "madd": 0.002909145928399248, "b.lt": 0.002107927250719549, "b.ne": 0.017970681586069112, "and": 0.011248009848456192, "csel": 0.007403535678302104, "b.hi": 0.005983349781814055, "cmn": 0.0018431468293404216, "ldrsw": 0.0013823601220053162, "ldur": 0.006863658715230377, "lsl": 0.007912464280433415, "stur": 0.0037138033128501034, "b.gt": 0.0018775338970519967, "tbz": 0.004700712156172307, "b.le": 0.0007083735948584456, "b.ge": 0.0016299470095286564, "tbnz": 0.009005973033661501, "ubfx": 0.001612753475672869, "bic": 0.0006499155797487681, "fmov": 0.00019256757918482018, "ins": 9.284508282125258e-05, "ldrh": 0.001784688814230744, "tst": 0.004669763795231889, "b.cs": 0.004876086201501339, "dup": 8.596766927893758e-05, "subs": 0.001633385716299814, "cset": 0.0027922298981798927, "lsr": 0.0034421454779286604, "movk": 0.003682854951909686, "udiv": 0.000526122135987098, "eor": 0.0010591216855165109, "b.cc": 0.006303149511531703, "ands": 0.00020976111304060768, "sxtw": 0.00304325549247439, "neg": 0.00040576739899658536, "mul": 0.0008596766927893758, "mvn": 0.0007771477302815957, "ldurb": 0.0007049348880872881, "cneg": 0.00019944499272713518, "csetm": 4.470318802504754e-05, "bics": 0.00012379344376167012, "ccmp": 0.00028885136877723023, "cinc": 0.001134773234481976, "csinc": 0.0004470318802504754, "sturb": 0.00016505792501556014, "umulh": 8.252896250778007e-05, "umull": 0.00016161921824440264, "adds": 0.0003645029177426953, "strh": 0.0018465855361115792, "sdiv": 3.094836094041753e-05, "msub": 0.0003163610229464903, "movi": 0.00017193533855787516, "ldrsb": 0.0002510255942944977, "ldurh": 4.1264481253890034e-05, "ldursw": 4.8141894796205045e-05, "sxtb": 4.1264481253890034e-05, "st2": 6.877413542315006e-06, "cmeq": 1.3754827084630013e-05, "ushll": 2.0632240626945017e-05, "addp": 1.3754827084630013e-05, "ldursb": 6.877413542315006e-06, "ubfiz": 9.972249636356759e-05, "csinv": 0.00018225145887134766, "ldrsh": 1.3754827084630013e-05, "sbfiz": 9.628378959241009e-05, "smulh": 5.501930833852005e-05, "ldursh": 1.3754827084630013e-05, "smaddl": 8.252896250778007e-05, "brk": 3.438706771157503e-06, "ext": 3.438706771157503e-06, "bfi": 0.001134773234481976, "ror": 1.3754827084630013e-05, "b.mi": 9.284508282125258e-05, "smull": 0.00020632240626945018, "rev": 1.3754827084630013e-05, "bfxil": 0.0004229609328523729, "sbfx": 2.4070947398102523e-05, "cinv": 3.438706771157503e-06, "orn": 2.0632240626945017e-05, "sxth": 4.1264481253890034e-05, "ldpsw": 3.438706771157503e-06, "fcvt": 6.877413542315006e-06, "rorv": 1.0316120313472509e-05, "extr": 3.7825774482732535e-05, "b.pl": 2.0632240626945017e-05, "csneg": 1.0316120313472509e-05, "rbit": 2.7509654169260025e-05, "clz": 3.094836094041753e-05, "xtn": 2.0632240626945017e-05, "umov": 4.8141894796205045e-05, "cnt": 1.0316120313472509e-05, "uaddlv": 1.0316120313472509e-05, "tbl": 2.7509654169260025e-05, "ushll2": 1.3754827084630013e-05, "umax": 2.7509654169260025e-05, "xtn2": 1.3754827084630013e-05, "umsubl": 6.877413542315006e-06, "ucvtf": 1.3754827084630013e-05, "fadd": 6.877413542315006e-06, "fneg": 6.877413542315006e-06, "fcsel": 3.438706771157503e-06, "fcmp": 1.3754827084630013e-05, "b.vs": 3.438706771157503e-06, "fmul": 3.438706771157503e-06, "fsub": 3.438706771157503e-06, "fcvtzu": 3.438706771157503e-06, "fdiv": 3.438706771157503e-06}