{"mov": 0.17044725016049647, "ldr": 0.137359501900482, "add": 0.09354141827927405, "bl": 0.06884024741931868, "stur": 0.0028736510653908473, "adrp": 0.04217745304841389, "cbz": 0.039655365677193195, "b": 0.03676133410779248, "ret": 0.01637063984592339, "sub": 0.016355354467915993, "cmp": 0.051934619343136354, "b.ls": 0.0017119623368285898, "br": 0.001604964690776803, "nop": 2.5475630012330204e-05, "asr": 0.000504417474244138, "str": 0.04631979048841878, "ldrb": 0.02271407171899361, "cbnz": 0.015591085567546086, "strb": 0.005400833562614004, "ldp": 0.038748433248754245, "stp": 0.033994680688453426, "blr": 0.005472165326648528, "orr": 0.030856083070934345, "strh": 0.0017170574628310557, "and": 0.010052683602865499, "b.ne": 0.019422620321400547, "b.hi": 0.00398948365993091, "b.cs": 0.0030417902234722263, "b.eq": 0.014312208940927109, "b.cc": 0.004213669204039416, "csel": 0.004560137772207107, "b.lt": 0.0016355354467915992, "lsl": 0.005079840624458643, "tst": 0.0030417902234722263, "csinv": 0.0001477586540715152, "cmn": 0.002094096787013543, "mvn": 0.000616510246298391, "ldrsw": 0.0008356006644044307, "tbz": 0.0051562675144956336, "ldur": 0.005288740790559751, "sxtw": 0.0012788766266189763, "sbfiz": 0.00010699764605178686, "ldurb": 0.0005247979782540022, "sturb": 0.0002343757961134379, "b.ge": 0.0004330857102096135, "b.le": 0.0005502736082663325, "movk": 0.0029806487114426338, "smulh": 6.114151202959249e-05, "msub": 0.00031589781215289457, "adds": 0.0002343757961134379, "cset": 0.003250690389573334, "csinc": 0.00043818083621207954, "cinc": 0.000748983522362508, "madd": 0.002129762669030805, "cneg": 0.00012228302405918498, "lsr": 0.0028277949313686526, "umull": 8.66171420419227e-05, "mul": 0.0006572712543181193, "tbnz": 0.006277195235038163, "ldrh": 0.0024150897251689033, "subs": 0.0011413082245523931, "udiv": 0.0006063199942934589, "b.gt": 0.0007846494043797703, "bic": 0.0004636564662244097, "movi": 0.00015794890607644728, "eor": 0.0011922594845770536, "bfxil": 0.0005247979782540022, "rbit": 2.5475630012330204e-05, "clz": 3.5665882017262285e-05, "sdiv": 0.00010699764605178686, "ands": 0.0002241855441085058, "neg": 0.0004228954582046814, "ubfiz": 8.66171420419227e-05, "ubfx": 0.0014164450286855595, "csetm": 0.00012737815006165102, "orn": 4.5856134022194367e-05, "sxtb": 5.604638602712645e-05, "ror": 1.5285378007398122e-05, "ldurh": 5.604638602712645e-05, "sturh": 7.133176403452457e-05, "sbfx": 2.5475630012330204e-05, "bfi": 0.0010292154524981403, "ccmp": 0.00033118319016029265, "csneg": 2.0380504009864163e-05, "sxth": 6.623663803205854e-05, "ldursh": 1.5285378007398122e-05, "ldrsh": 2.5475630012330204e-05, "b.mi": 3.0570756014796244e-05, "cinv": 1.5285378007398122e-05, "ldrsb": 1.5285378007398122e-05, "rev": 1.5285378007398122e-05, "bics": 0.0001120927720542529, "smaddl": 0.0001732342840838454, "umaddl": 0.0001732342840838454, "umulh": 8.66171420419227e-05, "ldursw": 7.642689003699062e-05, "fcvt": 1.0190252004932081e-05, "fmov": 2.5475630012330204e-05, "smull": 1.5285378007398122e-05, "rorv": 5.095126002466041e-06, "b.pl": 5.095126002466041e-06, "cnt": 5.095126002466041e-06, "uaddlv": 5.095126002466041e-06, "ucvtf": 1.0190252004932081e-05, "fdiv": 5.095126002466041e-06}