{"mov": 0.1711804866993399, "ldr": 0.1534321085583161, "add": 0.09081702031219015, "bl": 0.059116405563896995, "stxrb": 7.082353607750928e-06, "ldarh": 7.082353607750928e-06, "adrp": 0.02893849684127029, "cbz": 0.043761862942292985, "b": 0.03536219156350038, "ret": 0.01602736621434035, "sub": 0.017075554548287488, "cmp": 0.051396640131448484, "b.ls": 0.002039717839032267, "br": 0.0016431060369982153, "nop": 3.541176803875464e-05, "asr": 0.00038952944842630103, "str": 0.047890875095611775, "ldrb": 0.02107708433666676, "cbnz": 0.016629366270999178, "strb": 0.004405223944021077, "ldp": 0.03869798011275107, "stp": 0.03403070908524321, "blr": 0.007337318337629961, "orr": 0.029285532168050087, "b.hi": 0.0040369415564180285, "cmn": 0.002457576701889572, "b.ne": 0.01852743703787643, "b.gt": 0.0005665882886200743, "b.eq": 0.014391342530949884, "b.lt": 0.001763506048329981, "csel": 0.005410918156321709, "tbz": 0.005361341681067452, "ldur": 0.00664324768407037, "and": 0.011367177540440239, "tbnz": 0.006749482988186634, "tst": 0.003314541488427434, "b.ge": 0.0004036941556418029, "movk": 0.0035765885719142186, "stur": 0.0035695062183064676, "mvn": 0.0006161647638743308, "ccmp": 0.00036828238760304823, "ldrsw": 0.0008428000793223604, "mul": 0.0007082353607750927, "b.cs": 0.002854188503923624, "madd": 0.0013385648318649255, "sturb": 0.00019830590101702598, "b.le": 0.00046743533811156125, "sxtw": 0.0010977648092013938, "smaddl": 0.0001274823649395167, "adds": 0.00024788237627128247, "b.mi": 4.249412164650557e-05, "smull": 2.832941443100371e-05, "subs": 0.0013527295390804272, "neg": 0.0004320235700728066, "lsr": 0.0032578826595654267, "cset": 0.0032083061843111702, "bfi": 0.001281906003002918, "lsl": 0.00519136519448143, "b.cc": 0.004674353381115612, "cinc": 0.0008144706648913567, "ldurb": 0.0004957647525425649, "csetm": 5.665882886200742e-05, "ands": 0.00026204708348678433, "sturh": 5.665882886200742e-05, "csinc": 0.0004957647525425649, "strh": 0.0016218589761749624, "umull": 9.915295050851299e-05, "umaddl": 0.00018414119380152412, "sbfiz": 0.00013456471854726763, "ubfiz": 7.082353607750928e-05, "bics": 0.00012040001133176577, "ubfx": 0.0015510354400974531, "cneg": 0.00014872942576276947, "movi": 0.00016997648658602228, "udiv": 0.0007719765432448511, "msub": 0.00031870591234879175, "eor": 0.001388141307119182, "sxth": 7.082353607750928e-05, "rev": 1.4164707215501856e-05, "sxtb": 4.9576475254256496e-05, "bic": 0.00038952944842630103, "csinv": 0.00014872942576276947, "sdiv": 2.1247060823252784e-05, "ldrh": 0.0023725884585965606, "bfxil": 0.0006303294710898326, "ldursw": 9.207059690076206e-05, "umulh": 0.00011331765772401485, "csneg": 2.1247060823252784e-05, "ror": 7.082353607750928e-06, "ldrsh": 1.4164707215501856e-05, "rbit": 1.4164707215501856e-05, "clz": 2.1247060823252784e-05, "ldurh": 2.832941443100371e-05, "ldursh": 1.4164707215501856e-05, "ldrsb": 1.4164707215501856e-05, "smulh": 2.1247060823252784e-05, "sbfx": 1.4164707215501856e-05, "orn": 3.541176803875464e-05, "rorv": 7.082353607750928e-06, "b.pl": 7.082353607750928e-06, "fmov": 2.1247060823252784e-05, "cnt": 7.082353607750928e-06, "uaddlv": 7.082353607750928e-06, "ucvtf": 1.4164707215501856e-05, "fdiv": 7.082353607750928e-06}