{"mov": 0.09767662399241346, "ldr": 0.13434487118697644, "add": 0.07112375533428165, "bl": 0.056582898688161846, "adr": 0.000158052789631737, "prfm": 0.000158052789631737, "adrp": 0.028133396554449186, "cbz": 0.00632211158526948, "b": 0.07238817765133555, "ret": 0.007744586691955113, "sub": 0.011695906432748537, "cmp": 0.034139402560455195, "b.ls": 0.000158052789631737, "br": 0.000316105579263474, "nop": 0.000790263948158685, "asr": 0.000474158368895211, "str": 0.07807807807807808, "ldrb": 0.02054686265212581, "cbnz": 0.007586533902323376, "strb": 0.006006006006006006, "ldp": 0.00948316737790422, "stp": 0.00995732574679943, "blr": 0.005373794847479058, "stur": 0.05958590169116485, "ldur": 0.12375533428165007, "cset": 0.03382329698119172, "tbnz": 0.03366524419155998, "orr": 0.03319108582266477, "sxtw": 0.003951319740793425, "mul": 0.005531847637110795, "ubfx": 0.013118381539434171, "and": 0.005689900426742532, "uxtb": 0.008376797850482062, "strh": 0.000632211158526948, "ldrh": 0.001264422317053896, "uxth": 0.001264422317053896, "lsr": 0.00316105579263474, "lsl": 0.008850956219377272, "eor": 0.000632211158526948, "subs": 0.002212739054844318, "sturb": 0.000474158368895211, "ldurb": 0.000474158368895211, "smull": 0.000632211158526948, "tst": 0.000158052789631737, "csel": 0.000158052789631737, "b.ne": 0.000158052789631737}