{"mov": 0.08630831313965705, "ldr": 0.19689395886729075, "add": 0.05591672635343384, "bl": 0.03324157792679366, "adr": 2.4956139584679924e-06, "adrp": 0.010224530387843366, "cbz": 0.004309925306274223, "b": 0.07973486597305236, "ret": 0.006106767356371177, "saddl": 4.991227916935985e-06, "sub": 0.009508289181763052, "cmp": 0.04377306883152859, "b.ls": 2.4956139584679924e-06, "br": 9.98245583387197e-06, "nop": 1.2478069792339962e-05, "asr": 0.00031694297272543505, "str": 0.07915588353468779, "ldrb": 0.007556719066241081, "cbnz": 0.015133403044149906, "strb": 0.002368337646586125, "ldp": 0.005368065624664652, "stp": 0.005390526150290864, "blr": 0.003251784987883794, "stur": 0.04849227482699156, "ldur": 0.12714903556998575, "cset": 0.04377057321757012, "tbnz": 0.042545226763962336, "sxtw": 0.00344394726268583, "orr": 0.03204867445464596, "and": 0.017107433685298087, "mul": 0.00670072347848656, "subs": 0.004654320032542806, "uxtb": 0.00619161823095909, "ubfx": 0.007596648889576569, "sdiv": 0.0002570482377222032, "ldrh": 0.0024706578188833125, "sxth": 4.492105125242387e-05, "strh": 0.0007187368200387819, "tst": 0.0006089298058661902, "csel": 0.0006089298058661902, "eor": 0.000656346471077082, "lsr": 0.004339872673775839, "lsl": 0.0019365964317711623, "bic": 0.00013725876771573958, "umull": 0.00030945613085003106, "movk": 0.0008460131319206495, "udiv": 0.0004666798102335146, "sturb": 0.0002695263075145432, "ldurb": 0.0005240789312782784, "sturh": 1.7469297709275948e-05, "ldurh": 4.2425437293955876e-05, "uxth": 0.0011055569836013208, "smull": 6.488596292016781e-05, "b.eq": 4.2425437293955876e-05, "ldursw": 2.4956139584679924e-06, "b.ne": 4.492105125242387e-05, "tbz": 4.2425437293955876e-05, "b.hi": 4.991227916935985e-06, "adds": 2.4956139584679924e-06, "mvn": 5.240789312782784e-05, "orn": 4.991227916935985e-06, "b.gt": 2.4956139584679925e-05, "ldrsw": 4.991227916935985e-06, "umaddl": 1.4973683750807955e-05, "smaddl": 2.4956139584679924e-06, "rbit": 2.4956139584679924e-06, "clz": 2.4956139584679924e-06, "fmov": 7.4868418754039776e-06, "cnt": 2.4956139584679924e-06, "uaddlv": 2.4956139584679924e-06, "b.lt": 4.991227916935985e-06, "cinc": 4.991227916935985e-06, "b.cc": 2.4956139584679924e-06, "ucvtf": 4.991227916935985e-06, "fdiv": 2.4956139584679924e-06}