{"mov": 0.08745355252786849, "ldr": 0.19903445557932664, "add": 0.05758360544983673, "bl": 0.030714446571332057, "st1": 2.8149983110010135e-06, "adrp": 0.010908118455128927, "cbz": 0.004216867469879518, "b": 0.07738148857110685, "ret": 0.006131066321360207, "sub": 0.009489359306384415, "cmp": 0.043457943925233646, "b.ls": 2.8149983110010135e-06, "br": 1.1259993244004054e-05, "nop": 1.4074991555005068e-05, "asr": 0.0003518747888751267, "str": 0.07852719288368427, "ldrb": 0.007538565476860714, "cbnz": 0.014153811507713096, "strb": 0.0022604436437338137, "ldp": 0.00530627181623691, "stp": 0.005328791802724918, "blr": 0.0034765229140862517, "stur": 0.046126562324062606, "ldur": 0.12566152460308525, "orr": 0.03294674023195586, "cset": 0.04353113388131967, "tbnz": 0.04220526967683819, "and": 0.01891678864992681, "sxtw": 0.0035018578988852606, "mul": 0.007133205720076568, "umull": 0.0002730548361670983, "ubfx": 0.007893255264046842, "subs": 0.004940322035806778, "smull": 5.066996959801824e-05, "fmov": 0.00024208985474608716, "scvtf": 6.47449611530233e-05, "fmul": 6.19299628420223e-05, "fdiv": 0.0001238599256840446, "ucvtf": 8.16349510190294e-05, "eor": 0.0007290845625492625, "fcmp": 7.881995270802837e-05, "fadd": 6.19299628420223e-05, "fsub": 8.44499493300304e-06, "uxtb": 0.005979056412566152, "fcvtzs": 5.629996622002027e-06, "tst": 0.0006474496115302331, "csel": 0.0006474496115302331, "sdiv": 0.00028431482941110233, "udiv": 0.0005264046841571895, "lsr": 0.004847427091543745, "movk": 0.0009739894156063506, "ldurb": 0.0005827046503772097, "lsl": 0.002116878729872762, "ldrh": 0.0026629884022069585, "uxth": 0.0011710392973764215, "sturb": 0.00025053484967909017, "umaddl": 1.9704988177007093e-05, "bic": 0.00014637991217205268, "b.eq": 5.066996959801824e-05, "fabd": 2.8149983110010135e-06, "b.le": 2.8149983110010135e-06, "fcvtzu": 1.1259993244004054e-05, "strh": 0.0007741245355252787, "ldursw": 2.8149983110010135e-06, "b.ne": 5.066996959801824e-05, "tbz": 4.7854971287017225e-05, "b.hi": 5.629996622002027e-06, "adds": 2.8149983110010135e-06, "mvn": 5.911496453102128e-05, "orn": 5.629996622002027e-06, "b.gt": 2.8149983110010135e-05, "ldrsw": 5.629996622002027e-06, "smaddl": 2.8149983110010135e-06, "sxth": 2.2519986488008108e-05, "rbit": 2.8149983110010135e-06, "clz": 2.8149983110010135e-06, "cnt": 2.8149983110010135e-06, "uaddlv": 2.8149983110010135e-06, "sturh": 1.688998986600608e-05, "ldurh": 4.22249746650152e-05, "b.lt": 5.629996622002027e-06, "cinc": 5.629996622002027e-06, "b.cc": 2.8149983110010135e-06}