{"mov": 0.14033345832299088, "ldr": 0.15664724925930426, "add": 0.0977243080238079, "bl": 0.04592577726843025, "ldxrb": 5.2812531357440495e-06, "adrp": 0.026105234249982835, "cbz": 0.04052305531056409, "b": 0.03572239621017275, "ret": 0.010599475043438307, "sub": 0.021774606678672717, "cmp": 0.06038584835409746, "b.ls": 0.002260376342098453, "br": 0.001288625765121548, "nop": 2.6406265678720246e-05, "asr": 0.0007235316795969347, "str": 0.06182763046015559, "ldrb": 0.02030641830693587, "cbnz": 0.01660425985877929, "strb": 0.010652287574795747, "ldp": 0.030187642923912985, "stp": 0.02528664001394251, "blr": 0.00989706837638435, "orr": 0.03638255285214076, "b.hi": 0.004605252734368811, "lsl": 0.007578598249792711, "tst": 0.0035859708791702097, "b.ne": 0.02114085630238343, "b.eq": 0.014729414995590153, "madd": 0.002767376643129882, "subs": 0.0018959698757321137, "cset": 0.0030208767936455963, "b.lt": 0.0026406265678720247, "b.le": 0.0008344379954475598, "cinc": 0.0008978130330764884, "csel": 0.005677347120924853, "ldur": 0.0060523160935626805, "stur": 0.0034909083227268167, "cmn": 0.0021705950387908043, "tbnz": 0.006738879001209407, "tbz": 0.005075284263450031, "ldrsh": 2.1125012542976198e-05, "and": 0.011222662913456105, "b.cs": 0.003226845665939614, "sbfx": 1.5843759407232147e-05, "ldrh": 0.002535001505157144, "ubfx": 0.0017586572942027683, "dup": 0.00011090631585062503, "fmov": 0.00023765639110848223, "ins": 0.00011618756898636909, "mul": 0.0007710629578186313, "b.cc": 0.005170346819893424, "movk": 0.004885159150563246, "sdiv": 2.1125012542976198e-05, "ldrsw": 0.0009189380456194646, "neg": 0.00042250025085952393, "cneg": 0.00019540636602252982, "ldurb": 0.0005756565917961014, "mvn": 0.0006971254139182145, "sxtw": 0.004209158749188007, "smaddl": 7.921879703616074e-05, "adds": 0.00040137523831654774, "b.mi": 0.00011618756898636909, "smull": 0.000316875188144643, "sturb": 0.00019540636602252982, "lsr": 0.0034645020570480962, "bfi": 0.0011460319304564587, "ccmp": 0.0003010314287374108, "csetm": 4.7531278221696444e-05, "strh": 0.002350157645406102, "ands": 0.00026406265678720244, "sturh": 0.00013731258152934527, "umull": 0.00010034380957913694, "umaddl": 0.0003010314287374108, "b.ge": 0.0021758762919265482, "sbfiz": 0.00011618756898636909, "b.gt": 0.0023660014048133343, "ubfiz": 4.2250025085952396e-05, "bics": 8.450005017190479e-05, "csinc": 0.00042250025085952393, "movi": 0.00019540636602252982, "eor": 0.0013203132839360123, "udiv": 0.0006020628574748216, "msub": 0.00035912521323059536, "sxth": 5.281253135744049e-05, "rev": 1.0562506271488099e-05, "sxtb": 3.696877195020835e-05, "bic": 0.00026406265678720244, "csinv": 0.00020596887229401792, "umulh": 9.506255644339289e-05, "bfxil": 0.0005017190478956847, "ldursw": 6.865629076467264e-05, "csneg": 1.5843759407232147e-05, "ldurh": 2.6406265678720246e-05, "ror": 5.2812531357440495e-06, "ldursh": 1.0562506271488099e-05, "rbit": 4.2250025085952396e-05, "clz": 4.7531278221696444e-05, "addp": 1.5843759407232147e-05, "cmeq": 1.0562506271488099e-05, "xtn": 3.1687518814464294e-05, "umov": 7.39375439004167e-05, "ldrsb": 7.39375439004167e-05, "ldursb": 5.2812531357440495e-06, "smulh": 5.281253135744049e-05, "cnt": 1.5843759407232147e-05, "uaddlv": 1.5843759407232147e-05, "orn": 2.6406265678720246e-05, "rorv": 5.2812531357440495e-06, "b.pl": 5.2812531357440495e-06, "tbl": 4.2250025085952396e-05, "ushll2": 2.1125012542976198e-05, "ushll": 2.1125012542976198e-05, "umax": 4.2250025085952396e-05, "xtn2": 2.1125012542976198e-05, "umsubl": 1.0562506271488099e-05, "ucvtf": 1.0562506271488099e-05, "fdiv": 5.2812531357440495e-06}