{"mov": 0.18528615442068902, "ldr": 0.12960507889085987, "add": 0.09421155821118476, "bl": 0.06520399589207357, "stnp": 9.336196433572962e-06, "adrp": 0.040565773503874525, "cbz": 0.04042573055737093, "b": 0.038801232377929235, "ret": 0.02126785547567921, "st1": 9.336196433572962e-06, "st3": 9.336196433572962e-06, "sub": 0.017024554196620297, "cmp": 0.04964989263374101, "b.ls": 0.0024507515638129028, "br": 0.0017832135188124358, "nop": 2.3340491083932407e-05, "asr": 0.0003734478573429185, "str": 0.04231631033516945, "ldrb": 0.018471664643824107, "cbnz": 0.014396414900569508, "strb": 0.0043179908505274955, "ldp": 0.03587433479600411, "stp": 0.03216786481187564, "blr": 0.007100177387732238, "b.eq": 0.01194099523853982, "orr": 0.0300065353375035, "umaddl": 0.0002240687144057511, "madd": 0.0020026141350014005, "stur": 0.003463728876855569, "b.lt": 0.0016478386705256279, "b.ne": 0.016403697133787695, "and": 0.009602278031929791, "csel": 0.007735038745215199, "b.hi": 0.004430025207730371, "cmn": 0.0019092521706656708, "b.gt": 0.0007002147325179722, "tbz": 0.004238633180842125, "b.ge": 0.00045747362524507513, "cset": 0.003248996358883391, "ldrsw": 0.0007328914200354776, "lsl": 0.004924843618709738, "b.le": 0.00045747362524507513, "tbnz": 0.01045187190738493, "ldur": 0.006652039958920736, "ubfx": 0.00151246382223882, "bic": 0.00030809448230790777, "tst": 0.005097563252730837, "lsr": 0.002782186537204743, "movk": 0.0028662123051068993, "udiv": 0.0007048828307347586, "eor": 0.0011203435720287555, "b.cc": 0.004588740547101111, "ands": 0.00021940061618896462, "sxtw": 0.0010456540005601717, "ldrh": 0.0017692092241620764, "subs": 0.0012090374381476987, "neg": 0.00038278405377649145, "b.cs": 0.004051909252170666, "ldurb": 0.0005321631967136588, "mul": 0.0008309214825879936, "mvn": 0.0006068527681822426, "cneg": 0.00015871533937074036, "csetm": 4.201288395107833e-05, "bics": 0.00011670245541966203, "ccmp": 0.0003174306787414807, "cinc": 0.0012837270096162823, "sturb": 0.00016805153580431333, "csinc": 0.0005321631967136588, "adds": 0.00021473251797217815, "umulh": 8.402576790215667e-05, "strh": 0.0012697227149659229, "sdiv": 2.3340491083932407e-05, "msub": 0.00029875828587433477, "movi": 0.00014004294650359444, "ldrsh": 3.2676687517505367e-05, "sxtb": 4.668098216786481e-05, "ubfiz": 9.80300625525161e-05, "umull": 0.0001447110447203809, "csinv": 0.00013070675007002147, "ldurh": 3.7344785734291846e-05, "sbfiz": 0.00011670245541966203, "sturh": 5.134908038465129e-05, "smulh": 3.2676687517505367e-05, "smaddl": 0.00015871533937074036, "brk": 4.668098216786481e-06, "bfi": 0.001251050322098777, "ldrsb": 2.3340491083932407e-05, "ror": 1.8672392867145923e-05, "b.mi": 3.7344785734291846e-05, "smull": 2.3340491083932407e-05, "rev": 1.8672392867145923e-05, "ldursw": 7.002147325179722e-05, "bfxil": 0.0005414993931472319, "cinv": 4.668098216786481e-06, "orn": 2.8008589300718887e-05, "fcvt": 9.336196433572962e-06, "fmov": 3.2676687517505367e-05, "sxth": 5.134908038465129e-05, "sbfx": 1.8672392867145923e-05, "rorv": 1.4004294650359443e-05, "csneg": 1.4004294650359443e-05, "rbit": 9.336196433572962e-06, "clz": 1.4004294650359443e-05, "ldursh": 9.336196433572962e-06, "b.pl": 9.336196433572962e-06, "cnt": 4.668098216786481e-06, "uaddlv": 4.668098216786481e-06, "ucvtf": 1.8672392867145923e-05, "fadd": 9.336196433572962e-06, "fneg": 9.336196433572962e-06, "fcsel": 4.668098216786481e-06, "fcmp": 1.8672392867145923e-05, "b.vs": 4.668098216786481e-06, "fcvtzu": 4.668098216786481e-06, "fmul": 4.668098216786481e-06, "fsub": 4.668098216786481e-06, "fdiv": 4.668098216786481e-06}