{"mov": 0.1404486286565157, "ldr": 0.15645430723004095, "add": 0.0977792721392318, "bl": 0.045748808513590686, "adrp": 0.02546285177535478, "sturb": 0.00020280619733043, "cbz": 0.04034242225317685, "b": 0.035603161641876276, "ret": 0.010561933276761078, "ldxrb": 1.0674010385812105e-05, "ldaxrb": 1.0674010385812105e-05, "tbnz": 0.006767322584604875, "sub": 0.02197245037919422, "cmp": 0.06035619172657455, "b.ls": 0.0022789012173708846, "br": 0.0012968922618761707, "nop": 2.6685025964530262e-05, "asr": 0.0007258327062352231, "str": 0.06235756867391432, "ldrb": 0.02023792369149975, "cbnz": 0.016694152243410133, "strb": 0.010706032416969541, "ldp": 0.03004200223086817, "stp": 0.0253080786247605, "blr": 0.009836100570525854, "orr": 0.03652112653505612, "b.hi": 0.0046485315230211715, "ldrsw": 0.0009233018983727471, "csel": 0.00570525855121657, "b.lt": 0.0026204695497168717, "ldur": 0.006100196935491619, "stur": 0.0034904013961605585, "b.ne": 0.021097181527557626, "tbz": 0.0051181879799969045, "b.le": 0.0008432468204791564, "subs": 0.0019106478590603668, "b.eq": 0.014714123316841988, "lsl": 0.007610569405084031, "and": 0.011325125019346644, "eor": 0.0013395883034194192, "b.cs": 0.003239562152093974, "b.cc": 0.005176895037118871, "movk": 0.004915381782666475, "mvn": 0.000704484685463599, "sxtw": 0.004253593138746124, "smaddl": 8.00550778935908e-05, "adds": 0.00040561239466086, "b.mi": 0.00011741411424393316, "mul": 0.0007631917425855655, "madd": 0.0027859167106969594, "neg": 0.0003949383842750479, "cmn": 0.0021721611135127636, "smull": 0.0003202203115743632, "lsr": 0.0035010754065463705, "tst": 0.0035757934792470555, "sbfiz": 0.00011741411424393316, "b.gt": 0.0023909783264219114, "cset": 0.0029300158509054227, "ubfiz": 4.269604154324842e-05, "bics": 8.539208308649684e-05, "ubfx": 0.0017665487188519035, "bfi": 0.0011581301268606134, "strh": 0.0023749673108431936, "cinc": 0.0008966168724082169, "ldurb": 0.0005603855452551356, "csinc": 0.0004269604154324842, "cneg": 0.00017612117136589975, "b.ge": 0.002198846139477294, "udiv": 0.00060841859199129, "msub": 0.00036291635311761156, "ands": 0.0002668502596453026, "sxth": 5.3370051929060524e-05, "rev": 1.0674010385812105e-05, "sxtb": 3.7359036350342366e-05, "ccmp": 0.000304209295995645, "movi": 0.00019746919213752394, "bic": 0.0002668502596453026, "csinv": 0.00020814320252333606, "dup": 9.606609347230895e-05, "sturh": 0.00013876213501555737, "fmov": 0.00022949122329496026, "ins": 0.00011207710905102711, "sdiv": 1.601101557871816e-05, "ldrh": 0.0025510884822090934, "umaddl": 0.000304209295995645, "csetm": 4.8033046736154476e-05, "bfxil": 0.000507015493326075, "umull": 0.000101403098665215, "ldursw": 6.938106750777868e-05, "umulh": 9.606609347230895e-05, "csneg": 1.601101557871816e-05, "ldurh": 2.6685025964530262e-05, "ror": 5.337005192906053e-06, "ldrsh": 1.0674010385812105e-05, "ldursh": 1.0674010385812105e-05, "rbit": 4.269604154324842e-05, "clz": 4.8033046736154476e-05, "addp": 1.601101557871816e-05, "cmeq": 1.0674010385812105e-05, "xtn": 3.202203115743632e-05, "umov": 7.471807270068473e-05, "ldrsb": 7.471807270068473e-05, "ldursb": 5.337005192906053e-06, "smulh": 5.3370051929060524e-05, "sbfx": 1.0674010385812105e-05, "cnt": 1.601101557871816e-05, "uaddlv": 1.601101557871816e-05, "orn": 2.6685025964530262e-05, "rorv": 5.337005192906053e-06, "b.pl": 5.337005192906053e-06, "tbl": 4.269604154324842e-05, "ushll2": 2.134802077162421e-05, "ushll": 2.134802077162421e-05, "umax": 4.269604154324842e-05, "xtn2": 2.134802077162421e-05, "umsubl": 1.0674010385812105e-05, "ucvtf": 1.0674010385812105e-05, "fdiv": 5.337005192906053e-06}