{"mov": 0.1715756638878154, "ldr": 0.15281841771103627, "add": 0.09030806602992326, "bl": 0.06021227847402418, "ldrsw": 0.0008971456964611053, "adr": 6.9011207420085025e-06, "adrp": 0.030792800750841936, "cbz": 0.04381521559101198, "b": 0.03560288190802186, "ret": 0.016017501242201734, "sub": 0.01695605366311489, "cmp": 0.050750841936730524, "b.ls": 0.002008226135924474, "br": 0.001663170098824049, "nop": 3.450560371004251e-05, "asr": 0.0004002650030364931, "str": 0.04792138243250704, "ldrb": 0.020799977916413626, "cbnz": 0.016693811074918567, "strb": 0.0044581239993374926, "ldp": 0.038860210898249876, "stp": 0.03416054767294208, "blr": 0.007211671175398885, "stur": 0.0035540771821343784, "movk": 0.0035471760613923703, "strh": 0.001594158891403964, "b.hi": 0.004044056754816982, "lsr": 0.0032366256280019876, "ubfx": 0.0015182465632418705, "lsl": 0.0051344338320543255, "csel": 0.005306961850604538, "madd": 0.0013112129409816155, "and": 0.01115221111908574, "b.eq": 0.014112791917407387, "sxtw": 0.0011800916468834538, "tbnz": 0.006666482636780213, "cmn": 0.002415392259702976, "b.ne": 0.018260365483354496, "ldrsb": 6.211008667807651e-05, "b.le": 0.0005037818141666206, "orr": 0.029067520565339813, "neg": 0.0004347706067465356, "ldrsh": 6.901120742008502e-05, "tbz": 0.0052379506431844535, "ldur": 0.006549163584166068, "cset": 0.003174515541323911, "ldrh": 0.0024084911389609673, "b.lt": 0.0018149947551482362, "b.cc": 0.004589245293435654, "movi": 0.00017252801855021255, "b.cs": 0.002788052779771435, "sxth": 7.591232816209353e-05, "subs": 0.0013526196654336665, "cinc": 0.0008005300060729862, "b.gt": 0.0005520896593606802, "b.ge": 0.00040716612377850165, "ldurb": 0.0004899795726826037, "csinc": 0.0004968806934246121, "sbfiz": 0.00013802241484017004, "mvn": 0.0006141997460387567, "bfi": 0.0012560039750455475, "ccmp": 0.0003588582785844421, "mul": 0.0006901120742008502, "sturb": 0.00019323138077623805, "smaddl": 0.00012422017335615303, "adds": 0.00024153922597029757, "b.mi": 4.140672445205101e-05, "smull": 2.760448296803401e-05, "tst": 0.003215922265775962, "csetm": 5.520896593606802e-05, "ands": 0.0002553414674543146, "sturh": 5.520896593606802e-05, "umull": 9.661569038811902e-05, "umaddl": 0.00017942913929222106, "ubfiz": 6.901120742008502e-05, "bics": 0.00011731905261414453, "cneg": 0.00014492353558217855, "udiv": 0.0007522221608789267, "msub": 0.0003105504333903826, "eor": 0.0013526196654336665, "rev": 1.3802241484017005e-05, "sxtb": 4.830784519405951e-05, "bic": 0.0003795616408104676, "csinv": 0.00014492353558217855, "sdiv": 2.0703362226025506e-05, "bfxil": 0.0006141997460387567, "ldursw": 8.971456964611053e-05, "umulh": 0.00011041793187213604, "csneg": 2.0703362226025506e-05, "ror": 6.9011207420085025e-06, "rbit": 1.3802241484017005e-05, "clz": 2.0703362226025506e-05, "ldurh": 2.760448296803401e-05, "ldursh": 1.3802241484017005e-05, "smulh": 2.0703362226025506e-05, "sbfx": 1.3802241484017005e-05, "orn": 3.450560371004251e-05, "rorv": 6.9011207420085025e-06, "b.pl": 6.9011207420085025e-06, "fmov": 2.0703362226025506e-05, "cnt": 6.9011207420085025e-06, "uaddlv": 6.9011207420085025e-06, "ucvtf": 1.3802241484017005e-05, "fdiv": 6.9011207420085025e-06}