{"mov": 0.15981929563140093, "ldr": 0.07198609238629107, "add": 0.16117930887674733, "bl": 0.06822536010785496, "adr": 1.1826202133446865e-05, "adrp": 0.11078786158613023, "cbz": 0.023072920362354834, "b": 0.06130703185978855, "ret": 0.015527803401215734, "sub": 0.019785236169256606, "cmp": 0.0571560349109487, "b.ls": 0.004363868587241893, "br": 0.002034106766952861, "nop": 5.913101066723432e-05, "asr": 0.00023652404266893729, "str": 0.02651434518318787, "ldrb": 0.010726365335036306, "cbnz": 0.008609475153149318, "strb": 0.0038080370869698903, "ldp": 0.021003334989001633, "stp": 0.011081151399039712, "blr": 0.0061023203008585825, "orr": 0.03139856666430143, "madd": 0.00139549185174673, "b.eq": 0.010016793207029494, "b.cc": 0.010442536483833581, "umaddl": 0.00022469784053549043, "b.cs": 0.009626528536625748, "mul": 0.0007332245322737057, "ldrsw": 0.0023179356181555854, "and": 0.010690886728635966, "b.hi": 0.0074978121526053125, "udiv": 0.00036661226613685284, "stur": 0.0036897750656354217, "tbnz": 0.005712055630454836, "csel": 0.00399725632110504, "b.ne": 0.01082097495210388, "bfi": 0.0010407057877433242, "ldur": 0.005097093119515598, "b.lt": 0.0008160079472078336, "b.ge": 0.0003429598618699591, "movk": 0.0047068284491118524, "cset": 0.001052531989876771, "cmn": 0.000875138957875068, "movi": 0.00013008822346791552, "ldrh": 0.0018212351285508172, "lsr": 0.003311336597365122, "adds": 0.0002956550533361716, "b.le": 0.0004612218832044277, "b.gt": 0.0013718394474798363, "lsl": 0.006055015492324795, "tst": 0.0011234892026774522, "tbz": 0.006953806854466757, "umulh": 0.00026017644693583105, "sturb": 0.00024835024480238414, "ubfx": 0.0010288795856098773, "subs": 0.001572884883748433, "strh": 0.0018921923413514983, "ldurb": 0.0010052271813429834, "eor": 0.001501927670947752, "neg": 0.00042574327680408716, "smulh": 3.5478606400340594e-05, "cneg": 2.365240426689373e-05, "ldurh": 0.00010643581920102179, "cinc": 0.00017739303200170296, "sxtb": 0.00011826202133446864, "ucvtf": 0.00011826202133446864, "fmul": 7.095721280068119e-05, "fdiv": 7.095721280068119e-05, "ccmp": 0.00023652404266893729, "bic": 0.00014191442560136238, "ands": 0.00018921923413514985, "sbfx": 2.365240426689373e-05, "sbfiz": 0.0004848742874713215, "csinc": 0.00015374062773480923, "bfxil": 5.913101066723432e-05, "ubfiz": 0.00013008822346791552, "csetm": 1.1826202133446865e-05, "ldrsb": 0.0005085266917382152, "mvn": 0.0005440052981385558, "msub": 0.0002956550533361716, "umull": 0.00013008822346791552, "ror": 1.1826202133446865e-05, "csinv": 0.00015374062773480923, "sturh": 2.365240426689373e-05, "sxtw": 5.913101066723432e-05, "sdiv": 1.1826202133446865e-05, "ldursw": 1.1826202133446865e-05, "dup": 3.5478606400340594e-05, "st2": 2.365240426689373e-05, "cmeq": 2.365240426689373e-05, "ushll": 2.365240426689373e-05, "addp": 1.1826202133446865e-05, "fmov": 2.365240426689373e-05, "ldursb": 1.1826202133446865e-05, "ldrsh": 2.365240426689373e-05, "rev": 1.1826202133446865e-05, "ins": 1.1826202133446865e-05, "b.mi": 0.00017739303200170296}