{"mov": 0.1714668500258735, "ldr": 0.1532207186452212, "add": 0.09066356657286047, "bl": 0.058984482990834405, "adrp": 0.028673504830900753, "prfm": 7.088629130012547e-06, "cbz": 0.0437864621360875, "b": 0.035414791133542685, "ret": 0.01599903594643832, "sub": 0.017097773461590263, "cmp": 0.05144927022563107, "b.ls": 0.0020344365603136008, "br": 0.0016445619581629109, "nop": 3.5443145650062736e-05, "asr": 0.00038987460215069006, "str": 0.04777736033628457, "ldrb": 0.021187912469607502, "cbnz": 0.016651189826399473, "strb": 0.004494190868427955, "ldp": 0.0386472060168284, "stp": 0.03403959708232025, "blr": 0.0073296425204329736, "orr": 0.029297304194341855, "b.hi": 0.004061784491497189, "b.eq": 0.014425360279575533, "b.le": 0.00047493815171084067, "lsl": 0.005224319668819247, "tst": 0.0033245670619758846, "b.ne": 0.01856511969150286, "b.ge": 0.0004111404895407277, "cset": 0.0032182376250256962, "b.lt": 0.0018005117990231869, "sxtw": 0.0011058261442819573, "ldrsw": 0.0008577241247315182, "cmn": 0.0024739315663743788, "and": 0.011405604270190188, "ldrh": 0.002388868016814228, "tbnz": 0.006741286302641932, "tbz": 0.005359003622289486, "b.gt": 0.0005529130721409787, "b.cc": 0.004685583854938294, "bics": 0.00012759532434022583, "bfi": 0.0012972191307922961, "rev": 2.126588739003764e-05, "lsr": 0.003267858028935784, "bfxil": 0.0006450652508311418, "movk": 0.003579757710656336, "stur": 0.0035726690815263236, "csel": 0.005344826364029461, "mvn": 0.0006167107343110916, "ccmp": 0.00036860871476065244, "mul": 0.0007088629130012547, "b.cs": 0.0028567175393950563, "madd": 0.0013397509055723714, "sturb": 0.0001984816156403513, "smaddl": 0.00012759532434022583, "adds": 0.00024810201955043917, "b.mi": 4.253177478007528e-05, "smull": 2.8354516520050188e-05, "subs": 0.0013539281638323966, "neg": 0.00043240637693076533, "sbfiz": 0.0001346839534702384, "cinc": 0.0008151923499514429, "ldur": 0.0066420454948217566, "ubfiz": 7.088629130012547e-05, "ubfx": 0.0015524097794727477, "strh": 0.0016232960707728732, "ldurb": 0.0004962040391008783, "csinc": 0.0004962040391008783, "cneg": 0.00014886121173026347, "udiv": 0.0007726605751713676, "msub": 0.0003189883108505646, "ands": 0.0002622792778104642, "eor": 0.0013893713094824591, "sxth": 7.088629130012547e-05, "sxtb": 4.9620403910087826e-05, "bic": 0.00038987460215069006, "movi": 0.0001701270991203011, "csinv": 0.00014886121173026347, "sdiv": 2.126588739003764e-05, "sturh": 5.6709033040100375e-05, "csetm": 5.6709033040100375e-05, "umaddl": 0.00018430435738032622, "umull": 9.924080782017565e-05, "ldursw": 9.215217869016311e-05, "umulh": 0.00011341806608020075, "csneg": 2.126588739003764e-05, "ror": 7.088629130012547e-06, "ldrsh": 1.4177258260025094e-05, "rbit": 1.4177258260025094e-05, "clz": 2.126588739003764e-05, "ldurh": 2.8354516520050188e-05, "ldursh": 1.4177258260025094e-05, "ldrsb": 1.4177258260025094e-05, "smulh": 2.126588739003764e-05, "sbfx": 1.4177258260025094e-05, "orn": 3.5443145650062736e-05, "rorv": 7.088629130012547e-06, "b.pl": 7.088629130012547e-06, "fmov": 2.126588739003764e-05, "cnt": 7.088629130012547e-06, "uaddlv": 7.088629130012547e-06, "ucvtf": 1.4177258260025094e-05, "fdiv": 7.088629130012547e-06}