{"mov": 0.1771530227466245, "ldr": 0.0739569395450675, "add": 0.14326116044276851, "bl": 0.0827910229899039, "sturb": 0.00028889429509791994, "adr": 1.5204962899890524e-05, "stxr": 1.5204962899890524e-05, "adrp": 0.10693650407493006, "cbz": 0.02288346916433524, "b": 0.0500547378664396, "ret": 0.031459068239873496, "sub": 0.01823075051696874, "cmp": 0.05280683615131979, "b.ls": 0.004743948424765844, "br": 0.0024023841381827027, "nop": 7.602481449945263e-05, "asr": 0.0001824595547986863, "str": 0.02607651137331225, "ldrb": 0.011038803065320521, "cbnz": 0.009092567814134533, "strb": 0.00377083079917285, "ldp": 0.022168835908040384, "stp": 0.019538377326359324, "blr": 0.0069182581194501885, "orr": 0.02607651137331225, "madd": 0.0016725459189879577, "b.eq": 0.010187325142926652, "b.cc": 0.006492519158253254, "umaddl": 0.0002584843692981389, "b.cs": 0.007708916190244496, "mul": 0.0009427076997932125, "b.hi": 0.006492519158253254, "udiv": 0.0005017637756963873, "stur": 0.0033450918379759153, "tbnz": 0.005777885901958399, "ldur": 0.004713538498966063, "csel": 0.004166159834570003, "b.ne": 0.011449337063617565, "bfi": 0.0010947573287921177, "and": 0.0062492397518550055, "b.ge": 0.0002736893321980294, "csinc": 0.00022807444349835787, "b.lt": 0.0010187325142926652, "cset": 0.0015965211044885051, "movk": 0.005336941977861574, "ldrsw": 0.0002432794063982484, "cmn": 0.0009275027368933219, "movi": 0.00015204962899890526, "ldrh": 0.0020374650285853303, "lsr": 0.003421116652475368, "adds": 0.00033450918379759155, "tbz": 0.003938085391071646, "umulh": 0.0002432794063982484, "lsl": 0.0039684953168714265, "b.le": 0.0004865588127964968, "b.gt": 0.0016877508818878481, "subs": 0.0014596764383894903, "tst": 0.0013532416980902566, "strh": 0.0017029558447877388, "ldurb": 0.00047135384989660626, "ccmp": 0.00015204962899890526, "bic": 0.0002432794063982484, "cinc": 0.0001824595547986863, "eor": 0.0016117260673883956, "ldpsw": 1.5204962899890524e-05, "neg": 0.0005017637756963873, "ucvtf": 0.00015204962899890526, "fmul": 9.122977739934314e-05, "fdiv": 9.122977739934314e-05, "ldurh": 6.08198515995621e-05, "ands": 0.0001976645176985768, "ubfx": 0.0010339374771925556, "sbfx": 3.040992579978105e-05, "cneg": 1.5204962899890524e-05, "sxtw": 0.0001368446660990147, "smulh": 1.5204962899890524e-05, "csetm": 1.5204962899890524e-05, "bfxil": 9.122977739934314e-05, "mvn": 0.0005169687385962778, "ubfiz": 9.122977739934314e-05, "ldrsb": 6.08198515995621e-05, "msub": 0.00034971414669748206, "umull": 0.0001216397031991242, "sbfiz": 4.561488869967157e-05, "csinv": 9.122977739934314e-05, "ror": 1.5204962899890524e-05, "sturh": 1.5204962899890524e-05, "sxtb": 7.602481449945263e-05, "sdiv": 1.5204962899890524e-05, "ldrsh": 4.561488869967157e-05, "bics": 1.5204962899890524e-05, "rev": 1.5204962899890524e-05, "b.mi": 1.5204962899890524e-05}