{"mov": 0.14023915846913002, "ldr": 0.1564335120271984, "add": 0.09799742084003879, "bl": 0.04587067964062284, "adrp": 0.025658378539683894, "cbz": 0.04028072344371143, "b": 0.03553272442421852, "ret": 0.01057775314668173, "ldxrb": 1.0657685790107536e-05, "ldaxrb": 1.0657685790107536e-05, "cbnz": 0.01667394941862324, "sub": 0.021938846198936362, "cmp": 0.060455722644385, "b.ls": 0.0022807447590830125, "br": 0.0012949088234980655, "nop": 2.664421447526884e-05, "asr": 0.0007247226337273124, "str": 0.06231015997186371, "ldrb": 0.02013769730040819, "strb": 0.01067900116168775, "ldp": 0.030060002770998306, "stp": 0.02531733259440045, "blr": 0.009783755555318718, "orr": 0.03650257383111831, "b.hi": 0.004641422161591832, "cmn": 0.0021741679011819375, "b.ne": 0.021048929435462382, "b.gt": 0.0024033081456692495, "b.eq": 0.01475023713350883, "b.ge": 0.00220614095855226, "b.lt": 0.0026111330185763465, "ldur": 0.006149484700892049, "csel": 0.005851069498769037, "and": 0.011307804623304095, "tbnz": 0.006740986262243016, "tbz": 0.005089044964776348, "stur": 0.0035010497820503255, "tst": 0.003580982425476132, "movk": 0.0049078643063445206, "mvn": 0.0007034072621470974, "sxtw": 0.0042470877873578535, "smaddl": 7.993264342580652e-05, "adds": 0.00040499206002408636, "b.mi": 0.00011723454369118289, "mul": 0.0007620245339926889, "madd": 0.002781655991218067, "neg": 0.00039433437423397886, "ldrsw": 0.0009165609779492481, "b.cs": 0.0032239499515075297, "smull": 0.0003197305737032261, "sturb": 0.00019716718711698943, "lsr": 0.0034957209391552717, "cset": 0.0029255347493845184, "bfi": 0.0011563589082266676, "lsl": 0.007588272282556566, "subs": 0.0018970680706391415, "b.cc": 0.005163648765307101, "cinc": 0.000895245606369033, "ldurb": 0.0005595285039806456, "ccmp": 0.0003037440450180648, "csetm": 4.795958605548391e-05, "ldrh": 0.002547186903835701, "strh": 0.002371335088298927, "ands": 0.0002664421447526884, "sturh": 0.00013854991527139797, "b.le": 0.0008366283345234416, "umull": 0.00010124801500602159, "umaddl": 0.0003037440450180648, "sbfiz": 0.00011723454369118289, "ubfiz": 4.2630743160430143e-05, "bics": 8.526148632086029e-05, "ubfx": 0.0017638469982627972, "csinc": 0.00042630743160430146, "cneg": 0.00017585181553677435, "movi": 0.00019716718711698943, "eor": 0.001332210723763442, "udiv": 0.0006074880900361296, "msub": 0.0003623613168636562, "sxth": 5.328842895053768e-05, "rev": 1.0657685790107536e-05, "sxtb": 3.7301900265376374e-05, "bic": 0.0002664421447526884, "csinv": 0.00020782487290709695, "dup": 9.591917211096783e-05, "fmov": 0.00022914024448731203, "ins": 0.00011190570079612913, "sdiv": 1.5986528685161305e-05, "bfxil": 0.0005062400750301079, "ldursw": 6.927495763569898e-05, "umulh": 9.591917211096783e-05, "csneg": 1.5986528685161305e-05, "ldurh": 2.664421447526884e-05, "ror": 5.328842895053768e-06, "ldrsh": 1.0657685790107536e-05, "ldursh": 1.0657685790107536e-05, "rbit": 4.2630743160430143e-05, "clz": 4.795958605548391e-05, "addp": 1.5986528685161305e-05, "cmeq": 1.0657685790107536e-05, "xtn": 3.197305737032261e-05, "umov": 7.460380053075275e-05, "ldrsb": 7.460380053075275e-05, "ldursb": 5.328842895053768e-06, "smulh": 5.328842895053768e-05, "sbfx": 1.0657685790107536e-05, "cnt": 1.5986528685161305e-05, "uaddlv": 1.5986528685161305e-05, "orn": 2.664421447526884e-05, "rorv": 5.328842895053768e-06, "b.pl": 5.328842895053768e-06, "tbl": 4.2630743160430143e-05, "ushll2": 2.1315371580215072e-05, "ushll": 2.1315371580215072e-05, "umax": 4.2630743160430143e-05, "xtn2": 2.1315371580215072e-05, "umsubl": 1.0657685790107536e-05, "ucvtf": 1.0657685790107536e-05, "fdiv": 5.328842895053768e-06}