{"mov": 0.14283701215250377, "ldr": 0.1566635853268099, "add": 0.09762586521768539, "bl": 0.04760106418957004, "adrp": 0.027027484048429643, "cbz": 0.04141771695263004, "b": 0.03831758843821162, "ret": 0.0091087412350912, "stxrb": 1.1273194597885149e-05, "stlxrb": 1.1273194597885149e-05, "sub": 0.022258922733524224, "cmp": 0.05824859648727256, "b.ls": 0.001893896692444705, "br": 0.00131332717065362, "nop": 2.8182986494712872e-05, "asr": 0.0007383942461614772, "str": 0.06072306270150835, "ldrb": 0.020314296665389038, "cbnz": 0.015692286880256128, "strb": 0.009187653597276395, "ldp": 0.02677383716997723, "stp": 0.02655964647261741, "blr": 0.009644217978490745, "orr": 0.035521836177936104, "b.hi": 0.004548734020246657, "lsl": 0.007789777467138638, "tst": 0.0037088810227042138, "b.ne": 0.020331206457285866, "b.eq": 0.014350776723107795, "madd": 0.002621017744008297, "subs": 0.0019051698870425902, "cset": 0.0030944919171194732, "b.lt": 0.0027224764953892636, "b.le": 0.0008623993867382138, "cinc": 0.000913128762428697, "csel": 0.005862061190900277, "ldur": 0.007727774896850269, "stur": 0.0040583500552386536, "cmn": 0.0021644533627939487, "tbnz": 0.006701914188442721, "tbz": 0.00525330868261448, "ldrsh": 2.2546389195770298e-05, "and": 0.011453565711451312, "b.cs": 0.00304376254142899, "sbfx": 1.6909791896827725e-05, "ldrh": 0.00247446621423579, "ubfx": 0.0017924379410637387, "dup": 0.00011836854327779406, "fmov": 0.00019164430816404754, "ins": 0.00010709534867990891, "mul": 0.0007722138299551327, "movk": 0.005089847360945144, "b.cc": 0.00457691700674137, "sdiv": 2.2546389195770298e-05, "ldrsw": 0.0008849457759339842, "neg": 0.0003945618109259802, "cneg": 0.0001747345162672198, "ldurb": 0.0005749329244921426, "mvn": 0.0007102112596667644, "sxtw": 0.004306360336392127, "smaddl": 8.454895948413862e-05, "adds": 0.00032692264333866934, "b.mi": 0.00012400514057673664, "smull": 0.00032692264333866934, "sturb": 0.00020855410006087526, "lsr": 0.0036243320632200755, "bfi": 0.0011949586273758259, "ccmp": 0.0003100128514418416, "csetm": 5.072937569048317e-05, "strh": 0.002373007462854824, "ands": 0.00025364687845241585, "sturh": 0.00014655152977250692, "umull": 0.00010709534867990891, "umaddl": 0.0002705566703492436, "b.ge": 0.002051721416815097, "sbfiz": 0.00011836854327779406, "b.gt": 0.002412463643947422, "ubfiz": 4.5092778391540596e-05, "bics": 9.018555678308119e-05, "csinc": 0.00042838139471963564, "movi": 0.00018600771086510495, "eor": 0.0013809663382409307, "udiv": 0.0006256623001826257, "msub": 0.00037765201902915246, "sxth": 5.6365972989425744e-05, "rev": 1.1273194597885149e-05, "sxtb": 3.945618109259802e-05, "bic": 0.00027619326764818616, "csinv": 0.0002198272946587604, "umulh": 0.00010145875138096633, "bfxil": 0.0005467499379974297, "ldursw": 7.327576488625346e-05, "csneg": 1.6909791896827725e-05, "ldurh": 2.8182986494712872e-05, "ror": 5.6365972989425746e-06, "ldursh": 1.1273194597885149e-05, "rbit": 4.5092778391540596e-05, "clz": 5.072937569048317e-05, "addp": 1.1273194597885149e-05, "umov": 7.891236218519604e-05, "cmeq": 1.1273194597885149e-05, "xtn": 3.381958379365545e-05, "ldrsb": 7.891236218519604e-05, "ldursb": 5.6365972989425746e-06, "smulh": 5.6365972989425744e-05, "cnt": 1.6909791896827725e-05, "uaddlv": 1.6909791896827725e-05, "orn": 2.8182986494712872e-05, "rorv": 5.6365972989425746e-06, "b.pl": 5.6365972989425746e-06, "tbl": 4.5092778391540596e-05, "ushll2": 2.2546389195770298e-05, "ushll": 2.2546389195770298e-05, "umax": 4.5092778391540596e-05, "xtn2": 2.2546389195770298e-05, "umsubl": 1.1273194597885149e-05, "ucvtf": 1.1273194597885149e-05, "fdiv": 5.6365972989425746e-06}