{"mov": 0.18298471040848138, "ldr": 0.14558680156223547, "add": 0.08905792997962556, "bl": 0.06605640627462885, "adr": 1.1675900357866346e-05, "stur": 0.0031875207976975123, "adrp": 0.030783511293514622, "cbz": 0.045746177602120346, "b": 0.03670319277495286, "ret": 0.015365484870952111, "stxrb": 1.1675900357866346e-05, "stlxrb": 1.1675900357866346e-05, "cbnz": 0.01681913446550647, "sub": 0.015978469639740093, "cmp": 0.04927229951019598, "b.ls": 0.0018681440572586154, "br": 0.0016696537511748874, "nop": 2.9189750894665865e-05, "asr": 0.0004086565125253221, "str": 0.0473049102998955, "ldrb": 0.019913248060341053, "strb": 0.004553601139567875, "ldp": 0.0388223686899056, "stp": 0.03482337281733638, "blr": 0.006375041595395025, "tbz": 0.00471122579439907, "b.lt": 0.0016638158009959544, "cset": 0.0033801731536023073, "orr": 0.030310637329021034, "b.hi": 0.0043609487836630805, "ldrsw": 0.0008231509752295774, "csel": 0.005008961253524662, "b.eq": 0.013152901753136438, "b.ge": 0.00039114266198852257, "b.le": 0.00043784626341998795, "b.ne": 0.017875803447893374, "subs": 0.0012084556870391669, "sxtw": 0.0010216412813133053, "b.gt": 0.0005370914164618519, "b.cc": 0.0042325138797265505, "and": 0.009871973752575995, "tbnz": 0.0062699584921742275, "cneg": 0.00012843490393652982, "cmn": 0.0023818836730047344, "ldrsh": 4.086565125253221e-05, "strh": 0.0014653254949122264, "tst": 0.002936488940003386, "lsl": 0.0050031233033457296, "ldur": 0.005913843531259304, "ccmp": 0.0003444390605570572, "mvn": 0.0005546052669986514, "lsr": 0.0027847022353511236, "bfi": 0.0011208864343551692, "ubfx": 0.0013777562422282287, "bic": 0.000338601110378124, "ldrh": 0.002066634363342343, "bics": 0.00011675900357866346, "csinv": 0.00015762465483119568, "b.cs": 0.0026971329826671257, "movk": 0.0031349792460871138, "udiv": 0.0006713642705773149, "mul": 0.0006480124698615822, "umulh": 9.924515304186395e-05, "ror": 2.9189750894665865e-05, "ldurb": 0.0004553601139567875, "csinc": 0.00046119806413572067, "adds": 0.0002218421067994606, "csetm": 5.254155161039856e-05, "msub": 0.00027438365840985914, "cinc": 0.0007530955730823794, "eor": 0.0012318074877548995, "sturb": 0.0001751385053679952, "sturh": 5.837950178933173e-05, "smulh": 2.9189750894665865e-05, "madd": 0.0012668351888284986, "smaddl": 0.00011675900357866346, "brk": 5.837950178933173e-06, "movi": 0.00016346260501012884, "neg": 0.00037946676163065624, "ands": 0.00023935595733626009, "umull": 0.00011675900357866346, "ldrsb": 2.3351800715732692e-05, "ubfiz": 8.173130250506442e-05, "sbfiz": 0.00014594875447332932, "ldurh": 2.9189750894665865e-05, "umaddl": 0.00016346260501012884, "b.mi": 3.502770107359904e-05, "smull": 2.3351800715732692e-05, "sxth": 5.837950178933173e-05, "rev": 1.1675900357866346e-05, "sxtb": 4.086565125253221e-05, "sdiv": 1.751385053679952e-05, "bfxil": 0.0005195775659250524, "ldursw": 7.589335232613126e-05, "csneg": 1.751385053679952e-05, "rbit": 1.1675900357866346e-05, "clz": 1.751385053679952e-05, "ldursh": 1.1675900357866346e-05, "sbfx": 1.1675900357866346e-05, "orn": 2.9189750894665865e-05, "rorv": 5.837950178933173e-06, "b.pl": 5.837950178933173e-06, "fmov": 1.751385053679952e-05, "cnt": 5.837950178933173e-06, "uaddlv": 5.837950178933173e-06, "ucvtf": 1.1675900357866346e-05, "fdiv": 5.837950178933173e-06}