{"mov": 0.14272555664217973, "ldr": 0.15650230844458596, "add": 0.09797812094885032, "bl": 0.04755623280038209, "adrp": 0.026461825376970137, "stxrh": 5.685824103345539e-06, "cbz": 0.041233596397461846, "b": 0.038100707316518455, "ret": 0.009097318565352862, "sub": 0.022424890263594805, "cmp": 0.05831381200391185, "b.ls": 0.0019104368987241012, "br": 0.001319111191976165, "nop": 2.8429120516727696e-05, "asr": 0.0007391571334349201, "str": 0.06111123746275785, "ldrb": 0.020156246446359934, "cbnz": 0.015761104414473835, "strb": 0.009193977575109737, "ldp": 0.02675180240624076, "stp": 0.026609656803657122, "blr": 0.00954649866951716, "orr": 0.035616002183356456, "b.hi": 0.004582774227296504, "cmn": 0.0021662989833746505, "b.ne": 0.02022447633560008, "b.gt": 0.002450590188541927, "b.eq": 0.01435102003684414, "b.ge": 0.002081011621824467, "b.lt": 0.0026950806249857857, "csel": 0.006044031021856308, "ldur": 0.007795264845686734, "and": 0.011536537105688098, "tbnz": 0.00670358661784439, "tbz": 0.005259387295594623, "tst": 0.0037071573153812914, "movk": 0.00511155586890764, "stur": 0.0040881075303054425, "mvn": 0.0007164138370215379, "sxtw": 0.004343969614955992, "smaddl": 8.528736155018309e-05, "adds": 0.00032977779799404125, "b.mi": 0.00012508813027360186, "mul": 0.0007619004298483022, "subs": 0.0019047510746207556, "madd": 0.0026325365598489844, "neg": 0.00038663603902749666, "ldrsw": 0.0008813027360185585, "b.cs": 0.0030362300711865176, "smull": 0.00032977779799404125, "sturb": 0.00021037549182378494, "lsr": 0.0036559848984511817, "cset": 0.0030362300711865176, "bfi": 0.0012053947099092543, "lsl": 0.007795264845686734, "b.cc": 0.004571402579089813, "cinc": 0.0009097318565352863, "ldurb": 0.0005572107621278628, "ccmp": 0.0003127203256840046, "csetm": 5.117241693010985e-05, "ldrh": 0.0024847051331620003, "strh": 0.002393731947508472, "ands": 0.00025586208465054925, "sturh": 0.00014783142668698402, "b.le": 0.000864245263708522, "umull": 0.00010803065796356524, "umaddl": 0.0002729195569605859, "sbfiz": 0.00011940230617025632, "ubfiz": 4.5486592826764313e-05, "bics": 9.097318565352863e-05, "ubfx": 0.0017967204166571902, "csinc": 0.000432122631854261, "cneg": 0.00015351725079032954, "movi": 0.00018763219541040278, "eor": 0.001393026905319657, "udiv": 0.0006311264754713549, "msub": 0.0003809502149241511, "sxth": 5.685824103345539e-05, "rev": 1.1371648206691078e-05, "sxtb": 3.9800768723418774e-05, "bic": 0.0002786053810639314, "csinv": 0.00022174714003047601, "dup": 0.0001023448338602197, "fmov": 0.00018194637130705725, "ins": 0.0001023448338602197, "sdiv": 1.7057472310036618e-05, "bfxil": 0.0005515249380245173, "ldursw": 7.391571334349201e-05, "umulh": 0.0001023448338602197, "csneg": 1.7057472310036618e-05, "ldurh": 2.8429120516727696e-05, "ror": 5.685824103345539e-06, "ldrsh": 1.1371648206691078e-05, "ldursh": 1.1371648206691078e-05, "rbit": 4.5486592826764313e-05, "clz": 5.117241693010985e-05, "addp": 1.1371648206691078e-05, "umov": 7.960153744683755e-05, "cmeq": 1.1371648206691078e-05, "xtn": 3.4114944620073235e-05, "ldrsb": 7.960153744683755e-05, "ldursb": 5.685824103345539e-06, "smulh": 5.685824103345539e-05, "sbfx": 1.1371648206691078e-05, "cnt": 1.7057472310036618e-05, "uaddlv": 1.7057472310036618e-05, "orn": 2.8429120516727696e-05, "rorv": 5.685824103345539e-06, "b.pl": 5.685824103345539e-06, "tbl": 4.5486592826764313e-05, "ushll2": 2.2743296413382157e-05, "ushll": 2.2743296413382157e-05, "umax": 4.5486592826764313e-05, "xtn2": 2.2743296413382157e-05, "umsubl": 1.1371648206691078e-05, "ucvtf": 1.1371648206691078e-05, "fdiv": 5.685824103345539e-06}