{"mov": 0.14118554578575115, "ldr": 0.1557846566003513, "add": 0.09754457654239267, "bl": 0.04690374802591459, "adrp": 0.027196772663542878, "cbz": 0.040440735740979145, "b": 0.03570293076758695, "ret": 0.010575364456559697, "sub": 0.021755333288161743, "cmp": 0.05984540891582969, "b.ls": 0.0022881148331344047, "br": 0.0013134508837126877, "nop": 2.6060533406997775e-05, "asr": 0.0007557554688029355, "str": 0.06229509905608748, "ldrb": 0.020097883363476683, "cbnz": 0.016777771407425167, "strb": 0.010643121843417891, "ldp": 0.030042582911587033, "stp": 0.02542986849854843, "blr": 0.00960591261381938, "stur": 0.0035181720099446995, "movk": 0.0048420471070201865, "strh": 0.0023350237932670006, "b.hi": 0.004654411266489802, "lsr": 0.003486899369856302, "ubfx": 0.0017304194182246521, "lsl": 0.00748979730117116, "csel": 0.005649923642637117, "madd": 0.002725931794371967, "and": 0.011148696191513648, "b.eq": 0.014541777641104758, "sxtw": 0.004253079052022037, "tbnz": 0.006681920765554229, "cmn": 0.0021473879527366168, "b.ne": 0.02084321461891682, "ldrsb": 9.903002694659154e-05, "b.le": 0.0008495733890681275, "orr": 0.03617723247559431, "tbz": 0.005024470840869171, "ldrsh": 7.296949353959377e-05, "neg": 0.00039612010778636617, "ldur": 0.006009559003653687, "cset": 0.002903143421539552, "b.cc": 0.0051078645477715635, "movi": 0.00022412058730018086, "ldrsw": 0.0009329670959705203, "ldrh": 0.0026060533406997775, "b.lt": 0.0026685986208765723, "b.gt": 0.0023454480066297996, "subs": 0.0018815705119852393, "b.ge": 0.002173448486143614, "b.cs": 0.003174172968972329, "cinc": 0.0008808460291565248, "sxth": 5.73331734953951e-05, "brk": 5.212106681399555e-06, "ldurb": 0.0005524833082283528, "csinc": 0.0004273927478747635, "sbfiz": 0.00011987845367218976, "mvn": 0.0007036344019889399, "bfi": 0.001136239256545103, "smaddl": 7.818160022099333e-05, "adds": 0.00039612010778636617, "b.mi": 0.0001146663469907902, "mul": 0.0007453312554401364, "smull": 0.0003127264008839733, "sturb": 0.00019284794721178354, "tst": 0.0034921114765377017, "ccmp": 0.0002970900808397746, "csetm": 4.690896013259599e-05, "ands": 0.00026060533406997775, "sturh": 0.00013551477371638842, "umull": 9.903002694659154e-05, "umaddl": 0.0002970900808397746, "ubfiz": 4.169685345119644e-05, "bics": 8.339370690239288e-05, "cneg": 0.0001719995204861853, "eor": 0.0013030266703498888, "udiv": 0.0005941801616795492, "msub": 0.0003544232543351697, "rev": 1.042421336279911e-05, "sxtb": 3.6484746769796884e-05, "bic": 0.00026060533406997775, "csinv": 0.00020327216057458263, "dup": 9.381792026519199e-05, "fmov": 0.00022412058730018086, "ins": 0.00010945424030939066, "sdiv": 1.5636320044198663e-05, "bfxil": 0.0004951501347329577, "ldursw": 6.775738685819421e-05, "umulh": 9.381792026519199e-05, "csneg": 1.5636320044198663e-05, "ldurh": 2.6060533406997775e-05, "ror": 5.212106681399555e-06, "ldursh": 1.042421336279911e-05, "rbit": 4.169685345119644e-05, "clz": 4.690896013259599e-05, "addp": 1.5636320044198663e-05, "cmeq": 1.042421336279911e-05, "xtn": 3.1272640088397326e-05, "umov": 7.296949353959377e-05, "ldursb": 5.212106681399555e-06, "smulh": 5.212106681399555e-05, "sbfx": 1.042421336279911e-05, "cnt": 1.5636320044198663e-05, "uaddlv": 1.5636320044198663e-05, "orn": 2.6060533406997775e-05, "rorv": 5.212106681399555e-06, "b.pl": 5.212106681399555e-06, "tbl": 4.169685345119644e-05, "ushll2": 2.084842672559822e-05, "ushll": 2.084842672559822e-05, "umax": 4.169685345119644e-05, "xtn2": 2.084842672559822e-05, "umsubl": 1.042421336279911e-05, "ucvtf": 1.042421336279911e-05, "fdiv": 5.212106681399555e-06}