{"mov": 0.14440760978210168, "ldr": 0.14268757912973945, "add": 0.09977427200639702, "bl": 0.0551784167388552, "stur": 0.0034150729659492237, "adrp": 0.04208036249750117, "bic": 0.0007746385020323849, "cbz": 0.03764493236489638, "b": 0.038269640834277335, "ret": 0.00975378156860132, "sub": 0.020552908642633438, "cmp": 0.058685113613646964, "b.ls": 0.0016450656360365162, "br": 0.0013202172319584193, "nop": 2.0823615646031852e-05, "asr": 0.0007621443326447658, "str": 0.05747734390617712, "ldrb": 0.022885153594989004, "cbnz": 0.015138768574665156, "strb": 0.008999966682214967, "ldp": 0.0266084160724995, "stp": 0.026296061837809023, "blr": 0.0071883121210101954, "adds": 0.000337342573465716, "orr": 0.03604567868328114, "strh": 0.0025113280469114415, "and": 0.010495102285600053, "b.ne": 0.021190111281402014, "b.hi": 0.004864396614913041, "b.cs": 0.0032484840407809687, "b.eq": 0.014809755447457853, "b.cc": 0.004181382021723196, "csel": 0.004981008862530819, "b.lt": 0.0024321983074565203, "lsl": 0.008241987072699406, "tst": 0.0034817085360165255, "csinv": 0.00019990671020190577, "cmn": 0.0019074431931765175, "mvn": 0.0007413207169987339, "ldrsw": 0.0008704271340041314, "tbz": 0.005468281468647964, "ldur": 0.006130472446191777, "sbfiz": 9.995335510095288e-05, "sxtw": 0.003598320783634304, "tbnz": 0.006913440394482575, "ldurb": 0.0005788965149596854, "sturb": 0.00025821283401079496, "b.ge": 0.0020990204571200107, "movk": 0.00421053508362764, "smulh": 8.745918571333378e-05, "msub": 0.00038731925101619243, "ands": 0.00022905977210635036, "cset": 0.0029736123142533486, "csinc": 0.0003914839741453988, "cinc": 0.0008121210101952422, "madd": 0.003136036516292397, "cneg": 0.00012910641700539748, "lsr": 0.003315119610848271, "umull": 9.578863197174651e-05, "mul": 0.0007121676550942893, "ldrh": 0.0031610248550676353, "subs": 0.0016825481441993737, "udiv": 0.0005247551142800027, "b.gt": 0.002148997134670487, "eor": 0.0012952288931831811, "movi": 0.00027903644965682683, "ldursw": 5.830612380888919e-05, "bfxil": 0.0004622842673419071, "b.le": 0.0008620976877457187, "rbit": 4.5811954421270076e-05, "clz": 7.080029319650829e-05, "sdiv": 9.995335510095288e-05, "ext": 2.0823615646031852e-05, "neg": 0.0004206370360498434, "ubfiz": 8.745918571333378e-05, "csetm": 0.00012077697074698475, "orn": 3.748250816285733e-05, "sxtb": 4.997667755047644e-05, "ror": 1.249416938761911e-05, "csneg": 2.498833877523822e-05, "ldurh": 7.912973945492104e-05, "sturh": 0.00012910641700539748, "bfi": 0.0009828746584927034, "sbfx": 1.6658892516825483e-05, "ccmp": 0.00028736589591523955, "ldursh": 1.249416938761911e-05, "ubfx": 0.001665889251682548, "ldrsh": 2.0823615646031852e-05, "b.mi": 0.00010828280135936563, "cinv": 1.6658892516825483e-05, "ldrsb": 6.247084693809556e-05, "rev": 1.249416938761911e-05, "bics": 8.745918571333378e-05, "smaddl": 0.00010411807823015926, "umaddl": 0.000224895048977144, "dup": 8.745918571333378e-05, "ins": 7.912973945492104e-05, "mla": 4.164723129206371e-06, "ushl": 8.329446258412741e-06, "fmov": 0.00014576530952222297, "sxth": 6.247084693809556e-05, "umulh": 7.912973945492104e-05, "ldpsw": 4.164723129206371e-06, "fcvt": 8.329446258412741e-06, "smull": 0.0002373892183647631, "addp": 8.329446258412741e-06, "umov": 5.830612380888919e-05, "cmeq": 8.329446258412741e-06, "xtn": 2.498833877523822e-05, "ldursb": 4.164723129206371e-06, "cnt": 1.249416938761911e-05, "uaddlv": 1.249416938761911e-05, "rorv": 4.164723129206371e-06, "b.pl": 4.164723129206371e-06, "tbl": 3.3317785033650966e-05, "ushll2": 1.6658892516825483e-05, "ushll": 1.6658892516825483e-05, "umax": 3.3317785033650966e-05, "xtn2": 1.6658892516825483e-05, "umsubl": 8.329446258412741e-06, "ucvtf": 8.329446258412741e-06, "fdiv": 4.164723129206371e-06}