{"mov": 0.14033446818062778, "ldr": 0.1564913443397487, "add": 0.0977643330144359, "bl": 0.04560589621759138, "adr": 1.0689299476758791e-05, "stxr": 5.344649738379396e-06, "adrp": 0.02530691651122644, "cbz": 0.04032538227607254, "b": 0.03563277980577543, "ret": 0.010550338583560926, "ldxrb": 1.0689299476758791e-05, "ldaxrb": 1.0689299476758791e-05, "adds": 0.0004275719790703516, "sub": 0.021982544373954454, "cmp": 0.06050677968819313, "b.ls": 0.002282165438288002, "br": 0.0012987498864261932, "nop": 2.6723248691896976e-05, "asr": 0.0007268723644195977, "str": 0.062350683847934026, "ldrb": 0.02023484390950439, "cbnz": 0.016675307183743715, "strb": 0.010716022725450688, "ldp": 0.030026242230215442, "stp": 0.025301571861488056, "blr": 0.009802087620187812, "orr": 0.03656809350999182, "b.hi": 0.004665879221605212, "and": 0.011352036044317835, "cmn": 0.0021966510424739315, "b.ne": 0.02112205576607537, "b.ge": 0.0022126849916890698, "b.eq": 0.014831403024002822, "cinc": 0.0009085904555244972, "b.lt": 0.002613533722067524, "b.le": 0.0008497993084023239, "tbz": 0.0050934512006755635, "lsl": 0.007616125877190638, "tst": 0.0035862599744525742, "tbnz": 0.0067396033200964175, "movk": 0.004922422409047423, "stur": 0.003490056279161745, "csel": 0.005697396621112435, "mvn": 0.0007054937654660801, "sxtw": 0.004259685841488378, "smaddl": 8.016974607569093e-05, "b.mi": 0.0001175822942443467, "mul": 0.0007642849125882535, "madd": 0.0027899071634340444, "neg": 0.00039550408064007526, "ldrsw": 0.000919279755001256, "b.cs": 0.0032335130917195342, "ldur": 0.00609290070175251, "smull": 0.0003206789843027637, "sturb": 0.00019775204032003763, "lsr": 0.0035060902283768833, "sbfiz": 0.0001175822942443467, "b.gt": 0.002394403082793969, "cset": 0.002934212706370288, "ubfiz": 4.2757197907035165e-05, "bics": 8.551439581407033e-05, "ubfx": 0.00176907906340358, "bfi": 0.0011597889932283287, "strh": 0.002378369133578831, "b.cc": 0.005178965596489634, "ldurb": 0.0005611882225298365, "csinc": 0.0004275719790703516, "cneg": 0.00017637344136652003, "eor": 0.0013361624345948487, "udiv": 0.0006092900701752511, "msub": 0.00036343618220979887, "ands": 0.0002672324869189698, "subs": 0.0019026953068630647, "sxth": 5.344649738379395e-05, "rev": 1.0689299476758791e-05, "sxtb": 3.7412548168655765e-05, "ccmp": 0.00030464503508762555, "movi": 0.00019775204032003763, "bic": 0.0002672324869189698, "csinv": 0.0002084413397967964, "dup": 9.620369529082912e-05, "sturh": 0.0001389608931978643, "fmov": 0.000229819938750314, "ins": 0.0001122376445059673, "sdiv": 1.6033949215138186e-05, "ldrh": 0.002554742574945351, "umaddl": 0.00030464503508762555, "csetm": 4.810184764541456e-05, "bfxil": 0.0005077417251460425, "umull": 0.00010154834502920852, "ldursw": 6.948044659893214e-05, "umulh": 9.620369529082912e-05, "csneg": 1.6033949215138186e-05, "ldurh": 2.6723248691896976e-05, "ror": 5.344649738379396e-06, "ldrsh": 1.0689299476758791e-05, "ldursh": 1.0689299476758791e-05, "rbit": 4.2757197907035165e-05, "clz": 4.810184764541456e-05, "addp": 1.6033949215138186e-05, "cmeq": 1.0689299476758791e-05, "xtn": 3.206789843027637e-05, "umov": 7.482509633731153e-05, "ldrsb": 7.482509633731153e-05, "ldursb": 5.344649738379396e-06, "smulh": 5.344649738379395e-05, "sbfx": 1.0689299476758791e-05, "cnt": 1.6033949215138186e-05, "uaddlv": 1.6033949215138186e-05, "orn": 2.6723248691896976e-05, "rorv": 5.344649738379396e-06, "b.pl": 5.344649738379396e-06, "tbl": 4.2757197907035165e-05, "ushll2": 2.1378598953517583e-05, "ushll": 2.1378598953517583e-05, "umax": 4.2757197907035165e-05, "xtn2": 2.1378598953517583e-05, "umsubl": 1.0689299476758791e-05, "ucvtf": 1.0689299476758791e-05, "fdiv": 5.344649738379396e-06}