{"mov": 0.1430571841664864, "ldr": 0.15627454775213742, "add": 0.09768439986794021, "bl": 0.04734229670192056, "sturb": 0.00021630483042839741, "adrp": 0.02624119127039242, "cbz": 0.04129145368230513, "b": 0.03826318605630756, "ret": 0.009073418413233302, "sub": 0.022455856737895467, "cmp": 0.0582941518004531, "b.ls": 0.001923974544336798, "br": 0.001320597912089163, "nop": 2.8461161898473344e-05, "asr": 0.0007399902093603069, "str": 0.061037807807465934, "ldrb": 0.020264347271713022, "cbnz": 0.015773175924133926, "strb": 0.009272646546522616, "ldp": 0.02673641548742586, "stp": 0.0265884174455538, "blr": 0.00954587370074796, "orr": 0.035656143626407406, "b.hi": 0.004605015995172987, "b.eq": 0.014395655688247817, "sxtw": 0.004354557770466422, "b.le": 0.0008709115540932843, "lsl": 0.007832511754459865, "tst": 0.0037170277439406187, "b.ne": 0.020270039504092716, "b.ge": 0.002077664818588554, "tbnz": 0.006699757510900625, "and": 0.011583692892678651, "bics": 9.676795045480937e-05, "ldur": 0.007809742824941086, "cmn": 0.002185817233802753, "b.lt": 0.002737963774633136, "ldrsw": 0.0008936804836120629, "b.cs": 0.0030510365555163426, "bfi": 0.0012295221940140484, "rev": 2.2768929518778675e-05, "lsr": 0.0036714898849030614, "ldrh": 0.0024988900146859596, "tbz": 0.005259622718837874, "bfxil": 0.0005749154703491615, "b.gt": 0.002441967690889013, "movk": 0.005117316909345507, "stur": 0.004092715081000467, "csel": 0.005868691583465204, "mvn": 0.0007172212798415283, "smaddl": 8.538348569542003e-05, "adds": 0.00033014947802229076, "b.mi": 0.00012522911235328271, "mul": 0.0007627591388790856, "subs": 0.001906897847197714, "madd": 0.0026355035917986318, "neg": 0.0003870718018192375, "smull": 0.00033014947802229076, "sbfiz": 0.00011953687997358804, "cset": 0.003039652090756953, "ubfiz": 4.553785903755735e-05, "ubfx": 0.0017987454319835154, "strh": 0.0023964298318514556, "cinc": 0.000910757180751147, "b.cc": 0.004576554833274514, "ldurb": 0.0005578387732100775, "csinc": 0.00043260966085679483, "cneg": 0.00015369027425175604, "eor": 0.001394596933025194, "udiv": 0.0006318377941461083, "msub": 0.0003813795694395428, "ands": 0.0002561504570862601, "sxth": 5.692232379694669e-05, "sxtb": 3.984562665786268e-05, "ccmp": 0.0003130727808832068, "movi": 0.00018784366852992406, "bic": 0.00027891938660503876, "csinv": 0.00022199706280809207, "dup": 0.00010246018283450404, "sturh": 0.0001479980418720614, "fmov": 0.0001821514361502294, "ins": 0.00010246018283450404, "sdiv": 1.7076697139084006e-05, "umaddl": 0.0002732271542253441, "csetm": 5.123009141725202e-05, "umull": 0.00010815241521419871, "ldursw": 7.39990209360307e-05, "umulh": 0.00010246018283450404, "csneg": 1.7076697139084006e-05, "ldurh": 2.8461161898473344e-05, "ror": 5.692232379694669e-06, "ldrsh": 1.1384464759389338e-05, "ldursh": 1.1384464759389338e-05, "rbit": 4.553785903755735e-05, "clz": 5.123009141725202e-05, "addp": 1.1384464759389338e-05, "umov": 7.969125331572536e-05, "cmeq": 1.1384464759389338e-05, "xtn": 3.415339427816801e-05, "ldrsb": 7.969125331572536e-05, "ldursb": 5.692232379694669e-06, "smulh": 5.692232379694669e-05, "sbfx": 1.1384464759389338e-05, "cnt": 1.7076697139084006e-05, "uaddlv": 1.7076697139084006e-05, "orn": 2.8461161898473344e-05, "rorv": 5.692232379694669e-06, "b.pl": 5.692232379694669e-06, "tbl": 4.553785903755735e-05, "ushll2": 2.2768929518778675e-05, "ushll": 2.2768929518778675e-05, "umax": 4.553785903755735e-05, "xtn2": 2.2768929518778675e-05, "umsubl": 1.1384464759389338e-05, "ucvtf": 1.1384464759389338e-05, "fdiv": 5.692232379694669e-06}