{"mov": 0.17141763104152485, "ldr": 0.1533568754254595, "add": 0.09067960063535285, "bl": 0.05904668708872249, "ldrsw": 0.0008580099841161788, "adr": 7.09099160426594e-06, "adrp": 0.028810698888132518, "cbz": 0.04382232811436351, "b": 0.03536277513047425, "ret": 0.016011459042432494, "sub": 0.017103471749489448, "cmp": 0.051360052189698205, "b.ls": 0.002035114590424325, "br": 0.0016451100521896983, "nop": 3.54549580213297e-05, "asr": 0.00039000453823462674, "str": 0.04780037440435671, "ldrb": 0.021194973905150898, "cbnz": 0.016670921261629227, "strb": 0.004424778761061947, "ldp": 0.03863172226004084, "stp": 0.034015486725663714, "blr": 0.00738881325164511, "orr": 0.029264522350805535, "b.hi": 0.004041865214431586, "csel": 0.005367880644429317, "b.lt": 0.0017727479010664852, "ldur": 0.0066513501248014525, "stur": 0.0035809507601543, "b.ne": 0.018578398003176764, "tbz": 0.005389153619242115, "tbnz": 0.006750624007261175, "b.gt": 0.0005530973451327434, "subs": 0.0013685613796233266, "lsl": 0.0052118788291354665, "and": 0.011381041524846834, "eor": 0.0013969253460403904, "b.cs": 0.0028718515997277058, "b.cc": 0.004687145450419787, "movk": 0.0035809507601543, "mvn": 0.0006169162695711368, "cmn": 0.0024534830950760154, "b.eq": 0.0143238030406172, "ccmp": 0.0003687315634218289, "mul": 0.000709099160426594, "madd": 0.0013401974132062628, "sturb": 0.00019854776491944634, "b.le": 0.0004680054458815521, "sxtw": 0.0010991036986612208, "smaddl": 0.00012763784887678692, "adds": 0.0002481847061493079, "b.mi": 4.254594962559564e-05, "smull": 2.836396641706376e-05, "neg": 0.00043255048786022235, "tst": 0.0033044020875879284, "lsr": 0.0032618561379623326, "sbfiz": 0.00013472884048105287, "cinc": 0.0008154640344905831, "cset": 0.003212219196732471, "ubfiz": 7.09099160426594e-05, "bics": 0.00012054685727252099, "ubfx": 0.001552927161334241, "bfi": 0.0012834694803721353, "strh": 0.0016238370773769004, "ldurb": 0.0004963694122986158, "csinc": 0.0004963694122986158, "cneg": 0.00014891082368958476, "b.ge": 0.0003970955298388927, "udiv": 0.0007729180848649875, "msub": 0.00031909462219196735, "ands": 0.0002623666893578398, "sxth": 7.09099160426594e-05, "rev": 1.418198320853188e-05, "sxtb": 4.9636941229861585e-05, "bic": 0.00039000453823462674, "movi": 0.00017018379850238256, "csinv": 0.00014891082368958476, "sdiv": 2.127297481279782e-05, "sturh": 5.672793283412752e-05, "ldrh": 0.00237548218742909, "csetm": 5.672793283412752e-05, "bfxil": 0.0006310982527796687, "umaddl": 0.00018436578171091445, "umull": 9.927388245972317e-05, "ldursw": 9.218289085545723e-05, "umulh": 0.00011345586566825505, "csneg": 2.127297481279782e-05, "ror": 7.09099160426594e-06, "ldrsh": 1.418198320853188e-05, "rbit": 1.418198320853188e-05, "clz": 2.127297481279782e-05, "ldurh": 2.836396641706376e-05, "ldursh": 1.418198320853188e-05, "ldrsb": 1.418198320853188e-05, "smulh": 2.127297481279782e-05, "sbfx": 1.418198320853188e-05, "orn": 3.54549580213297e-05, "rorv": 7.09099160426594e-06, "b.pl": 7.09099160426594e-06, "fmov": 2.127297481279782e-05, "cnt": 7.09099160426594e-06, "uaddlv": 7.09099160426594e-06, "ucvtf": 1.418198320853188e-05, "fdiv": 7.09099160426594e-06}