{"mov": 0.1428196556720556, "ldr": 0.15650492304532854, "add": 0.09778776711656721, "bl": 0.04726237606818104, "adr": 1.1409143287430547e-05, "ldrsw": 0.0008899131764195827, "adrp": 0.026064187840135086, "cbz": 0.04129539412885486, "b": 0.03819781172631747, "ret": 0.009087382628438431, "sub": 0.022476012276238178, "cmp": 0.05832354048534496, "b.ls": 0.0019167360722883318, "br": 0.0013234606213419434, "nop": 2.8522858218576367e-05, "asr": 0.0007415943136829856, "str": 0.06111307601912173, "ldrb": 0.020222706476970644, "cbnz": 0.015778845166516446, "strb": 0.009224292347887597, "ldp": 0.026771554723955777, "stp": 0.026628940432862895, "blr": 0.009566566646510514, "orr": 0.03568209563143904, "b.hi": 0.0046035893164782255, "and": 0.011585985008385721, "cmn": 0.002190555511186665, "b.ne": 0.02029116133669523, "b.ge": 0.0020878732215997902, "b.lt": 0.0026982623874773244, "b.le": 0.0008785040331321521, "b.eq": 0.01440974797202478, "lsl": 0.007826672295177355, "tst": 0.003713676140058643, "tbnz": 0.006702871681365446, "cinc": 0.000918436034638159, "movk": 0.005128409907700031, "stur": 0.004101587011831282, "csel": 0.005881413364670447, "mvn": 0.0007187760271081244, "sxtw": 0.004358292735798469, "smaddl": 8.556857465572911e-05, "adds": 0.00033086515533548586, "b.mi": 0.000125500576161736, "mul": 0.0007644126002578466, "subs": 0.0019110315006446166, "madd": 0.0026412166710401714, "neg": 0.0003879108717726386, "tbz": 0.005259615055505482, "b.cs": 0.003046241257743956, "ldur": 0.007815263151889925, "smull": 0.00033086515533548586, "sturb": 0.0002110691508174651, "lsr": 0.003668039566908921, "sbfiz": 0.00011979600451802074, "b.gt": 0.002441556663510137, "cset": 0.003046241257743956, "ubfiz": 4.563657314972219e-05, "bics": 9.127314629944438e-05, "ubfx": 0.0018026446394140264, "bfi": 0.001209369188467638, "strh": 0.00240162466200413, "b.cc": 0.00458647560154708, "ldurb": 0.0005590480210840968, "csinc": 0.0004335474449223608, "cneg": 0.00015402343438031239, "eor": 0.001397620052710242, "udiv": 0.0006332074524523953, "msub": 0.0003822063001289233, "ands": 0.0002567057239671873, "sxth": 5.7045716437152734e-05, "rev": 1.1409143287430547e-05, "sxtb": 3.993200150600691e-05, "ccmp": 0.00031375144040434003, "movi": 0.00018825086424260402, "bic": 0.0002795240105420484, "csinv": 0.00022247829410489568, "dup": 0.00010268228958687492, "sturh": 0.0001483188627365971, "fmov": 0.00018254629259888876, "ins": 0.00010268228958687492, "sdiv": 1.711371493114582e-05, "ldrh": 0.0024928978083035747, "umaddl": 0.0002738194388983331, "csetm": 5.134114479343746e-05, "bfxil": 0.0005533434494403815, "umull": 0.0001083868612305902, "ldursw": 7.415943136829855e-05, "umulh": 0.00010268228958687492, "csneg": 1.711371493114582e-05, "ldurh": 2.8522858218576367e-05, "ror": 5.704571643715274e-06, "ldrsh": 1.1409143287430547e-05, "ldursh": 1.1409143287430547e-05, "rbit": 4.563657314972219e-05, "clz": 5.134114479343746e-05, "addp": 1.1409143287430547e-05, "umov": 7.986400301201382e-05, "cmeq": 1.1409143287430547e-05, "xtn": 3.422742986229164e-05, "ldrsb": 7.986400301201382e-05, "ldursb": 5.704571643715274e-06, "smulh": 5.7045716437152734e-05, "sbfx": 1.1409143287430547e-05, "cnt": 1.711371493114582e-05, "uaddlv": 1.711371493114582e-05, "orn": 2.8522858218576367e-05, "rorv": 5.704571643715274e-06, "b.pl": 5.704571643715274e-06, "tbl": 4.563657314972219e-05, "ushll2": 2.2818286574861095e-05, "ushll": 2.2818286574861095e-05, "umax": 4.563657314972219e-05, "xtn2": 2.2818286574861095e-05, "umsubl": 1.1409143287430547e-05, "ucvtf": 1.1409143287430547e-05, "fdiv": 5.704571643715274e-06}