{"mov": 0.08769045565617364, "ldr": 0.19931663552297446, "add": 0.05530999952086627, "bl": 0.029445762062191558, "adr": 2.99458578889368e-06, "ldxp": 2.99458578889368e-06, "prfm": 2.99458578889368e-06, "ld4": 2.99458578889368e-06, "adrp": 0.009106535384025682, "cbz": 0.004300225192851325, "b": 0.0778981601264913, "ret": 0.006252695127210005, "sub": 0.009648555411815437, "cmp": 0.04419409707249293, "b.ls": 2.99458578889368e-06, "br": 1.197834315557472e-05, "nop": 1.4972928944468401e-05, "asr": 0.00037731780940060373, "str": 0.07871568204685928, "ldrb": 0.007791912222701356, "cbnz": 0.01407754779358919, "strb": 0.002404652388481625, "ldp": 0.005294427674764027, "stp": 0.00532137894686407, "blr": 0.003626443390350247, "orr": 0.03300931915097504, "stur": 0.04627832878156293, "ldur": 0.125901370322457, "cset": 0.04419110248670404, "tbnz": 0.04286749556801303, "uxtb": 0.0062167600977432805, "subs": 0.005117747113219299, "sxtw": 0.0035994921182502036, "mul": 0.007034282018111255, "eor": 0.0007576302045901011, "and": 0.019339035024675388, "ldrh": 0.002835872742082315, "uxth": 0.0012487422739686645, "lsl": 0.002248933927459154, "lsr": 0.005072828326385895, "ubfx": 0.007935652340568252, "smull": 4.791337262229888e-05, "tst": 0.0006168846725120981, "csel": 0.0006168846725120981, "movk": 0.0010031862392793829, "sdiv": 0.00026651813521153754, "umull": 0.00020063724785587657, "strh": 0.0008235110919457621, "b.eq": 5.0907958411192564e-05, "ldursw": 2.99458578889368e-06, "b.ne": 5.3902544200086246e-05, "tbz": 5.0907958411192564e-05, "ldurb": 0.0005839442288342676, "b.hi": 5.98917157778736e-06, "sturb": 0.0002635235494226439, "adds": 2.99458578889368e-06, "udiv": 0.0005300416846341814, "mvn": 6.288630156676728e-05, "bic": 0.00015272387523357768, "orn": 5.98917157778736e-06, "b.gt": 2.9945857888936802e-05, "ldrsw": 5.98917157778736e-06, "umaddl": 1.796751473336208e-05, "smaddl": 2.99458578889368e-06, "sxth": 2.395668631114944e-05, "rbit": 2.99458578889368e-06, "clz": 2.99458578889368e-06, "fmov": 8.98375736668104e-06, "cnt": 2.99458578889368e-06, "uaddlv": 2.99458578889368e-06, "sturh": 1.796751473336208e-05, "ldurh": 4.4918786833405206e-05, "b.lt": 5.98917157778736e-06, "cinc": 5.98917157778736e-06, "b.cc": 2.99458578889368e-06, "ucvtf": 5.98917157778736e-06, "fdiv": 2.99458578889368e-06}