{"mov": 0.1871761658031088, "ldr": 0.0705958549222798, "add": 0.10297927461139897, "bl": 0.09617875647668393, "b": 0.04598445595854922, "adrp": 0.06865284974093264, "cbz": 0.0391839378238342, "ret": 0.017810880829015545, "sub": 0.009067357512953367, "cmp": 0.03821243523316062, "b.ls": 0.0009715025906735751, "br": 0.0025906735751295338, "nop": 0.0016191709844559584, "asr": 0.0009715025906735751, "str": 0.03270725388601036, "ldrb": 0.04209844559585492, "cbnz": 0.010038860103626942, "strb": 0.011010362694300517, "ldp": 0.029145077720207253, "stp": 0.038860103626943004, "blr": 0.010686528497409326, "b.hi": 0.0025906735751295338, "tbnz": 0.003238341968911917, "b.gt": 0.0009715025906735751, "orr": 0.03853626943005181, "b.eq": 0.020077720207253884, "tbz": 0.0022668393782383418, "b.cs": 0.0019430051813471502, "cmn": 0.006152849740932643, "b.ne": 0.012629533678756476, "and": 0.0045336787564766836, "b.ge": 0.0003238341968911917, "movk": 0.0029145077720207253, "b.lt": 0.0012953367875647669, "lsl": 0.0048575129533678756, "ldrh": 0.0016191709844559584, "csel": 0.0022668393782383418, "strh": 0.0012953367875647669, "ldrsw": 0.0012953367875647669, "stur": 0.0012953367875647669, "lsr": 0.0045336787564766836, "bfi": 0.016515544041450777, "rev": 0.0003238341968911917, "eor": 0.0012953367875647669, "subs": 0.0012953367875647669, "b.cc": 0.0019430051813471502, "adds": 0.0003238341968911917, "mul": 0.0006476683937823834, "msub": 0.0003238341968911917, "sxtw": 0.0006476683937823834, "sbfiz": 0.0006476683937823834, "tst": 0.0009715025906735751, "ldurb": 0.0019430051813471502, "csinc": 0.0012953367875647669, "cset": 0.0006476683937823834}