{"mov": 0.08717053597358954, "ldr": 0.19947131655217787, "add": 0.05552954285477208, "bl": 0.029643612828278636, "b.eq": 5.334250034079931e-05, "adrp": 0.009456439921527254, "cbz": 0.004288144332952033, "b": 0.0778326349417085, "ret": 0.006285524623490852, "st4": 5.926944482311034e-06, "sub": 0.00969055422857854, "cmp": 0.0441557363932172, "b.ls": 2.963472241155517e-06, "br": 1.1853888964622068e-05, "nop": 1.4817361205777586e-05, "asr": 0.0003674705579032841, "str": 0.07868018800267898, "ldrb": 0.007773187688550921, "cbnz": 0.014106127867900262, "strb": 0.0023796682096478804, "ldp": 0.005337213506321086, "stp": 0.00536092128425033, "blr": 0.0036924864124797743, "orr": 0.03279971076510926, "stur": 0.04639908487977193, "ldur": 0.126072036083238, "cset": 0.04415277292097605, "tbnz": 0.04279846610676798, "eor": 0.0007497584770123459, "and": 0.01917070192803504, "subs": 0.005097172254787489, "sxtw": 0.003553203217145465, "mul": 0.00699379448912702, "uxtb": 0.006208474345220808, "lsr": 0.005026048920999757, "ubfx": 0.007915434356126386, "lsl": 0.002216677236384327, "ldrh": 0.00280937168461543, "sxth": 2.9634722411555172e-05, "uxth": 0.0012328044523206951, "movk": 0.0010075805619928757, "sdiv": 0.00026967597394515205, "tst": 0.0006282561151249697, "csel": 0.0006282561151249697, "umull": 0.0002074430568808862, "smull": 4.741555585848827e-05, "udiv": 0.0005245345866845265, "strh": 0.0008149548663177672, "ldursw": 2.963472241155517e-06, "b.ne": 5.334250034079931e-05, "tbz": 5.0379028099643794e-05, "ldurb": 0.0005778770870253258, "b.hi": 5.926944482311034e-06, "sturb": 0.0002607855572216855, "adds": 2.963472241155517e-06, "mvn": 6.223291706426586e-05, "bic": 0.00015113708429893136, "orn": 5.926944482311034e-06, "b.gt": 2.9634722411555172e-05, "ldrsw": 5.926944482311034e-06, "umaddl": 1.7780833446933104e-05, "smaddl": 2.963472241155517e-06, "rbit": 2.963472241155517e-06, "clz": 2.963472241155517e-06, "fmov": 8.890416723466552e-06, "cnt": 2.963472241155517e-06, "uaddlv": 2.963472241155517e-06, "sturh": 1.7780833446933104e-05, "ldurh": 4.445208361733276e-05, "b.lt": 5.926944482311034e-06, "cinc": 5.926944482311034e-06, "b.cc": 2.963472241155517e-06, "ucvtf": 5.926944482311034e-06, "fdiv": 2.963472241155517e-06}