{"mov": 0.14809370298732, "ldr": 0.15202235117128735, "add": 0.09472598323662153, "bl": 0.05222437137330754, "adrp": 0.02793036750483559, "prfm": 4.2983021706425965e-06, "cbz": 0.04169782935740383, "b": 0.036918117343649255, "ret": 0.009761444229529336, "and": 0.009929078014184398, "sub": 0.020520094562647754, "cmp": 0.05769611003653557, "b.ls": 0.0029314420803782507, "br": 0.0012722974425102085, "nop": 2.149151085321298e-05, "asr": 0.0006877283473028154, "str": 0.06894906511927788, "ldrb": 0.019050075220287985, "cbnz": 0.017210401891252954, "strb": 0.011751558134536858, "ldp": 0.028686868686868688, "stp": 0.02569525037610144, "blr": 0.008235546958951213, "tbz": 0.004474532559638943, "b.lt": 0.002299591661293789, "cset": 0.0029013539651837525, "orr": 0.03701697829357404, "b.hi": 0.005549108102299592, "tbnz": 0.006112185686653772, "ldrsw": 0.0008123791102514507, "csel": 0.005231033741672039, "b.eq": 0.01332903503116269, "b.ge": 0.0018181818181818182, "subs": 0.001809585213840533, "b.ne": 0.019608854502471525, "b.le": 0.0007307113690092413, "stur": 0.0033827638082957233, "b.gt": 0.00202020202020202, "b.cc": 0.004947345798409628, "strh": 0.002054588437567161, "sxtw": 0.003606275521169138, "cneg": 0.00014614227380184826, "b.cs": 0.0033010960670535137, "movk": 0.004091983666451752, "lsl": 0.007225445948850204, "tst": 0.003077584354180099, "ldrh": 0.0021319578766387276, "cmn": 0.0022265205243928647, "bfi": 0.0010315925209542231, "eor": 0.0011476466795615732, "ldrsh": 2.149151085321298e-05, "sturh": 0.00013324736728992048, "ldur": 0.00594455190199871, "lsr": 0.002970126799914034, "ccmp": 0.00031377605845690955, "mvn": 0.0006189555125725338, "ubfx": 0.0014872125510423382, "bic": 0.0002321083172147002, "umulh": 8.166774124220932e-05, "ror": 3.438641736514077e-05, "cinc": 0.000786589297227595, "ldurb": 0.0005286911669890393, "bics": 8.166774124220932e-05, "csinv": 0.00019342359767891682, "csinc": 0.00038684719535783365, "adds": 0.00038254889318719106, "udiv": 0.0005200945626477542, "mul": 0.0007092198581560284, "csetm": 5.157962604771115e-05, "msub": 0.00030088115194498174, "sturb": 0.00016763378465506126, "smulh": 5.157962604771115e-05, "madd": 0.0024715237481194928, "ldursh": 1.7193208682570386e-05, "smaddl": 7.307113690092413e-05, "brk": 4.2983021706425965e-06, "ext": 4.2983021706425965e-06, "movi": 0.00018912529550827424, "neg": 0.00039974210186976146, "dup": 8.596604341285192e-05, "umull": 0.00014184397163120567, "ldrsb": 0.0002063185041908446, "ands": 0.0002278100150440576, "ubfiz": 5.157962604771115e-05, "umaddl": 0.0002922845476036965, "sbfiz": 0.0001203524607779927, "ldurh": 2.5789813023855576e-05, "b.mi": 9.456264775413712e-05, "smull": 0.0002578981302385558, "sxth": 4.298302170642596e-05, "rev": 8.596604341285193e-06, "sxtb": 3.0088115194498174e-05, "fmov": 0.00018482699333763163, "ins": 9.026434558349452e-05, "sdiv": 1.2894906511927788e-05, "bfxil": 0.0004083387062110466, "ldursw": 5.587792821835375e-05, "csneg": 1.2894906511927788e-05, "rbit": 3.438641736514077e-05, "clz": 3.868471953578336e-05, "addp": 1.2894906511927788e-05, "cmeq": 8.596604341285193e-06, "xtn": 2.5789813023855576e-05, "umov": 6.017623038899635e-05, "ldursb": 4.2983021706425965e-06, "sbfx": 8.596604341285193e-06, "cnt": 1.2894906511927788e-05, "uaddlv": 1.2894906511927788e-05, "orn": 2.149151085321298e-05, "rorv": 4.2983021706425965e-06, "b.pl": 4.2983021706425965e-06, "tbl": 3.438641736514077e-05, "ushll2": 1.7193208682570386e-05, "ushll": 1.7193208682570386e-05, "umax": 3.438641736514077e-05, "xtn2": 1.7193208682570386e-05, "umsubl": 8.596604341285193e-06, "ucvtf": 8.596604341285193e-06, "fdiv": 4.2983021706425965e-06}