{"mov": 0.17108423610478918, "ldr": 0.1536964026862557, "add": 0.09058059817508281, "bl": 0.05918726059341321, "prfm": 7.002752081568056e-06, "adr": 7.002752081568056e-06, "adrp": 0.029488589015483086, "cbz": 0.0438442307826976, "b": 0.035503953053550044, "ret": 0.016008291258464577, "sub": 0.016939657285313128, "cmp": 0.05141420578287267, "b.ls": 0.0020167925994916003, "br": 0.001631641235005357, "nop": 3.501376040784028e-05, "asr": 0.00039215411656781115, "str": 0.04753468112968397, "ldrb": 0.021204333302988074, "cbnz": 0.016561508672908454, "strb": 0.004446747571795716, "ldp": 0.03866219424233724, "stp": 0.03404738062058389, "blr": 0.007478939223114684, "orr": 0.02915245691556782, "b.hi": 0.00399857143857536, "b.ne": 0.018599309528644758, "subs": 0.001351531151742635, "cset": 0.0032772879741738504, "b.lt": 0.0018067100370445586, "b.ge": 0.0003991568686493792, "cinc": 0.0008193219935434626, "lsl": 0.005196042044523497, "tst": 0.0033193044866632587, "b.eq": 0.014341636263051379, "madd": 0.0013305228954979306, "csel": 0.005343099838236427, "ldur": 0.0065685814525108365, "stur": 0.0035363898011918685, "tbnz": 0.006750653006631606, "tbz": 0.005343099838236427, "ldrsh": 2.8011008326272224e-05, "and": 0.011260425347161434, "b.cs": 0.002857122849279767, "ldrh": 0.002359927451488435, "ubfx": 0.0015476082100265404, "cmn": 0.0024439604764672517, "ldrsw": 0.0008473330018697348, "mul": 0.0007212834644015098, "movk": 0.0035644008095181406, "b.cc": 0.004677838390487462, "sdiv": 2.8011008326272224e-05, "neg": 0.0004411733811387875, "cneg": 0.0001750688020392014, "ldurb": 0.0005182036540360361, "mvn": 0.0006092394310964208, "ccmp": 0.00036414310824153893, "sturb": 0.00019607705828390557, "b.le": 0.00046218163738349173, "sxtw": 0.0010854265726430487, "smaddl": 0.00012604953746822502, "adds": 0.000245096322854882, "b.mi": 4.201651248940834e-05, "smull": 2.8011008326272224e-05, "lsr": 0.003221265957521306, "bfi": 0.0012674981267638181, "csetm": 5.602201665254445e-05, "ands": 0.00025910182701801806, "sturh": 5.602201665254445e-05, "csinc": 0.000490192645709764, "strh": 0.0016036302266790848, "umull": 9.803852914195279e-05, "umaddl": 0.00018207155412076946, "sbfiz": 0.00013305228954979306, "b.gt": 0.0005392119102807404, "ubfiz": 7.002752081568057e-05, "bics": 0.00011904678538665695, "movi": 0.00016806604995763335, "udiv": 0.0007632999768909181, "msub": 0.00031512384367056255, "eor": 0.001372539407987339, "sxth": 7.002752081568057e-05, "rev": 1.4005504163136112e-05, "sxtb": 4.9019264570976394e-05, "bic": 0.0003851513644862431, "csinv": 0.00014705779371292917, "umulh": 0.0001120440333050889, "bfxil": 0.000623244935259557, "ldursw": 9.103577706038473e-05, "csneg": 2.100825624470417e-05, "ror": 7.002752081568056e-06, "rbit": 1.4005504163136112e-05, "clz": 2.100825624470417e-05, "ldurh": 2.8011008326272224e-05, "ldursh": 1.4005504163136112e-05, "ldrsb": 1.4005504163136112e-05, "smulh": 2.100825624470417e-05, "sbfx": 1.4005504163136112e-05, "orn": 3.501376040784028e-05, "rorv": 7.002752081568056e-06, "b.pl": 7.002752081568056e-06, "fmov": 2.100825624470417e-05, "cnt": 7.002752081568056e-06, "uaddlv": 7.002752081568056e-06, "ucvtf": 1.4005504163136112e-05, "fdiv": 7.002752081568056e-06}