{"mov": 0.16010173223165594, "ldr": 0.07274360693904923, "add": 0.16121521934430794, "bl": 0.06942845212638078, "adrp": 0.11911781452847617, "adr": 1.2653262643772696e-05, "stxr": 1.2653262643772696e-05, "cbz": 0.02302893801166631, "b": 0.0692892662372993, "ret": 0.011982639723652743, "sub": 0.019486024471409954, "cmp": 0.05529475775328668, "b.ls": 0.004200883197732535, "br": 0.0021384013867975856, "nop": 6.326631321886348e-05, "asr": 0.00025306525287545394, "str": 0.027761258240437296, "ldrb": 0.010502207994331339, "cbnz": 0.007351545596031937, "strb": 0.003492300489681264, "ldp": 0.012653262643772697, "stp": 0.011982639723652743, "blr": 0.00595968670521694, "orr": 0.031456010932418926, "madd": 0.0014424719413900875, "b.eq": 0.009793625286280068, "b.cc": 0.00826258050638357, "umaddl": 0.00021510546494413584, "b.cs": 0.009679745922486114, "mul": 0.0007845022839139072, "ldrsw": 0.002429426427604358, "and": 0.011084258075944882, "b.hi": 0.0076931836874138, "udiv": 0.0003922511419569536, "stur": 0.0023155470638104034, "tbnz": 0.005276410522453215, "bfi": 0.0010755273247206793, "ldur": 0.0033910743885310827, "csel": 0.004023737520719718, "b.ne": 0.011033645025369791, "b.lt": 0.0008857283850640888, "b.ge": 0.00027837177816299934, "movk": 0.0049853854816464425, "cset": 0.0010755273247206793, "cmn": 0.0008224620718452253, "movi": 0.00013918588908149967, "ldrh": 0.0019106426592096772, "lsr": 0.0032645417620933556, "adds": 0.0002657185155192266, "b.gt": 0.0014171654161025421, "b.le": 0.0005061305057509079, "tbz": 0.006655616150624439, "lsl": 0.006162138907517304, "tst": 0.0011894066885146336, "umulh": 0.00027837177816299934, "sturb": 0.00021510546494413584, "subs": 0.0015943110931153598, "strh": 0.0017334969821968594, "ldurb": 0.0009869544862142704, "neg": 0.0004302109298882717, "eor": 0.0015310447798964964, "smulh": 3.795978793131809e-05, "sxtw": 7.591957586263618e-05, "ldpsw": 1.2653262643772696e-05, "csinc": 0.00017714567701281777, "cinc": 0.00017714567701281777, "sxtb": 0.00012653262643772697, "ldurh": 0.00011387936379395427, "ucvtf": 0.00012653262643772697, "fmul": 7.591957586263618e-05, "fdiv": 7.591957586263618e-05, "ccmp": 0.00025306525287545394, "bic": 0.00015183915172527237, "ands": 0.00020245220230036314, "ubfx": 0.0009363414356391796, "sbfx": 2.5306525287545392e-05, "cneg": 1.2653262643772696e-05, "sbfiz": 0.0005187837683946805, "bfxil": 6.326631321886348e-05, "ubfiz": 0.00012653262643772697, "csetm": 1.2653262643772696e-05, "ldrsb": 0.00032898482873809014, "mvn": 0.0005314370310384532, "msub": 0.0003163315660943174, "umull": 0.00013918588908149967, "ror": 1.2653262643772696e-05, "csinv": 0.00016449241436904507, "sturh": 2.5306525287545392e-05, "sdiv": 1.2653262643772696e-05, "ldursw": 1.2653262643772696e-05, "dup": 3.795978793131809e-05, "st2": 2.5306525287545392e-05, "cmeq": 2.5306525287545392e-05, "ushll": 2.5306525287545392e-05, "addp": 1.2653262643772696e-05, "fmov": 2.5306525287545392e-05, "ldursb": 1.2653262643772696e-05, "ldrsh": 2.5306525287545392e-05, "rev": 1.2653262643772696e-05, "ins": 1.2653262643772696e-05, "b.mi": 0.00018979893965659044}