{"mov": 0.14360008667677895, "ldr": 0.15599597730846376, "add": 0.0972168975269337, "bl": 0.04854455242000456, "sub": 0.022202590302201924, "stur": 0.004067141166469421, "stxrb": 1.666861133798943e-05, "adrp": 0.028258852421671418, "cbz": 0.0414326115824624, "b": 0.03826557542824441, "ret": 0.009162180032114858, "stlxrb": 1.1112407558659621e-05, "tbz": 0.005206162941232033, "cmp": 0.05767895143322276, "b.ls": 0.0019168903038687846, "br": 0.0013390451108184845, "nop": 2.7781018896649054e-05, "asr": 0.0007445313064301947, "str": 0.06111824157262792, "ldrb": 0.020124570088732575, "cbnz": 0.015879630401324597, "strb": 0.009217742069908157, "ldp": 0.026797570827707676, "stp": 0.02669755915967974, "blr": 0.00936775957195006, "movk": 0.005039476827852139, "strh": 0.0023558304024358396, "b.hi": 0.004578311914167764, "lsr": 0.003628201067902366, "ubfx": 0.00176131659804755, "lsl": 0.007700898438151117, "csel": 0.005828457764516971, "madd": 0.002578078553609032, "and": 0.011367992932508793, "b.eq": 0.014151651025953027, "sxtw": 0.0043393951516565825, "tbnz": 0.006622994904961135, "cmn": 0.002133582251262647, "b.ne": 0.02001900221692531, "ldrsb": 0.00010556787180726641, "b.le": 0.0008778801971341101, "orr": 0.03525966918362698, "neg": 0.00038893426455308675, "ldrsh": 7.778685291061735e-05, "ldur": 0.007667561215475138, "cset": 0.0030059062446174275, "ldrsw": 0.0009001050122514294, "ldrh": 0.0025502975347123833, "b.lt": 0.0027447646669889266, "b.gt": 0.0023891676251118184, "subs": 0.0018891092849721357, "b.ge": 0.0020502391945727, "b.cc": 0.004511637468815806, "b.cs": 0.002989237633279438, "cinc": 0.0008945488084720995, "sxth": 6.111824157262792e-05, "movi": 0.00019446713227654338, "brk": 5.556203779329811e-06, "ldurb": 0.0005500641741536513, "csinc": 0.00043894009856705504, "sbfiz": 0.00012223648314525583, "mvn": 0.0007167502875335456, "bfi": 0.0011834714049972497, "smaddl": 8.334305668994716e-05, "adds": 0.000322259819201129, "b.mi": 0.00012223648314525583, "mul": 0.0007445313064301947, "smull": 0.000322259819201129, "sturb": 0.000205579539835203, "tst": 0.0036115324565643768, "ccmp": 0.0003055912078631396, "csetm": 5.00058340139683e-05, "ands": 0.0002500291700698415, "sturh": 0.0001444612982625751, "umull": 0.00010556787180726641, "umaddl": 0.0002666977814078309, "ubfiz": 4.4449630234638485e-05, "bics": 8.889926046927697e-05, "cneg": 0.00015001750204190489, "eor": 0.0013612699259358035, "udiv": 0.000616738619505609, "msub": 0.00037226565321509734, "rev": 1.1112407558659621e-05, "sxtb": 3.889342645530868e-05, "bic": 0.0002722539851871607, "csinv": 0.0002166919473938626, "dup": 0.0001000116680279366, "fmov": 0.00017779852093855394, "ins": 0.0001000116680279366, "sdiv": 1.666861133798943e-05, "bfxil": 0.0005389517665949917, "ldursw": 7.223064913128755e-05, "umulh": 0.0001000116680279366, "csneg": 1.666861133798943e-05, "ldurh": 2.7781018896649054e-05, "ror": 5.556203779329811e-06, "ldursh": 1.1112407558659621e-05, "rbit": 4.4449630234638485e-05, "clz": 5.00058340139683e-05, "addp": 1.1112407558659621e-05, "umov": 7.778685291061735e-05, "cmeq": 1.1112407558659621e-05, "xtn": 3.333722267597886e-05, "ldursb": 5.556203779329811e-06, "smulh": 5.556203779329811e-05, "sbfx": 1.1112407558659621e-05, "cnt": 1.666861133798943e-05, "uaddlv": 1.666861133798943e-05, "orn": 2.7781018896649054e-05, "rorv": 5.556203779329811e-06, "b.pl": 5.556203779329811e-06, "tbl": 4.4449630234638485e-05, "ushll2": 2.2224815117319242e-05, "ushll": 2.2224815117319242e-05, "umax": 4.4449630234638485e-05, "xtn2": 2.2224815117319242e-05, "umsubl": 1.1112407558659621e-05, "ucvtf": 1.1112407558659621e-05, "fdiv": 5.556203779329811e-06}