{"mov": 0.08754419608078144, "ldr": 0.19950560316413976, "add": 0.05534847486066998, "bl": 0.029445077006052617, "adr": 2.996344459759094e-06, "adrp": 0.009168814046862827, "b.eq": 5.393420027566369e-05, "ld4": 2.996344459759094e-06, "cbz": 0.0043207287109726135, "b": 0.0778779888535986, "ret": 0.0062563672319769885, "sub": 0.009636243782585246, "cmp": 0.04415413195901001, "b.ls": 2.996344459759094e-06, "br": 1.1985377839036376e-05, "nop": 1.498172229879547e-05, "asr": 0.00036855036855036854, "str": 0.07872295799125067, "ldrb": 0.0077695211841553305, "cbnz": 0.01408881164978726, "strb": 0.002394079223347516, "ldp": 0.0053065260382333555, "stp": 0.005333493138371187, "blr": 0.0036555402409060946, "stur": 0.046284532869898726, "ldur": 0.12595133936597352, "cset": 0.04415113561455025, "tbnz": 0.04282675136333673, "orr": 0.03297177443518907, "sxtw": 0.003577635284952358, "mul": 0.007014442380296039, "subs": 0.005129741715107569, "lsr": 0.005084796548211182, "and": 0.019326421765446154, "ubfx": 0.007946305507281117, "lsl": 0.0022472583448193205, "uxtb": 0.0061964403427818065, "eor": 0.0007580751483190507, "smull": 4.7941511356145504e-05, "tst": 0.0006172469587103734, "csel": 0.0006172469587103734, "ldrh": 0.0028255528255528256, "uxth": 0.0012374902618805057, "movk": 0.0010037753940192965, "sdiv": 0.0002666746569185594, "umull": 0.0002007550788038593, "strh": 0.0008239947264337508, "ldursw": 2.996344459759094e-06, "b.ne": 5.393420027566369e-05, "tbz": 5.09378558159046e-05, "ldurb": 0.0005842871696530234, "b.hi": 5.992688919518188e-06, "sturb": 0.00026367831245880025, "adds": 2.996344459759094e-06, "udiv": 0.0005303529693773596, "mvn": 6.292323365494097e-05, "bic": 0.00015281356744771378, "orn": 5.992688919518188e-06, "b.gt": 2.996344459759094e-05, "ldrsw": 5.992688919518188e-06, "umaddl": 1.7978066758554562e-05, "smaddl": 2.996344459759094e-06, "sxth": 2.3970755678072752e-05, "rbit": 2.996344459759094e-06, "clz": 2.996344459759094e-06, "fmov": 8.989033379277281e-06, "cnt": 2.996344459759094e-06, "uaddlv": 2.996344459759094e-06, "sturh": 1.7978066758554562e-05, "ldurh": 4.494516689638641e-05, "b.lt": 5.992688919518188e-06, "cinc": 5.992688919518188e-06, "b.cc": 2.996344459759094e-06, "ucvtf": 5.992688919518188e-06, "fdiv": 2.996344459759094e-06}