{"mov": 0.14144398056740368, "ldr": 0.1548528739443448, "add": 0.09837877486221847, "bl": 0.04821474325159385, "adr": 5.023939069666963e-06, "stnp": 5.023939069666963e-06, "adrp": 0.029786934744055422, "cbz": 0.03991017196943435, "b": 0.03519269318301708, "ret": 0.010334242666304942, "sub": 0.02117590317864625, "cmp": 0.0599004255276392, "b.ls": 0.002295940154837802, "br": 0.0012760805236954086, "nop": 2.5119695348334814e-05, "asr": 0.0007133993478927088, "str": 0.06041286731274523, "ldrb": 0.020055564766110517, "cbnz": 0.01653880741734364, "strb": 0.010093093590960929, "ldp": 0.029781910804985757, "stp": 0.024948881419966137, "blr": 0.009394766060277221, "b.hi": 0.004536616979909268, "tbz": 0.005461021768727989, "b.eq": 0.014433776947153185, "orr": 0.037327867287625535, "b.ne": 0.02062829382005255, "b.cc": 0.005435902073379654, "b.cs": 0.003310775846910529, "movk": 0.004777766055253282, "mvn": 0.0006681838962657061, "umulh": 0.00010047878139333926, "lsr": 0.0034363743236522025, "and": 0.010982330806291981, "madd": 0.0027832622445954974, "ldur": 0.0058126975036046765, "stur": 0.003270584334353193, "cset": 0.0030043155636608437, "cinc": 0.0008892372153310524, "tst": 0.0034665179580702045, "csel": 0.0058981044677890145, "subs": 0.001899048968334112, "lsl": 0.007445477701246439, "ccmp": 0.00029641240511035083, "b.le": 0.0008490457027737168, "ldrsw": 0.0009344526669580551, "b.lt": 0.002562208925530151, "ldursw": 7.033514697533748e-05, "sxtw": 0.004039247012012239, "scvtf": 7.033514697533748e-05, "fmul": 0.00015574211115967587, "fdiv": 0.00020598150185634548, "ucvtf": 0.00013062241581134103, "fmov": 0.00036172361301602135, "tbnz": 0.006646671389169392, "csinc": 0.00044210663813069276, "strh": 0.0022457007641411325, "umull": 0.00011555059860234016, "dup": 0.0001607660502293428, "mul": 0.0008791893371917185, "ins": 0.00013062241581134103, "b.pl": 6.531120790567052e-05, "b.mi": 0.00012559847674167406, "fadd": 0.00011052665953267319, "fcmp": 0.00021602937999567941, "b.gt": 0.0022808683376288014, "umaddl": 0.0003265560395283526, "cmn": 0.0021201022873994584, "fsub": 1.5071817209000889e-05, "cneg": 0.00017081392836867674, "b.ge": 0.0021050304701904577, "sbfiz": 0.00012057453767200711, "fcvtzs": 1.0047878139333925e-05, "smull": 0.00030646028324968476, "csinv": 0.00020598150185634548, "ld1r": 5.023939069666963e-06, "bfi": 0.001100242656257065, "ubfx": 0.0016930674664777665, "sturb": 0.00018588574557767764, "bic": 0.00026626877069234903, "ands": 0.0002562208925530151, "udiv": 0.0005827769320813677, "fabd": 5.023939069666963e-06, "fcvtzu": 2.009575627866785e-05, "fcsel": 5.023939069666963e-06, "fccmp": 5.023939069666963e-06, "ldrh": 0.002421538631579476, "eor": 0.0012710565846257417, "msub": 0.00034665179580702045, "smaddl": 8.03830251146714e-05, "neg": 0.0003717714911553553, "ldrsb": 8.03830251146714e-05, "ubfiz": 4.01915125573357e-05, "bics": 8.03830251146714e-05, "ldurb": 0.0005275136023150311, "adds": 0.0003717714911553553, "sxth": 5.023939069666963e-05, "rev": 1.0047878139333925e-05, "sxtb": 3.516757348766874e-05, "movi": 0.00018588574557767764, "sturh": 0.00013062241581134103, "sdiv": 1.5071817209000889e-05, "csetm": 4.521545162700267e-05, "bfxil": 0.0004772742116183615, "csneg": 1.5071817209000889e-05, "ldurh": 2.5119695348334814e-05, "ror": 5.023939069666963e-06, "ldrsh": 1.0047878139333925e-05, "ldursh": 1.0047878139333925e-05, "rbit": 4.01915125573357e-05, "clz": 4.521545162700267e-05, "addp": 1.5071817209000889e-05, "cmeq": 1.0047878139333925e-05, "xtn": 3.0143634418001778e-05, "umov": 7.033514697533748e-05, "ldursb": 5.023939069666963e-06, "smulh": 5.023939069666963e-05, "sbfx": 1.0047878139333925e-05, "cnt": 1.5071817209000889e-05, "uaddlv": 1.5071817209000889e-05, "orn": 2.5119695348334814e-05, "rorv": 5.023939069666963e-06, "tbl": 4.01915125573357e-05, "ushll2": 2.009575627866785e-05, "ushll": 2.009575627866785e-05, "umax": 4.01915125573357e-05, "xtn2": 2.009575627866785e-05, "umsubl": 1.0047878139333925e-05}