{"mov": 0.1715744798316138, "ldr": 0.15281736309996205, "add": 0.09030744280735654, "bl": 0.0602118629446879, "orr": 0.029074221041371934, "ldrsw": 0.0008971395051930576, "adr": 6.9010731168696735e-06, "adrp": 0.030792588247472483, "cbz": 0.043814913219005554, "b": 0.03560263620993064, "ret": 0.016017390704254512, "sub": 0.016955936648148786, "cmp": 0.05075049170145958, "b.ls": 0.002008212277009075, "br": 0.0016631586211655913, "nop": 3.4505365584348367e-05, "asr": 0.00040026224077844105, "str": 0.04792105172354301, "ldrb": 0.020799834374245194, "cbnz": 0.016693695869707738, "strb": 0.0044580932334978085, "ldp": 0.03885994272109313, "stp": 0.03416721300162175, "blr": 0.007211621407128809, "tbz": 0.005237914495704082, "b.cc": 0.004589213622718333, "b.lt": 0.0018149822297367241, "b.le": 0.0005037783375314861, "b.eq": 0.014112694523998482, "b.ne": 0.018260239467237156, "cset": 0.0031744936337600497, "b.ge": 0.0004071633138953107, "csel": 0.005306925226872779, "b.hi": 0.004044028846485629, "neg": 0.0004347676063627894, "tbnz": 0.006666436630896104, "cmn": 0.0024153755909043857, "subs": 0.0013526103309064558, "sbfiz": 0.00013802146233739347, "mvn": 0.000614195507401401, "lsr": 0.0032366032918118765, "ldur": 0.00654911838790932, "b.gt": 0.0005520858493495739, "and": 0.011152134156861391, "stur": 0.003547151582071012, "csinc": 0.0004968772644146165, "bfi": 0.0012559953072702806, "movk": 0.003547151582071012, "strh": 0.0015941478899968945, "ubfx": 0.001518236085711328, "lsl": 0.005134398398951037, "madd": 0.001311203892205238, "sxtw": 0.0011800835029847142, "ldrsb": 6.210965805182706e-05, "ldrsh": 6.901073116869673e-05, "ldrh": 0.002408474517787516, "movi": 0.00017252682792174182, "b.cs": 0.002788033539215348, "sxth": 7.591180428556641e-05, "cinc": 0.0008005244815568821, "ldurb": 0.0004899761912977468, "ccmp": 0.000358855802077223, "mul": 0.0006901073116869673, "sturb": 0.00019323004727235085, "smaddl": 0.00012421931610365411, "adds": 0.00024153755909043855, "b.mi": 4.140643870121804e-05, "smull": 2.7604292467478694e-05, "tst": 0.0032159000724612677, "csetm": 5.520858493495739e-05, "ands": 0.0002553397053241779, "sturh": 5.520858493495739e-05, "umull": 9.661502363617542e-05, "umaddl": 0.0001794279010386115, "ubfiz": 6.901073116869673e-05, "bics": 0.00011731824298678445, "cneg": 0.00014492253545426314, "udiv": 0.0007522169697387944, "msub": 0.0003105482902591353, "eor": 0.0013526103309064558, "rev": 1.3802146233739347e-05, "sxtb": 4.830751181808771e-05, "bic": 0.000379559021427832, "csinv": 0.00014492253545426314, "sdiv": 2.070321935060902e-05, "bfxil": 0.000614195507401401, "ldursw": 8.971395051930575e-05, "umulh": 0.00011041716986991478, "csneg": 2.070321935060902e-05, "ror": 6.9010731168696735e-06, "rbit": 1.3802146233739347e-05, "clz": 2.070321935060902e-05, "ldurh": 2.7604292467478694e-05, "ldursh": 1.3802146233739347e-05, "smulh": 2.070321935060902e-05, "sbfx": 1.3802146233739347e-05, "orn": 3.4505365584348367e-05, "rorv": 6.9010731168696735e-06, "b.pl": 6.9010731168696735e-06, "fmov": 2.070321935060902e-05, "cnt": 6.9010731168696735e-06, "uaddlv": 6.9010731168696735e-06, "ucvtf": 1.3802146233739347e-05, "fdiv": 6.9010731168696735e-06}