{"mov": 0.18438381937911572, "ldr": 0.07306365631859517, "add": 0.10316713703355283, "bl": 0.09595484477892756, "b": 0.03951081843838194, "sturh": 0.00031357792411414236, "adrp": 0.0674192536845406, "cbz": 0.039197240514267796, "ret": 0.022264032612104107, "sub": 0.008780181875195987, "cmp": 0.03762935089369708, "b.ls": 0.0009407337723424271, "br": 0.002508623392913139, "nop": 0.0015678896205707118, "asr": 0.0009407337723424271, "str": 0.03135779241141424, "ldrb": 0.04170586390718094, "cbnz": 0.010975227343994982, "strb": 0.010975227343994982, "ldp": 0.03292568203198495, "stp": 0.03731577296958294, "blr": 0.01066164941988084, "b.hi": 0.002508623392913139, "tbnz": 0.0031357792411414237, "b.gt": 0.0009407337723424271, "orr": 0.039197240514267796, "b.eq": 0.019441831295076827, "tbz": 0.002508623392913139, "b.cs": 0.0018814675446848542, "cmn": 0.005957980558168705, "b.ne": 0.012856694888679836, "and": 0.004703668861712135, "b.ge": 0.00031357792411414236, "movk": 0.0028222013170272815, "b.lt": 0.0012543116964565694, "lsl": 0.005017246785826278, "ldrh": 0.0018814675446848542, "csel": 0.0021950454687989967, "strh": 0.0012543116964565694, "stur": 0.0028222013170272815, "ldur": 0.0006271558482282847, "ldrsw": 0.0012543116964565694, "lsr": 0.004390090937597993, "bfi": 0.016306052053935403, "rev": 0.00031357792411414236, "eor": 0.0012543116964565694, "subs": 0.0012543116964565694, "b.cc": 0.0018814675446848542, "adds": 0.00031357792411414236, "mul": 0.0006271558482282847, "msub": 0.00031357792411414236, "sxtw": 0.0006271558482282847, "sbfiz": 0.0006271558482282847, "tst": 0.0009407337723424271, "ldurb": 0.0031357792411414237, "csinc": 0.0012543116964565694, "cset": 0.0006271558482282847}