{"mov": 0.08751054581334859, "ldr": 0.19920712999156334, "add": 0.05609059036119958, "bl": 0.030091693840077302, "orr": 0.032648962350351626, "adrp": 0.00989335956771653, "cbz": 0.00425919492750027, "b": 0.07766681360256661, "ret": 0.006320189868429119, "ld4": 5.838512580534983e-06, "sub": 0.00961311096385085, "cmp": 0.04401362708836297, "b.ls": 2.9192562902674915e-06, "br": 1.1677025161069966e-05, "nop": 1.4596281451337458e-05, "asr": 0.00036198777999316893, "str": 0.07912644174770035, "ldrb": 0.007709755862596445, "cbnz": 0.013965722092639679, "strb": 0.0024083864394706805, "ldp": 0.005348077523770044, "stp": 0.0054093819058656616, "blr": 0.0035790082118679445, "stur": 0.046416175015253115, "ldur": 0.1253178340286029, "cset": 0.0440107078320727, "tbnz": 0.04272331580806474, "sxtw": 0.0037454058204131916, "mul": 0.007152177911155354, "subs": 0.005067828919904365, "lsr": 0.004974412718615806, "and": 0.018913861504643078, "tst": 0.0006072053083756383, "csel": 0.0006072053083756383, "uxtb": 0.006115841928110394, "smull": 5.838512580534983e-05, "ubfx": 0.00777397950098233, "lsl": 0.0021952807302811537, "strh": 0.0008057147361138277, "sdiv": 0.0002685715787046092, "udiv": 0.0005225468759578809, "sxtb": 2.043479403187244e-05, "eor": 0.0007414910977279429, "mneg": 1.1677025161069966e-05, "ldrh": 0.002825840088978932, "sxth": 6.71428946761523e-05, "sturb": 0.0002627330661240742, "uxth": 0.0012436031796539515, "ldurb": 0.0005780127454729633, "movk": 0.0009779508572396096, "umull": 0.00019559017144792193, "b.eq": 4.962735693454735e-05, "ldursw": 2.9192562902674915e-06, "b.ne": 5.254661322481485e-05, "tbz": 4.962735693454735e-05, "b.hi": 5.838512580534983e-06, "adds": 2.9192562902674915e-06, "mvn": 6.130438209561732e-05, "bic": 0.00014888207080364206, "orn": 5.838512580534983e-06, "b.gt": 2.9192562902674916e-05, "ldrsw": 5.838512580534983e-06, "umaddl": 1.7515537741604948e-05, "smaddl": 2.9192562902674915e-06, "rbit": 2.9192562902674915e-06, "clz": 2.9192562902674915e-06, "fmov": 8.757768870802474e-06, "cnt": 2.9192562902674915e-06, "uaddlv": 2.9192562902674915e-06, "sturh": 1.7515537741604948e-05, "ldurh": 4.378884435401237e-05, "b.lt": 5.838512580534983e-06, "cinc": 5.838512580534983e-06, "b.cc": 2.9192562902674915e-06, "ucvtf": 5.838512580534983e-06, "fdiv": 2.9192562902674915e-06}