{"mov": 0.17110915481304484, "ldr": 0.1520661375836483, "add": 0.0919386546111637, "bl": 0.061623389087828224, "stxr": 6.619053607715169e-06, "adrp": 0.03375055434573965, "cbz": 0.04311651520065661, "b": 0.034571316993096325, "ret": 0.01577982380079296, "sub": 0.016527776858464776, "cmp": 0.05036437890110472, "b.ls": 0.001985716082314551, "br": 0.001568715705028495, "nop": 3.3095268038575846e-05, "asr": 0.0004037622700706253, "str": 0.04663785171996108, "ldrb": 0.020850018864302784, "cbnz": 0.016574110233718783, "strb": 0.004150146612037411, "ldp": 0.03863541590823344, "stp": 0.03361155421997763, "blr": 0.007002958716962649, "tbz": 0.005725481370673621, "b.eq": 0.013933107844240431, "orr": 0.030507218077959215, "b.ne": 0.01782511136557695, "tbnz": 0.0065131487499917266, "b.cc": 0.0048848615624937945, "b.hi": 0.003951575003805956, "b.cs": 0.002965336016256396, "lsl": 0.005209195189271838, "ccmp": 0.0003574288948166191, "subs": 0.0013436678823661792, "cset": 0.0031175742492338446, "b.le": 0.0005162861814017832, "ldrsw": 0.0009068103442569781, "b.lt": 0.0017275729916136592, "stur": 0.0033095268038575844, "csel": 0.00530186193977985, "sxtw": 0.001059048577234427, "scvtf": 9.266675050801237e-05, "fmul": 0.0001456191793697337, "fdiv": 0.0002713811979163219, "ucvtf": 0.00017209539380059439, "fmov": 5.957148246943652e-05, "csinc": 0.0005162861814017832, "movk": 0.003527955572912185, "strh": 0.001529001383382204, "mvn": 0.0005758576638712196, "ldur": 0.006241767552075404, "umaddl": 0.00021842876905460058, "cmn": 0.0023365259235234546, "umull": 0.00011914296493887305, "b.mi": 5.2952428861721354e-05, "fcmp": 0.00015223823297744887, "fadd": 0.0001456191793697337, "madd": 0.0013569059895816096, "fsub": 1.9857160823145508e-05, "b.pl": 2.6476214430860677e-05, "cneg": 0.00015223823297744887, "b.gt": 0.0005361433422249287, "sbfiz": 0.00013238107215430338, "fcvtzs": 1.3238107215430338e-05, "smull": 3.3095268038575846e-05, "lsr": 0.0031506695172724202, "b.ge": 0.00041038132367834045, "and": 0.01078243832696801, "umulh": 0.00011252391133115787, "csinv": 0.00015223823297744887, "csetm": 5.957148246943652e-05, "bfi": 0.001211286810211876, "mul": 0.000741334004064099, "ubfx": 0.001489287061735913, "ands": 0.0002581430907008916, "sturb": 0.00018533350101602474, "bic": 0.0003772860556397646, "tst": 0.0031440504636647054, "udiv": 0.0007347149504563838, "fabd": 6.619053607715169e-06, "fcvtzu": 2.6476214430860677e-05, "fcsel": 6.619053607715169e-06, "eor": 0.0013039535607198883, "ldrh": 0.002243859173015442, "msub": 0.00030447646595489774, "cinc": 0.0007744292721026748, "neg": 0.0004037622700706253, "ldrsb": 2.6476214430860677e-05, "ubfiz": 6.619053607715169e-05, "bics": 0.00011252391133115787, "ldurb": 0.0004633337525400618, "sxth": 6.619053607715169e-05, "rev": 1.3238107215430338e-05, "adds": 0.00021842876905460058, "sxtb": 4.6333375254006185e-05, "movi": 0.00015885728658516406, "sdiv": 1.9857160823145508e-05, "sturh": 5.2952428861721354e-05, "bfxil": 0.00058909577108665, "smaddl": 0.00011252391133115787, "ldursw": 8.604769690029719e-05, "csneg": 1.9857160823145508e-05, "ror": 6.619053607715169e-06, "ldrsh": 1.3238107215430338e-05, "rbit": 1.3238107215430338e-05, "clz": 1.9857160823145508e-05, "ldurh": 2.6476214430860677e-05, "ldursh": 1.3238107215430338e-05, "smulh": 1.9857160823145508e-05, "sbfx": 1.3238107215430338e-05, "orn": 3.3095268038575846e-05, "rorv": 6.619053607715169e-06, "cnt": 6.619053607715169e-06, "uaddlv": 6.619053607715169e-06}