{"mov": 0.14402443271626436, "ldr": 0.15503522919066628, "add": 0.09822916387601469, "bl": 0.0497655852332092, "adr": 5.3580518123610255e-06, "sub": 0.021662603477375628, "stur": 0.003847081201275216, "ldxrb": 5.3580518123610255e-06, "adrp": 0.030546253382270207, "cbz": 0.0408444289656281, "b": 0.037817129691644115, "ret": 0.008926514319393468, "cmp": 0.05765263750100463, "b.ls": 0.001875318134326359, "br": 0.0013020065904037292, "nop": 2.679025906180513e-05, "asr": 0.0007286950464810995, "str": 0.05930291745921183, "ldrb": 0.019964101052857182, "cbnz": 0.015629437136657112, "strb": 0.008690760039649583, "ldp": 0.02668309802555791, "stp": 0.02623302167331958, "blr": 0.009221207169073325, "b.hi": 0.004500763522383261, "tbz": 0.005550941677606023, "b.eq": 0.014080960162884775, "orr": 0.03671872907011011, "b.ne": 0.01969619846223913, "tbnz": 0.0065528973665175344, "b.cc": 0.0047472339057518685, "b.cs": 0.003139818362043561, "movk": 0.004982988185495754, "mvn": 0.0006804725801698502, "umulh": 0.00010716103624722052, "lsr": 0.003600610817906609, "and": 0.011225118546896349, "madd": 0.0026468775953063465, "ldur": 0.007431617863744742, "cset": 0.003123744206606478, "cinc": 0.0009055107562890133, "tst": 0.0035898947142818873, "csel": 0.005845634527285879, "subs": 0.001902108393388164, "lsl": 0.007656656039863905, "ccmp": 0.00030540895330457847, "b.le": 0.0008787204972272082, "ldrsw": 0.0009001527044766522, "b.lt": 0.0026415195434939857, "ldursw": 7.501272537305435e-05, "sxtw": 0.004131057947330351, "scvtf": 7.501272537305435e-05, "fmul": 0.0001660996061831918, "fdiv": 0.00021968012430680206, "ucvtf": 0.00013930934712138665, "fmov": 0.0003161250569293005, "csinc": 0.0004500763522383261, "strh": 0.0022664559166287136, "umull": 0.0001232351916843036, "dup": 0.00015538350255846973, "mul": 0.0008840785490395692, "ins": 0.00011787713987194256, "b.pl": 6.965467356069333e-05, "b.mi": 0.00013395129530902565, "fadd": 0.00011787713987194256, "fcmp": 0.00023039622793152409, "b.gt": 0.002325394486564685, "umaddl": 0.0003000509014922174, "cmn": 0.0020789241031960778, "fsub": 1.6074155437083078e-05, "cneg": 0.0001500254507461087, "b.ge": 0.0019878372223859405, "sbfiz": 0.0001232351916843036, "fcvtzs": 1.0716103624722051e-05, "smull": 0.0003161250569293005, "csinv": 0.00021968012430680206, "ld1r": 5.3580518123610255e-06, "bfi": 0.0011466230878452595, "ubfx": 0.0017252926835802501, "sturb": 0.00019824791705735795, "bic": 0.0002732606424304123, "ands": 0.0002464703833686072, "udiv": 0.0006054598547967959, "fabd": 5.3580518123610255e-06, "fcvtzu": 2.1432207249444102e-05, "fcsel": 5.3580518123610255e-06, "fccmp": 5.3580518123610255e-06, "ldrh": 0.002362900849251212, "eor": 0.0013287968494655343, "msub": 0.00036434752324054974, "smaddl": 8.572882899777641e-05, "neg": 0.00036434752324054974, "ldrsb": 8.572882899777641e-05, "ubfiz": 4.2864414498888204e-05, "bics": 8.572882899777641e-05, "ldurb": 0.0005250890776113805, "adds": 0.0003000509014922174, "sxth": 5.358051812361026e-05, "rev": 1.0716103624722051e-05, "sxtb": 3.7506362686527176e-05, "movi": 0.00017681570980791384, "sturh": 0.00013930934712138665, "sdiv": 1.6074155437083078e-05, "csetm": 4.822246631124923e-05, "bfxil": 0.0005197310257990194, "csneg": 1.6074155437083078e-05, "ldurh": 2.679025906180513e-05, "ror": 5.3580518123610255e-06, "ldrsh": 1.0716103624722051e-05, "ldursh": 1.0716103624722051e-05, "rbit": 4.2864414498888204e-05, "clz": 4.822246631124923e-05, "addp": 1.0716103624722051e-05, "umov": 7.501272537305435e-05, "cmeq": 1.0716103624722051e-05, "xtn": 3.2148310874166156e-05, "ldursb": 5.3580518123610255e-06, "smulh": 5.358051812361026e-05, "sbfx": 1.0716103624722051e-05, "cnt": 1.6074155437083078e-05, "uaddlv": 1.6074155437083078e-05, "orn": 2.679025906180513e-05, "rorv": 5.3580518123610255e-06, "tbl": 4.2864414498888204e-05, "ushll2": 2.1432207249444102e-05, "ushll": 2.1432207249444102e-05, "umax": 4.2864414498888204e-05, "xtn2": 2.1432207249444102e-05, "umsubl": 1.0716103624722051e-05}