{"mov": 0.1528341045930902, "ldr": 0.13443754262707452, "add": 0.10353703880255506, "bl": 0.052538556876434654, "stnp": 3.66684511979583e-06, "stxrh": 3.66684511979583e-06, "adr": 3.66684511979583e-06, "st1": 3.66684511979583e-06, "adrp": 0.04108699956731227, "cbz": 0.0381608571617152, "b": 0.040500304348144944, "ret": 0.013372984151895393, "sub": 0.021803061082306004, "cmp": 0.0555710377905058, "b.ls": 0.0024237846241850435, "br": 0.0013677332296838445, "nop": 1.8334225598979152e-05, "asr": 0.0006233636703652911, "str": 0.0604992776315114, "ldrb": 0.01778053198588998, "cbnz": 0.013449987899411105, "strb": 0.009376122971317938, "ldp": 0.023878495420110446, "stp": 0.024065504521220034, "blr": 0.007960720755076747, "b.eq": 0.011671568016310127, "orr": 0.03707547100625564, "umaddl": 0.00024934546814611643, "madd": 0.002823470742242789, "b.lt": 0.002181772846278519, "b.ne": 0.017028828736331835, "and": 0.011403888322565031, "csel": 0.00777371165396716, "b.hi": 0.006064961828142303, "cmn": 0.0017784198831009776, "ldrsw": 0.0014007348357620072, "lsl": 0.008166064081785314, "stur": 0.0036961798807541965, "b.gt": 0.001877424701335465, "tbz": 0.0047778991910939666, "b.le": 0.0007040342630007994, "b.ge": 0.0015400749503142487, "tbnz": 0.009244116547005288, "ldur": 0.007399693451747985, "ubfx": 0.001639079768548736, "bic": 0.0006893668825216161, "fmov": 0.00016134118527101653, "ins": 8.800428287509992e-05, "ldrh": 0.001749085122142611, "tst": 0.004854902938609679, "b.cs": 0.004759564965494988, "dup": 9.167112799489575e-05, "subs": 0.0016464134587883276, "cset": 0.0029041413348782972, "lsr": 0.0035861745271603216, "movk": 0.003817185769707459, "udiv": 0.0005536936130891703, "eor": 0.0011110540712981364, "b.cc": 0.005115248942115183, "ands": 0.00020167648158877065, "sxtw": 0.003105817816467068, "neg": 0.0004033529631775413, "mul": 0.0008800428287509992, "mvn": 0.0007883717007561035, "ldurb": 0.0006930337276414119, "cneg": 0.0001833422559897915, "csetm": 4.766898655734579e-05, "bics": 0.00013200642431264987, "ccmp": 0.0003006812998232581, "cinc": 0.0011807241285742573, "csinc": 0.0004546887948546829, "sturb": 0.00017234172063040402, "umulh": 8.800428287509992e-05, "umull": 0.00016500803039081236, "adds": 0.0003006812998232581, "strh": 0.001881091546455261, "sdiv": 2.566791583857081e-05, "msub": 0.00032634921566182886, "movi": 0.0001686748755106082, "ldrsb": 0.00023834493278672894, "ldurh": 4.400214143754996e-05, "ldursw": 5.133583167714162e-05, "sxtb": 4.400214143754996e-05, "st2": 7.33369023959166e-06, "cmeq": 1.466738047918332e-05, "ushll": 2.200107071877498e-05, "addp": 1.100053535938749e-05, "ldursb": 7.33369023959166e-06, "ubfiz": 9.533797311469158e-05, "csinv": 0.000194342791349179, "ldrsh": 1.466738047918332e-05, "sbfiz": 9.900481823448741e-05, "sturh": 0.0001100053535938749, "smulh": 5.866952191673328e-05, "ldursh": 1.466738047918332e-05, "smaddl": 8.800428287509992e-05, "brk": 3.66684511979583e-06, "ext": 3.66684511979583e-06, "bfi": 0.001162389902975278, "ror": 1.466738047918332e-05, "b.mi": 9.900481823448741e-05, "smull": 0.00021267701694815814, "rev": 1.466738047918332e-05, "bfxil": 0.0004546887948546829, "sbfx": 2.566791583857081e-05, "cinv": 3.66684511979583e-06, "orn": 2.200107071877498e-05, "sxth": 4.400214143754996e-05, "ldpsw": 3.66684511979583e-06, "fcvt": 7.33369023959166e-06, "rorv": 1.100053535938749e-05, "extr": 4.033529631775413e-05, "csneg": 1.100053535938749e-05, "rbit": 2.933476095836664e-05, "clz": 3.300160607816247e-05, "umov": 5.133583167714162e-05, "xtn": 2.200107071877498e-05, "cnt": 1.100053535938749e-05, "uaddlv": 1.100053535938749e-05, "b.pl": 7.33369023959166e-06, "tbl": 2.933476095836664e-05, "ushll2": 1.466738047918332e-05, "umax": 2.933476095836664e-05, "xtn2": 1.466738047918332e-05, "umsubl": 7.33369023959166e-06, "ucvtf": 1.466738047918332e-05, "fadd": 7.33369023959166e-06, "fneg": 7.33369023959166e-06, "fcsel": 3.66684511979583e-06, "fcmp": 1.466738047918332e-05, "b.vs": 3.66684511979583e-06, "fmul": 3.66684511979583e-06, "fsub": 3.66684511979583e-06, "fcvtzu": 3.66684511979583e-06, "fdiv": 3.66684511979583e-06}