{"mov": 0.1429230585192738, "ldr": 0.15647483038923604, "add": 0.09773909278890794, "bl": 0.0474169605067531, "adrp": 0.0262889563597628, "stxrb": 5.696415245885764e-06, "cbz": 0.041321796193655336, "b": 0.03818307139317228, "ret": 0.009085782317187794, "sub": 0.022460965314527567, "cmp": 0.05821736381295251, "b.ls": 0.0019082991073717309, "br": 0.0013215683370454974, "nop": 2.8482076229428822e-05, "asr": 0.0007405339819651493, "str": 0.06111683917310836, "ldrb": 0.020262149029615664, "cbnz": 0.015796159476841223, "strb": 0.009222496283089052, "ldp": 0.026716187503204234, "stp": 0.026579473537302976, "blr": 0.009598459689317513, "orr": 0.03563677377826134, "b.hi": 0.004591310688183926, "ldrsw": 0.0008886407783581792, "csel": 0.00589009336424588, "b.lt": 0.0027057972417957377, "ldur": 0.007809785302109382, "stur": 0.00410141897703775, "tbnz": 0.0067046807444075445, "tbz": 0.0052862733481819895, "b.gt": 0.002443762140484993, "subs": 0.0019196919378635024, "b.ne": 0.020284934690599207, "lsl": 0.007821178132601154, "and": 0.011558026533902215, "eor": 0.0014013181504878979, "b.cs": 0.0030532785717947695, "b.cc": 0.00458561427293804, "movk": 0.005121077306051302, "mvn": 0.0007177483209816062, "sxtw": 0.004352061247856724, "smaddl": 8.544622868828646e-05, "adds": 0.00033039208426137434, "b.mi": 0.0001253211354094868, "b.eq": 0.01430939509766504, "mul": 0.0007633196429486924, "madd": 0.002637440258845109, "neg": 0.00038735623672023195, "cmn": 0.0021646377934365904, "smull": 0.00033039208426137434, "sturb": 0.00021076736409777328, "lsr": 0.0036627950031045465, "tst": 0.003702669909825747, "sbfiz": 0.00011962472016360104, "b.le": 0.0008658551173746362, "cset": 0.003041885741302998, "ubfiz": 4.557132196708611e-05, "bics": 9.114264393417222e-05, "ubfx": 0.0018000672176999015, "bfi": 0.001207640032127782, "strh": 0.002398190818517907, "cinc": 0.0009114264393417223, "ldurb": 0.0005582486940968049, "csinc": 0.0004329275586873181, "cneg": 0.00015380321163891564, "b.ge": 0.002073495149502418, "udiv": 0.0006323020922933199, "msub": 0.0003816598214743462, "ands": 0.0002563386860648594, "sxth": 5.6964152458857644e-05, "rev": 1.1392830491771528e-05, "sxtb": 3.987490672120035e-05, "ccmp": 0.00031330283852371704, "movi": 0.0001879817031142302, "bic": 0.00027912434704840245, "csinv": 0.0002221601945895448, "dup": 0.00010253547442594375, "sturh": 0.00014810679639302987, "fmov": 0.00018228528786834444, "ins": 0.00010253547442594375, "sdiv": 1.7089245737657292e-05, "ldrh": 0.002489333462452079, "umaddl": 0.0002734279318025167, "csetm": 5.126773721297188e-05, "bfxil": 0.0005525522788509191, "umull": 0.00010823188967182952, "ldursw": 7.405339819651494e-05, "umulh": 0.00010253547442594375, "csneg": 1.7089245737657292e-05, "ldurh": 2.8482076229428822e-05, "ror": 5.696415245885764e-06, "ldrsh": 1.1392830491771528e-05, "ldursh": 1.1392830491771528e-05, "rbit": 4.557132196708611e-05, "clz": 5.126773721297188e-05, "addp": 1.1392830491771528e-05, "umov": 7.97498134424007e-05, "cmeq": 1.1392830491771528e-05, "xtn": 3.4178491475314585e-05, "ldrsb": 7.97498134424007e-05, "ldursb": 5.696415245885764e-06, "smulh": 5.6964152458857644e-05, "sbfx": 1.1392830491771528e-05, "cnt": 1.7089245737657292e-05, "uaddlv": 1.7089245737657292e-05, "orn": 2.8482076229428822e-05, "rorv": 5.696415245885764e-06, "b.pl": 5.696415245885764e-06, "tbl": 4.557132196708611e-05, "ushll2": 2.2785660983543056e-05, "ushll": 2.2785660983543056e-05, "umax": 4.557132196708611e-05, "xtn2": 2.2785660983543056e-05, "umsubl": 1.1392830491771528e-05, "ucvtf": 1.1392830491771528e-05, "fdiv": 5.696415245885764e-06}