{"mov": 0.19055764625384877, "ldr": 0.0732124529592884, "add": 0.10742387957577831, "bl": 0.10092370851864522, "b": 0.04036948340745809, "stur": 0.0017105713308244953, "adrp": 0.06876496749914471, "cbz": 0.03386931235032501, "ret": 0.02257954156688334, "sub": 0.009921313718782073, "cmp": 0.03284296955183031, "b.ls": 0.0017105713308244953, "br": 0.0027369141293191925, "nop": 0.0017105713308244953, "asr": 0.0010263427984946972, "str": 0.034895655148819704, "ldrb": 0.03250085528566541, "cbnz": 0.00752651385562778, "strb": 0.011631885049606569, "ldp": 0.035237769414984604, "stp": 0.04515908313376668, "blr": 0.01128977078344167, "b.hi": 0.0027369141293191925, "tbnz": 0.003079028395484092, "cmn": 0.007184399589462881, "b.ne": 0.013000342114266164, "tbz": 0.0023947998631542937, "orr": 0.0369483407458091, "b.eq": 0.015395141977420458, "and": 0.00376325692781389, "b.ge": 0.00034211426616489907, "b.lt": 0.0013684570646595963, "b.gt": 0.00034211426616489907, "b.cs": 0.0013684570646595963, "ldur": 0.00034211426616489907, "movk": 0.003079028395484092, "ldrh": 0.0017105713308244953, "cset": 0.0010263427984946972, "csel": 0.0023947998631542937, "strh": 0.0013684570646595963, "ldrsw": 0.0013684570646595963, "lsr": 0.004789599726308587, "bfi": 0.013684570646595963, "rev": 0.00034211426616489907, "eor": 0.0013684570646595963, "subs": 0.0013684570646595963, "b.cc": 0.0020526855969893944, "adds": 0.00034211426616489907, "mul": 0.0006842285323297981, "lsl": 0.004105371193978789, "msub": 0.00034211426616489907, "sxtw": 0.0006842285323297981, "sbfiz": 0.0006842285323297981, "tst": 0.0006842285323297981, "ldurb": 0.0006842285323297981, "csinc": 0.0013684570646595963}