{"ldrsw": 0.0006267837676842131, "b.hi": 0.003354642901725956, "fsub": 1.0716103624722051e-06, "msub": 0.0002448808739443085, "orn": 1.8864706629828504e-05, "fabd": 3.572034541574017e-07, "b.cs": 0.0024154766432359564, "addp": 3.988002255060044e-06, "cmeq": 3.353976809318198e-06, "saddl": 3.327485277957323e-07, "ldr": 0.15309545551928955, "b.gt": 0.001032862053330058, "bl": 0.053530632137535554, "smull": 0.0001192419467550149, "csel": 0.0038977660069007105, "b.pl": 7.835083716961334e-06, "sxtb": 3.12711364382626e-05, "ld4": 5.889904693529384e-07, "tbz": 0.0035129483433855575, "clz": 2.1268604876405105e-05, "umsubl": 3.353976809318198e-06, "scvtf": 5.000848358203623e-06, "prfm": 1.5319773805156807e-06, "strh": 0.0015667558419391792, "stur": 0.014200453125688855, "brk": 9.40023934109313e-07, "b.le": 0.0004315003002368667, "cneg": 9.221839087990699e-05, "ldxrb": 3.572034541574017e-07, "cbnz": 0.014325526294618338, "fccmp": 3.572034541574017e-07, "umax": 1.3415907237272793e-05, "ldursw": 4.705030057333304e-05, "stxrb": 8.519179235757795e-07, "b.cc": 0.0033821164370483442, "fadd": 7.858475991462837e-06, "mvn": 0.00043511646859289565, "ldp": 0.024785391691599525, "fcvtzs": 7.144069083148034e-07, "ldrb": 0.016846365952330012, "bic": 0.00023981059475291304, "umull": 0.00012911816270261853, "csinc": 0.0003778366590982044, "and": 0.011367135163902677, "br": 0.0012186106844736934, "movk": 0.0034184723297838167, "bfi": 0.0016967033565824764, "smaddl": 6.094765062753891e-05, "fcsel": 3.572034541574017e-07, "cbz": 0.030400765916543136, "sbfiz": 0.0001251456956136694, "sxth": 4.681352243737356e-05, "sturh": 7.043394204526175e-05, "strb": 0.006177785781033923, "fmov": 7.903018279415532e-05, "rbit": 1.7719962609332594e-05, "sxtw": 0.0024578551618077236, "bics": 6.191382550346474e-05, "ldursh": 8.282388466965641e-06, "uxth": 0.00033049632583742155, "blr": 0.007021803453050147, "ret": 0.012427786767771112, "str": 0.06102083736029654, "madd": 0.0013210157379339462, "tbl": 1.3415907237272793e-05, "ands": 0.00016319829221429175, "dup": 3.530013321241582e-05, "adds": 0.00022592542151269956, "rev": 3.139114174713183e-05, "b.ne": 0.013187069141564763, "orr": 0.031972688652069474, "ldur": 0.03502719380379758, "movi": 0.00011962582088009077, "ldrh": 0.0022988033061680526, "ldpsw": 1.013664193326035e-06, "b.ge": 0.0008007434180789741, "ext": 5.925519664103072e-07, "ldurh": 3.83288303909218e-05, "add": 0.08902478897385757, "b.lt": 0.0014833795796234813, "subs": 0.002452074519311973, "fdiv": 2.6655377466630057e-05, "sub": 0.015911265939483648, "xtn": 1.0061930427954594e-05, "rorv": 3.548642267072513e-06, "sturb": 0.000214797773920697, "xtn2": 6.707953618636396e-06, "cinc": 0.0005157603624732489, "ccmp": 0.00021116029429737174, "csinv": 0.0001150589827591194, "ldurb": 0.0005603208210539559, "tbnz": 0.016570537875973665, "umulh": 7.765783905042008e-05, "mneg": 7.784683440713311e-07, "adrp": 0.03390614501678067, "mov": 0.1415844602660572, "ldrsb": 5.495284713741887e-05, "ushll2": 6.707953618636396e-06, "b.ls": 0.001705406813643941, "uaddlv": 7.463366723623682e-06, "ushll": 6.707953618636396e-06, "ldrsh": 2.069986923228169e-05, "cset": 0.014440309457568789, "ubfiz": 4.058463888700436e-05, "asr": 0.0005023135910101161, "nop": 0.00014146657944818415, "ins": 3.3516681437718924e-05, "ld1r": 3.572034541574017e-07, "ldarh": 4.721569071833952e-07, "uxtb": 0.001433772875588737, "ldursb": 1.676988404659099e-06, "fmul": 1.9331156464907953e-05, "b": 0.05089972852059844, "stp": 0.023567943039079907, "cnt": 7.463366723623682e-06, "lsl": 0.004937515461679326, "csetm": 3.2857446633796164e-05, "eor": 0.001184909110904836, "sdiv": 7.364952959396208e-05, "cmn": 0.0019127510078909573, "b.mi": 5.020894263277891e-05, "ubfx": 0.003367718271709566, "umov": 2.3477837665227386e-05, "bfxil": 0.0003350041538258673, "csneg": 1.0645926801217539e-05, "lsr": 0.003590067851252025, "umaddl": 0.00016366980088761647, "ucvtf": 3.1280033113793546e-05, "adr": 2.6639198885944246e-06, "stxr": 1.013664193326035e-06, "sbfx": 9.124612920797096e-06, "udiv": 0.0005628639469220135, "b.eq": 0.010138692434833169, "fcmp": 1.5359748528768272e-05, "mul": 0.002294118801548297, "ror": 7.792174760168297e-06, "tst": 0.002315705437359945, "smulh": 2.4583613759977884e-05, "cmp": 0.05100882042279787, "neg": 0.0002795744413236002, "fcvtzu": 1.4288138166296067e-06}