{"or": 0.0937197468632117, "bal": 9.537934750988368e-06, "nop": 0.08074338663449203, "lui": 0.011426445831684066, "addiu": 0.0404217674746887, "daddu": 0.027917535016142955, "ld": 0.2214756138853254, "daddiu": 0.11610051075640591, "and": 0.004268225801067295, "jalr": 0.05601152182517919, "b": 0.025413827144008506, "dsubu": 0.003519497923114708, "sltiu": 0.004921574331509998, "bne": 0.03352107168234862, "beq": 0.04618268006428568, "jr": 0.011641049363581304, "dsra": 0.0002098345645217441, "dsrl32": 0.00031475184678261614, "sd": 0.0815159593493221, "lbu": 0.015527757774609064, "sltu": 0.007883103071691886, "dsll": 0.009576086489992322, "sb": 0.003977318791162149, "sll": 0.007945099647573312, "lw": 0.020349183791233683, "sw": 0.010219897085684037, "andi": 0.012303935828774995, "addu": 0.0020315801019605223, "lwu": 0.001840821406940755, "dext": 0.009452093338229474, "subu": 0.0016882144509249412, "sdc1": 0.00013830005388933134, "slt": 0.0008870279318419183, "blez": 0.0007153451063241276, "ldc1": 0.0006724243999446799, "dsll32": 0.0019362007544506388, "movn": 0.0015403764622846216, "mov.d": 9.537934750988368e-06, "dmtc1": 0.00034813461841107544, "cvt.d.l": 8.107244538340114e-05, "mul.d": 9.06103801343895e-05, "div.d": 0.00020506559714624992, "dmfc1": 0.0002479863035256976, "sub.d": 0.00014306902126482552, "dinsu": 0.00013353108651383716, "add.d": 0.00015737592339130807, "movz": 0.002847073523170028, "lwl": 9.537934750988369e-05, "lwr": 9.537934750988369e-05, "sh": 0.0013019280935099122, "swl": 6.676554325691858e-05, "swr": 6.676554325691858e-05, "nor": 0.00028613804252965104, "sdl": 0.0009156417360948834, "sdr": 0.0009156417360948834, "xor": 0.002203262927478313, "bltz": 0.0005579691829328196, "c.eq.d": 3.815173900395347e-05, "bc1f": 7.153451063241276e-05, "bgez": 0.00016691385814229646, "bc1t": 5.7227608505930214e-05, "rotrv": 4.768967375494184e-06, "slti": 0.0007678037474545637, "lb": 0.0005007415744268894, "c.olt.d": 4.292070637944766e-05, "c.ule.d": 6.19965758814244e-05, "ori": 0.004420832757083108, "dsra32": 0.00011922418438735461, "trunc.l.d": 3.815173900395347e-05, "mult": 1.4306902126482553e-05, "mfhi": 0.000309982879407122, "srl": 0.0013353108651383717, "multu": 3.338277162845929e-05, "dmultu": 8.584141275889532e-05, "dsrl": 0.0010968624963636623, "xori": 0.0008441072254624706, "seb": 0.00015737592339130807, "sra": 0.00015737592339130807, "ddivu": 0.00046258983542293587, "teq": 0.0005341243460553486, "mflo": 0.0011970108112490403, "dmult": 0.0008107244538340114, "ldl": 0.0014402281473992436, "ldr": 0.0014402281473992436, "abs.d": 4.768967375494184e-06, "movt": 1.9075869501976736e-05, "j": 4.768967375494184e-06, "movf": 4.768967375494184e-06, "movf.d": 4.768967375494184e-06, "c.ult.d": 4.768967375494184e-06, "c.ole.d": 4.768967375494184e-06, "bgtz": 0.00010014831488537787, "lhu": 0.001759748961557354, "ext": 0.0005865829871857847, "sllv": 0.0005532002155573254, "dsllv": 0.0005341243460553486, "dins": 9.537934750988369e-05, "ldxc1": 4.768967375494184e-06, "seh": 4.292070637944766e-05, "ddiv": 2.384483687747092e-05, "divu": 4.768967375494184e-05, "ins": 0.0002098345645217441, "dsrlv": 0.0003576725531620638, "lh": 0.00011445521701186043, "srlv": 0.00020506559714624992, "dinsm": 7.153451063241276e-05, "mul": 0.00017168282551779064, "dextu": 9.537934750988368e-06, "rotr": 9.537934750988368e-06, "clz": 4.768967375494184e-06, "dclz": 4.768967375494184e-06, "mtlo": 1.4306902126482553e-05, "mthi": 1.4306902126482553e-05, "dsrav": 4.768967375494184e-06, "dsbh": 4.768967375494184e-06, "dshd": 4.768967375494184e-06, "srav": 4.768967375494184e-06}