{"or": 0.08247791591689842, "bal": 2.0448225094061837e-05, "nop": 0.0723560444953378, "lui": 0.009130132504498609, "addiu": 0.03215483396041224, "daddu": 0.029240961884508424, "ld": 0.2142258301979388, "daddiu": 0.16511941763454932, "and": 0.002331097660723049, "jalr": 0.07335800752494684, "b": 0.03413831179453623, "dsubu": 0.004989366922951088, "sltiu": 0.009191477179780794, "bne": 0.02484459348928513, "beq": 0.037471372484868315, "jr": 0.023443890070341894, "dsra": 0.00018403402584655652, "dsrl32": 0.00025560281367577293, "sd": 0.04700024537870113, "lbu": 0.010909128087681989, "sltu": 0.011328316702110257, "dsll": 0.010500163585800753, "sb": 0.006052674627842303, "dext": 0.00914035661704564, "lw": 0.014508015704236873, "sll": 0.012289383281531164, "dmult": 0.0005521020775396695, "mflo": 0.0008281531163095043, "ddivu": 0.0002351545885817111, "teq": 0.0003476198265990512, "lwu": 0.0036602322918370686, "andi": 0.00857803042695894, "movz": 0.002136839522329462, "bltz": 0.0005827744151807623, "ori": 0.003588663504007852, "sw": 0.006952396531981024, "slt": 0.0007361361033862261, "slti": 0.0010939800425323082, "xor": 0.0030365614264681825, "ldl": 0.0031285784393914606, "ldr": 0.0031285784393914606, "seb": 0.00011246523801734009, "lhu": 0.0014109275314902667, "ext": 0.0005214297398985768, "addu": 0.0013189105185669884, "blez": 0.0003987403893342058, "bgez": 0.0002351545885817111, "dsll32": 0.0014007034189432357, "xori": 0.0006441190904629479, "dmultu": 0.0001635858007524947, "mfhi": 0.0003271716015049894, "dsrl": 0.0009099460166857516, "dsrlv": 0.0002351545885817111, "srlv": 9.201701292327826e-05, "sllv": 0.00043963683952232945, "sh": 0.0006441190904629479, "movn": 0.0010633077048912154, "dsllv": 0.0005521020775396695, "nor": 0.0003271716015049894, "bgtz": 0.00014313757565843284, "subu": 0.0015029445444135448, "sdc1": 4.0896450188123673e-05, "ldc1": 8.179290037624735e-05, "srl": 0.0006850155406510715, "dmtc1": 0.00020448225094061835, "sub.d": 0.00010224112547030918, "dinsu": 0.00010224112547030918, "add.d": 0.00010224112547030918, "mul.d": 6.13446752821855e-05, "div.d": 6.13446752821855e-05, "dmfc1": 6.13446752821855e-05, "lwl": 0.0008077048912154425, "lwr": 0.0008077048912154425, "swl": 0.0008792736790446589, "swr": 0.0008792736790446589, "sdl": 0.003373957140520203, "sdr": 0.003373957140520203, "dsra32": 3.067233764109275e-05, "sra": 1.0224112547030918e-05, "lb": 0.0001738099132995256, "ins": 1.0224112547030918e-05, "dextu": 1.0224112547030918e-05, "dinsm": 3.067233764109275e-05, "divu": 0.00010224112547030918, "multu": 9.201701292327826e-05, "drotr": 1.0224112547030918e-05, "ddiv": 1.0224112547030918e-05, "mul": 0.0001738099132995256, "lh": 1.0224112547030918e-05, "dsbh": 1.0224112547030918e-05, "dshd": 1.0224112547030918e-05}