{"or": 0.05377262407434913, "bal": 5.304589530862102e-06, "nop": 0.17966644741029938, "lui": 0.0062196312249358145, "addiu": 0.021106961743300304, "daddu": 0.01693224978251183, "ld": 0.26287954338093317, "daddiu": 0.060467016062297096, "and": 0.0018884338729869084, "jalr": 0.028880837700778712, "b": 0.09731004264889982, "dsubu": 0.001989221074073288, "sltiu": 0.0019335228839992362, "bne": 0.020255575123596936, "beq": 0.024119968596829976, "jr": 0.0055777758917015, "dsra": 0.00010078720108637994, "dsrl32": 0.00010343949585181098, "sd": 0.0930796324980373, "lbu": 0.00872870207303359, "sltu": 0.0037609539773812302, "dsll": 0.007044494896984871, "sb": 0.0029360903053321733, "sw": 0.02836629251628509, "lw": 0.03300780835578943, "lwu": 0.003538161217085022, "subu": 0.0008460820301725053, "slti": 0.00048271764730845127, "slt": 0.0005437204269133655, "sll": 0.004368329478664941, "lb": 0.002713297545035965, "bgtz": 5.304589530862102e-05, "ldl": 0.0009521738207897473, "ldr": 0.0009521738207897473, "dsrl": 0.0007373379447898322, "ori": 0.0021801862971843238, "dext": 0.002922828831505018, "sdl": 0.00045619469965414077, "sdr": 0.00045619469965414077, "lh": 8.752572725922468e-05, "andi": 0.005933183390269261, "bgez": 0.00022809734982707038, "lhu": 0.0019388274735300983, "srl": 0.0011723142863205246, "blez": 0.00018035604404931146, "dmult": 0.00048006535254302023, "mflo": 0.0006949012285429354, "xor": 0.0010794839695304377, "ddiv": 1.5913768592586306e-05, "teq": 0.00031827537185172614, "movn": 0.0002705340660739672, "xori": 0.00012200555920982834, "dins": 6.100277960491417e-05, "swl": 3.7132126716034715e-05, "swr": 3.7132126716034715e-05, "dsll32": 0.0005357635426170723, "dinsu": 4.243671624689681e-05, "addu": 0.001039699548048972, "dextu": 0.00031562307708629504, "sra": 7.956884296293153e-05, "movz": 7.426425343206943e-05, "ext": 0.001045004137579834, "sh": 0.0009044325150119884, "sllv": 0.0002917524241974156, "lwl": 7.426425343206943e-05, "lwr": 7.426425343206943e-05, "ldc1": 1.5913768592586306e-05, "sdxc1": 2.652294765431051e-06, "ldxc1": 2.652294765431051e-06, "sdc1": 5.304589530862102e-06, "dmfc1": 2.652294765431051e-06, "bltz": 0.000156485391160432, "ddivu": 0.0002705340660739672, "mfhi": 0.0001670945702221562, "dsllv": 0.00022014046553077722, "nor": 3.182753718517261e-05, "dmultu": 4.243671624689681e-05, "divu": 2.652294765431051e-05, "dsrlv": 0.0001458762120987078, "ins": 0.0001830083388147425, "mul": 0.00010343949585181098, "dinsm": 1.8566063358017358e-05, "seh": 2.652294765431051e-06, "dsrav": 2.652294765431051e-06, "wsbh": 2.652294765431051e-06, "rotr": 5.304589530862102e-06, "dsbh": 2.652294765431051e-06, "dshd": 2.652294765431051e-06, "div": 5.304589530862102e-06, "multu": 1.5913768592586306e-05, "dsra32": 7.956884296293153e-06, "srav": 2.652294765431051e-06, "srlv": 7.161195866663837e-05, "mult": 5.304589530862102e-06, "sub.d": 5.304589530862102e-06, "div.d": 2.652294765431051e-06}