{"or": 0.09463505670515371, "bal": 1.0254096511556366e-05, "nop": 0.08171489510059268, "lui": 0.011633272492360697, "addiu": 0.04185209491191731, "daddu": 0.02799881052480466, "ld": 0.21810463280080392, "daddiu": 0.11462029080617707, "and": 0.004511802465084801, "jalr": 0.05456717458624721, "b": 0.026183835442259183, "dsubu": 0.0034556305243944956, "sltiu": 0.00516293759356863, "bne": 0.03415126843173848, "beq": 0.046758680092697034, "jr": 0.011869116712126494, "dsra": 0.00018970078546379278, "dsrl32": 0.000251225364533131, "sd": 0.08277619408953878, "lbu": 0.015898976641168145, "sltu": 0.007654683045876828, "dsll": 0.009023604930169602, "sb": 0.0042964664383421175, "sw": 0.010331002235393039, "lw": 0.020287729948114272, "dext": 0.009546563852258978, "lb": 0.0005127048255778184, "sll": 0.008028957568548635, "blez": 0.0007382949488320584, "dsllv": 0.0005896105494144911, "andi": 0.012545887081889215, "dsll32": 0.0017483234552203605, "slt": 0.0009023604930169603, "lhu": 0.0018816267098705933, "slti": 0.000810073624412953, "bgtz": 0.00010766801337134185, "bltz": 0.000584483501158713, "dsbh": 1.0254096511556366e-05, "dshd": 1.0254096511556366e-05, "dsrl": 0.0011023153749923095, "movn": 0.0015586226697565677, "nor": 0.000307622895346691, "addu": 0.002035438157543939, "lwu": 0.0016970529726625786, "ori": 0.004450277886015463, "ldl": 0.0015483685732450114, "ldr": 0.0015483685732450114, "sdl": 0.0009741391685978548, "sdr": 0.0009741391685978548, "bgez": 0.00017944668895223642, "xori": 0.000810073624412953, "movz": 0.002840384733701114, "subu": 0.0017688316482434732, "seb": 0.00015893849592912368, "xor": 0.0022815364738212915, "sra": 0.00014868439941756733, "srl": 0.0014048112220832222, "ext": 0.0006203728389491601, "sh": 0.001394557125571666, "swl": 6.15245790693382e-05, "swr": 6.15245790693382e-05, "sllv": 0.000584483501158713, "dins": 0.00010254096511556367, "ldxc1": 5.127048255778183e-06, "dmfc1": 5.127048255778183e-06, "ddivu": 0.0004870695842989274, "teq": 0.0005639753081356001, "mfhi": 0.00031787699185824737, "mflo": 0.0012715079674329895, "dmult": 0.000866471155226513, "seh": 4.614343430200365e-05, "lwl": 8.715982034822912e-05, "lwr": 8.715982034822912e-05, "ddiv": 2.5635241278890918e-05, "divu": 5.1270482557781835e-05, "ins": 0.00022559012325424008, "dsrlv": 0.00038452861918336374, "dsra32": 0.00010766801337134185, "lh": 0.0001230491581386764, "srlv": 0.00022046307499846187, "dinsm": 7.690572383667275e-05, "dmultu": 8.715982034822912e-05, "mul": 0.0001845737372080146, "dextu": 1.0254096511556366e-05, "rotr": 1.0254096511556366e-05, "dinsu": 5.639753081356002e-05, "clz": 5.127048255778183e-06, "dclz": 5.127048255778183e-06, "mtlo": 1.538114476733455e-05, "mthi": 1.538114476733455e-05, "dsrav": 5.127048255778183e-06, "multu": 3.07622895346691e-05, "srav": 5.127048255778183e-06, "mult": 1.0254096511556366e-05, "ldc1": 1.538114476733455e-05, "sub.d": 1.0254096511556366e-05, "div.d": 5.127048255778183e-06, "dmtc1": 5.127048255778183e-06}