{"or": 0.07756980834110976, "bal": 8.972794487115067e-06, "nop": 0.0858472112554734, "lui": 0.010027097839351087, "addiu": 0.04545617687172493, "daddu": 0.02930963319216137, "ld": 0.20587628310961165, "daddiu": 0.10757034670877898, "and": 0.004840822625798579, "jalr": 0.04832747110760175, "b": 0.030117184696001723, "dsubu": 0.004643421147082047, "sltiu": 0.0057829660469456605, "bne": 0.03740309381953916, "beq": 0.051005850262005596, "jr": 0.007519201780202427, "dsra": 0.00023329265666499174, "dsrl32": 0.00030058861531835477, "sd": 0.07947652716962171, "lbu": 0.016200380446486255, "sltu": 0.007972327901801737, "dsll": 0.010955782068767498, "sb": 0.008685665063527385, "sw": 0.014908298040341684, "lw": 0.02464826645610509, "dext": 0.008528641160002872, "lb": 0.0006774459837771876, "slti": 0.0024271409087646256, "sll": 0.010592383892039337, "slt": 0.0021893618548560765, "andi": 0.014199447275859594, "xori": 0.0008524154762759314, "movz": 0.003337879549206805, "blez": 0.0006819323810207451, "ldl": 0.0016106166104371546, "ldr": 0.0016106166104371546, "bltz": 0.0007806331203790109, "dsrl": 0.0012113272557605342, "movn": 0.001816990883640801, "nor": 0.00025572464288277943, "addu": 0.003041777331132008, "subu": 0.0025168688536357764, "lwu": 0.001489483884861101, "ori": 0.005648374129638934, "sdl": 0.0011485176943507285, "sdr": 0.0011485176943507285, "bgez": 0.0001839422869858589, "dins": 9.870073935826573e-05, "xor": 0.002180389060368961, "dsll32": 0.0020727155265235805, "swl": 0.00020637427320364655, "swr": 0.00020637427320364655, "dinsu": 5.3836766922690404e-05, "bgtz": 0.0002961022180747972, "srl": 0.0018259636781279161, "lhu": 0.0020816883210106954, "sh": 0.0016689397746034024, "seb": 0.00045761251884286844, "dsllv": 0.0007582011341612232, "sra": 0.000403775751920178, "ext": 0.0006550139975593999, "sllv": 0.0005742588471753643, "ldxc1": 4.486397243557533e-06, "dmfc1": 4.486397243557533e-06, "ddivu": 0.0004441533271121958, "teq": 0.0005114492857655589, "mfhi": 0.0005922044361495945, "mflo": 0.0011574904888378436, "dmult": 0.0008210106955710287, "seh": 4.0377575192017805e-05, "lwl": 0.00015253750628095613, "lwr": 0.00015253750628095613, "ddiv": 2.2431986217787668e-05, "divu": 4.4863972435575336e-05, "ins": 0.000201887875960089, "dsrlv": 0.0003768573684588328, "dsra32": 0.00016599669801162874, "lh": 0.00010767353384538081, "srlv": 0.0002512382456392219, "dinsm": 8.075515038403561e-05, "dmultu": 8.524154762759314e-05, "mul": 0.00019740147871653147, "dextu": 8.972794487115067e-06, "rotr": 8.972794487115067e-06, "clz": 4.486397243557533e-06, "dclz": 4.486397243557533e-06, "mtlo": 1.3459191730672601e-05, "mthi": 1.3459191730672601e-05, "dsrav": 4.486397243557533e-06, "dsbh": 4.486397243557533e-06, "dshd": 4.486397243557533e-06, "multu": 5.3836766922690404e-05, "srav": 4.486397243557533e-06, "mult": 0.0002512382456392219, "ldc1": 1.3459191730672601e-05, "sub.d": 8.972794487115067e-06, "div.d": 4.486397243557533e-06, "dmtc1": 4.486397243557533e-06}