{"or": 0.08174076716404317, "bal": 6.0717375795018135e-06, "nop": 0.0814857541857041, "lui": 0.008035944686470651, "addiu": 0.045680717679381894, "daddu": 0.027690159231318023, "ld": 0.20911671397562198, "daddiu": 0.12020522473018716, "and": 0.003624827334962583, "jalr": 0.05363165803973952, "b": 0.030552983500053126, "dsubu": 0.004441476039405577, "sltiu": 0.007149470999863386, "bne": 0.03330348062356745, "beq": 0.05017380348821324, "jr": 0.008579365199836063, "dsra": 0.00018215212738505442, "dsrl32": 0.00023072602802106892, "sd": 0.07567813719091061, "lbu": 0.014617708222650617, "sltu": 0.009578166031664111, "dsll": 0.010355348441840344, "sb": 0.008421500022769016, "dext": 0.010525357094066394, "sll": 0.011408794911883909, "lw": 0.022781159398290805, "blez": 0.0006466400522169432, "sw": 0.015999028521987278, "movz": 0.0027292460419860655, "bgtz": 0.0002519771095493253, "bgez": 0.00024894124075957436, "slt": 0.0016363332776757388, "ldl": 0.0012173833846901138, "ldr": 0.0012173833846901138, "sdl": 0.0008652226050790085, "sdr": 0.0008621867362892576, "slti": 0.0018761669120660606, "ext": 0.0005919944140014269, "andi": 0.012850832587015588, "bltz": 0.0007528954598582249, "xori": 0.0006618193961656977, "movn": 0.0016059745897782298, "lhu": 0.0015999028521987279, "dsll32": 0.0017638397668452769, "srl": 0.0013145311859621427, "dsllv": 0.0011323790585770883, "ori": 0.004058956571896963, "ddivu": 0.000358232517190607, "teq": 0.0004523444496728851, "mflo": 0.001010944306987052, "dsra32": 0.00015179343948754534, "addu": 0.002246542904415671, "lwu": 0.0012143475159003627, "dmult": 0.0006952139528529576, "divu": 7.589671974377267e-05, "xor": 0.0017850908483735333, "subu": 0.001961171238179086, "lb": 0.000749859591068474, "mul": 0.0001851879961748053, "dmultu": 7.589671974377267e-05, "mfhi": 0.0004432368433036324, "dsrl": 0.0008864736866072648, "seb": 0.0003703759923496106, "ddiv": 1.8215212738505442e-05, "sh": 0.00123863446621837, "lh": 8.196845732327449e-05, "lwl": 0.00016393691464654898, "lwr": 0.00016393691464654898, "nor": 0.00023072602802106892, "swl": 0.0002246542904415671, "swr": 0.0002246542904415671, "sdc1": 1.2143475159003627e-05, "mov.d": 1.2143475159003627e-05, "dmfc1": 9.107606369252721e-06, "ldc1": 2.1251081528256348e-05, "sra": 0.0002884075350263362, "sllv": 0.0004766313999908924, "srlv": 0.00021251081528256348, "rotr": 1.5179343948754535e-05, "srav": 9.107606369252721e-06, "dsbh": 6.0717375795018135e-06, "dshd": 6.0717375795018135e-06, "ins": 0.00013964996432854173, "mtlo": 1.2143475159003627e-05, "mthi": 1.2143475159003627e-05, "dins": 6.678911337451995e-05, "dinsu": 3.6430425477010885e-05, "ldxc1": 3.0358687897509068e-06, "seh": 2.7322819107758163e-05, "dsrlv": 0.0002550129783390762, "dinsm": 5.464563821551633e-05, "dextu": 6.0717375795018135e-06, "clz": 3.0358687897509068e-06, "dclz": 3.0358687897509068e-06, "dsrav": 3.0358687897509068e-06, "multu": 3.6430425477010885e-05, "mult": 0.00017000865222605079, "sub.d": 6.0717375795018135e-06, "div.d": 3.0358687897509068e-06, "dmtc1": 3.0358687897509068e-06}