{"or": 0.10136512113426666, "bal": 8.30113185932902e-06, "nop": 0.08079491638684935, "lui": 0.010899386131299003, "addiu": 0.04379677168981991, "daddu": 0.02659682647729018, "ld": 0.21657237964396445, "daddiu": 0.11852356068749974, "and": 0.003868327446447323, "jalr": 0.058655797718018855, "b": 0.027372982306137442, "dsubu": 0.003071418787951737, "sltiu": 0.0053749828789155405, "bne": 0.03290153612445057, "beq": 0.047009309719380235, "jr": 0.011351797817632434, "dsra": 0.0001743237690459094, "dsrl32": 0.00021167886241289, "sd": 0.08170389032544588, "lbu": 0.014614142638348739, "sltu": 0.007010305855203357, "dsll": 0.008674682792998826, "sb": 0.004204523286750149, "sw": 0.010517534065769867, "lw": 0.019424648550829905, "bgez": 0.0001660226371865804, "sll": 0.007670245838020014, "slti": 0.0007388007354802828, "dext": 0.009745528802852269, "slt": 0.000821812054073573, "movz": 0.002689566722422602, "subu": 0.0015232576961868752, "blez": 0.0007014456421133022, "bgtz": 9.546301638228373e-05, "dsll32": 0.0016270218444284878, "dsra32": 0.00010791471417127725, "ori": 0.003884929710165981, "andi": 0.010965795186173634, "xori": 0.0007055962080429667, "lhu": 0.0016062690147801652, "sh": 0.0011829112899543852, "bltz": 0.0005769286642233668, "sllv": 0.0004939173456300766, "ldl": 0.0013157293997036496, "ldr": 0.0013157293997036496, "sdl": 0.0008342637518625665, "sdr": 0.0008301131859329019, "srl": 0.0011912124218137143, "dsrl": 0.0009214256363855211, "dins": 8.71618845229547e-05, "dinsu": 4.980679115597412e-05, "movn": 0.0013904395864376108, "ext": 0.0005644769664343733, "nor": 0.00027393735135785766, "lb": 0.0005063690434190702, "ddivu": 0.0004192071588961155, "teq": 0.0004814656478410831, "mflo": 0.0010542437461347855, "dmult": 0.0007180479058319602, "ins": 0.00019092603276456746, "dmultu": 7.471018673396117e-05, "mfhi": 0.00027808791728752214, "drotr": 4.15056592966451e-06, "dsllv": 0.0005561758345750443, "xor": 0.00203377730553561, "lwu": 0.0015232576961868752, "addu": 0.0016975814652327845, "sra": 0.00014526980753825784, "lh": 0.00010791471417127725, "sdc1": 1.245169778899353e-05, "mov.d": 1.245169778899353e-05, "ldc1": 2.490339557798706e-05, "seb": 0.00014526980753825784, "srlv": 0.00018262490090523842, "rotr": 2.075282964832255e-05, "mul": 0.00015772150532725136, "lwl": 7.471018673396117e-05, "lwr": 7.471018673396117e-05, "swl": 6.225848894496764e-05, "swr": 6.225848894496764e-05, "srav": 1.245169778899353e-05, "dmfc1": 8.30113185932902e-06, "ldxc1": 4.15056592966451e-06, "seh": 3.735509336698059e-05, "ddiv": 2.075282964832255e-05, "divu": 4.15056592966451e-05, "dsrlv": 0.00031129244472483824, "dinsm": 6.225848894496764e-05, "dextu": 8.30113185932902e-06, "clz": 4.15056592966451e-06, "dclz": 4.15056592966451e-06, "mtlo": 1.245169778899353e-05, "mthi": 1.245169778899353e-05, "dsrav": 4.15056592966451e-06, "dsbh": 4.15056592966451e-06, "dshd": 4.15056592966451e-06, "multu": 2.490339557798706e-05, "mult": 8.30113185932902e-06, "sub.d": 8.30113185932902e-06, "div.d": 4.15056592966451e-06, "dmtc1": 4.15056592966451e-06}