{"or": 0.07386751445917304, "bal": 1.7961705643567913e-05, "nop": 0.07352624205194526, "lui": 0.006717677910694399, "addiu": 0.03805187340589863, "daddu": 0.026771922261737975, "ld": 0.21510938678736932, "daddiu": 0.1680497180012214, "and": 0.0023978877034163165, "jalr": 0.06468010202248806, "b": 0.04896360958436613, "dsubu": 0.004589215791931602, "sltiu": 0.009268240112081043, "bne": 0.026017530624708123, "beq": 0.04233574020188957, "jr": 0.009825052987031648, "dsra": 0.0005837554334159571, "dsrl32": 0.00027840643747530265, "sd": 0.037126845565254876, "lbu": 0.011297912849804217, "sltu": 0.014010130401982972, "dsll": 0.011450587347774545, "sb": 0.005774688364407084, "dext": 0.01139670223084384, "lw": 0.016839099040844917, "sll": 0.013875417609656214, "dmult": 0.0005208894636634695, "mflo": 0.0007274490785645005, "andi": 0.01339045155727988, "sw": 0.008944929410496821, "ddivu": 0.00019757876207924705, "teq": 0.0002873872902970866, "lwu": 0.0014908215684161369, "movz": 0.0018769982397528469, "bltz": 0.0006466214031684449, "ori": 0.003475590042030391, "slti": 0.0009878938103962352, "slt": 0.000628659697524877, "ldl": 0.002748140963465891, "ldr": 0.002748140963465891, "xor": 0.0015806300966339764, "seb": 9.878938103962352e-05, "lhu": 0.001436936451485433, "ext": 0.0004490426410891978, "addu": 0.001239357689406186, "blez": 0.00038617667133671014, "bgez": 0.0012932428063368898, "dsrlv": 0.0002873872902970866, "xori": 0.0007005065200991486, "dsllv": 0.002272155763911341, "sllv": 0.00035923411287135825, "dsll32": 0.0016794194776735998, "dmultu": 0.00019757876207924705, "mfhi": 0.0003682149656931422, "dsrl": 0.0009070661350001796, "srlv": 0.00010777023386140747, "sh": 0.0007274490785645005, "sdc1": 3.5923411287135827e-05, "ldc1": 7.184682257427165e-05, "sdl": 0.0029816431368322738, "sdr": 0.0029816431368322738, "bgtz": 0.00016165535079211123, "subu": 0.0016973811833171678, "movn": 0.0012034342781190501, "nor": 0.0002245213205445989, "srl": 0.0006466214031684449, "dmtc1": 0.00017961705643567913, "sub.d": 8.980852821783956e-05, "dinsu": 8.980852821783956e-05, "add.d": 8.980852821783956e-05, "mul.d": 5.3885116930703737e-05, "div.d": 5.3885116930703737e-05, "dmfc1": 5.3885116930703737e-05, "lwl": 0.0007094873729209326, "lwr": 0.0007094873729209326, "swl": 0.0007723533426734203, "swr": 0.0007723533426734203, "dsra32": 2.6942558465351868e-05, "sra": 8.980852821783957e-06, "lb": 0.0003951575241584941, "dextu": 8.980852821783957e-06, "dinsm": 2.6942558465351868e-05, "divu": 8.082767539605561e-05, "ins": 8.980852821783957e-06, "multu": 8.980852821783956e-05, "drotr": 8.980852821783957e-06, "ddiv": 8.980852821783957e-06, "mul": 0.0001436936451485433, "lh": 8.980852821783957e-06, "dsbh": 8.980852821783957e-06, "dshd": 8.980852821783957e-06}