{"or": 0.07576233628786877, "bal": 8.268289456277286e-06, "nop": 0.08797046567006218, "lui": 0.010252678925783834, "addiu": 0.04504150681307051, "daddu": 0.029968415134277022, "ld": 0.20264337213917186, "daddiu": 0.1070908850377034, "and": 0.004630242095515279, "jalr": 0.04740623759756581, "b": 0.029625281121841512, "dsubu": 0.00545293689641487, "sltiu": 0.005659644132821801, "bne": 0.03997717952110068, "beq": 0.050721821669533006, "jr": 0.007185143537504961, "dsra": 0.0002232438153194867, "dsrl32": 0.0002811218415134277, "sd": 0.07941278608281518, "lbu": 0.016168640031750232, "sltu": 0.008508069850509326, "dsll": 0.010471788596375181, "sb": 0.009938483926445297, "sw": 0.014300006614631565, "lw": 0.023717588305331393, "dext": 0.008392313798121444, "lb": 0.0006490607223177669, "slti": 0.0027822794020373066, "sll": 0.01178644661992327, "slt": 0.0028773647307844953, "andi": 0.014444701680116417, "xori": 0.0008061582219870353, "movz": 0.0033775962428892713, "blez": 0.0006697314459584601, "ldl": 0.0015337676941394364, "ldr": 0.0015337676941394364, "bltz": 0.0007524143405212329, "dsrl": 0.0011038166424130176, "movn": 0.0017322066410900912, "nor": 0.00023564624950390265, "addu": 0.003170889006482339, "subu": 0.0026830599285619793, "lwu": 0.0014800238126736341, "ori": 0.006209485381664242, "sdl": 0.0012071702606164837, "sdr": 0.0012071702606164837, "bgez": 0.00018190236803810027, "dins": 9.095118401905014e-05, "xor": 0.0019802553247784097, "dsll32": 0.0019347797327688848, "swl": 0.0002480486836883186, "swr": 0.0002480486836883186, "dinsu": 4.960973673766371e-05, "bgtz": 0.00047956078846408257, "srl": 0.0016867310490805661, "lhu": 0.0021580235480883714, "sh": 0.0016040481545177934, "seb": 0.0004919632226484985, "dsllv": 0.000694536314327292, "sra": 0.0003803413149887551, "ext": 0.0006118534197645191, "sllv": 0.0005498412488424395, "ldxc1": 4.134144728138643e-06, "dmfc1": 4.134144728138643e-06, "ddivu": 0.0004175486175420029, "teq": 0.0004836949331922212, "mfhi": 0.0005581095382987168, "mflo": 0.0011079507871411562, "dmult": 0.0007896216430744807, "seh": 3.7207302553247787e-05, "lwl": 0.0001653657891255457, "lwr": 0.0001653657891255457, "ddiv": 2.0670723640693212e-05, "divu": 4.547559200952507e-05, "ins": 0.00021084138113507077, "dsrlv": 0.0003596705913480619, "dsra32": 0.00014882921021299115, "lh": 9.921947347532743e-05, "srlv": 0.00022737796004762534, "dinsm": 6.614631565021828e-05, "dmultu": 7.854874983463421e-05, "mul": 0.00018190236803810027, "dextu": 8.268289456277286e-06, "rotr": 8.268289456277286e-06, "clz": 4.134144728138643e-06, "dclz": 4.134144728138643e-06, "mtlo": 1.2402434184415928e-05, "mthi": 1.2402434184415928e-05, "dsrav": 4.134144728138643e-06, "dsbh": 4.134144728138643e-06, "dshd": 4.134144728138643e-06, "multu": 4.960973673766371e-05, "srav": 4.134144728138643e-06, "mult": 0.00023978039423204128, "ldc1": 1.2402434184415928e-05, "sub.d": 8.268289456277286e-06, "div.d": 4.134144728138643e-06, "dmtc1": 4.134144728138643e-06}