{"or": 0.0775388108910675, "bal": 8.733815148802376e-06, "nop": 0.08580973383698334, "lui": 0.010061355051420336, "addiu": 0.04504465162994825, "daddu": 0.029393654883294394, "ld": 0.20748487958252362, "daddiu": 0.10767047315443569, "and": 0.00474246162579969, "jalr": 0.04895303390903732, "b": 0.03021026659970742, "dsubu": 0.004572152230398044, "sltiu": 0.005742483460337562, "bne": 0.037144915827856506, "beq": 0.050760933644839405, "jr": 0.007598419179458067, "dsra": 0.00023581300901766414, "dsrl32": 0.0002925828074848796, "sd": 0.07949955239197362, "lbu": 0.016122622764689187, "sltu": 0.007838599096050131, "dsll": 0.01110504596170222, "sb": 0.008655210812463154, "sw": 0.01500032751806808, "lw": 0.024428480971200244, "bgez": 0.00019651084084805346, "slti": 0.0024148998886438567, "sll": 0.010567916330050874, "slt": 0.0021528854341797857, "subu": 0.002471669687111072, "addu": 0.0029956985960392147, "movn": 0.0017991659206532894, "xor": 0.002135417803882181, "dsrl": 0.001183431952662722, "dext": 0.008397563265573484, "bgtz": 0.0002969497150592808, "bltz": 0.0007773095482434114, "ori": 0.005528504989191904, "blez": 0.0007161728422017948, "movz": 0.0031485403611432564, "dsll32": 0.002069914190266163, "andi": 0.013926068254765387, "ldl": 0.0015895543570820323, "ldr": 0.0015895543570820323, "sdl": 0.001165964322365117, "sdr": 0.001165964322365117, "nor": 0.0002532806393152689, "sh": 0.001628856525251643, "dsrlv": 0.0003886547741217057, "lb": 0.0006768706740321841, "lh": 0.00015720867267844275, "lhu": 0.0021223170811589774, "seh": 6.113670604161663e-05, "sra": 0.00040612240441931046, "srl": 0.0017816982903556846, "dsra32": 0.0001790432105504487, "dinsm": 8.297124391362256e-05, "lwu": 0.0014498133147011945, "xori": 0.0007598419179458066, "dins": 9.607196663682613e-05, "swl": 0.00020087774842245465, "swr": 0.00020087774842245465, "dinsu": 5.240289089281426e-05, "seb": 0.00044542457258892114, "dsllv": 0.0007380073800738007, "ext": 0.0006375685058625734, "sllv": 0.0005589641695233521, "ldxc1": 4.366907574401188e-06, "dmfc1": 4.366907574401188e-06, "ddivu": 0.0004323238498657176, "teq": 0.0004978274634817354, "mfhi": 0.0005764317998209568, "mflo": 0.0011266621541955065, "dmult": 0.0007991440861154173, "lwl": 0.0001484748575296404, "lwr": 0.0001484748575296404, "ddiv": 2.183453787200594e-05, "divu": 4.366907574401188e-05, "ins": 0.00019651084084805346, "srlv": 0.0002445468241664665, "dmultu": 8.297124391362256e-05, "mul": 0.00019214393327365227, "dextu": 8.733815148802376e-06, "rotr": 8.733815148802376e-06, "clz": 4.366907574401188e-06, "dclz": 4.366907574401188e-06, "mtlo": 1.3100722723203564e-05, "mthi": 1.3100722723203564e-05, "dsrav": 4.366907574401188e-06, "dsbh": 4.366907574401188e-06, "dshd": 4.366907574401188e-06, "multu": 5.240289089281426e-05, "srav": 4.366907574401188e-06, "mult": 0.0002445468241664665, "ldc1": 1.3100722723203564e-05, "sub.d": 8.733815148802376e-06, "div.d": 4.366907574401188e-06, "dmtc1": 4.366907574401188e-06}