{"or": 0.10461285008237232, "bal": 0.0006177924217462932, "nop": 0.07763591433278419, "lui": 0.010090609555189456, "addiu": 0.04242174629324547, "daddu": 0.02182866556836903, "ld": 0.20696046128500822, "daddiu": 0.15547775947281714, "and": 0.001029654036243822, "jalr": 0.08093080724876442, "b": 0.035626029654036245, "dsubu": 0.0018533772652388797, "sltiu": 0.0030889621087314663, "bne": 0.0214168039538715, "beq": 0.04468698517298188, "jr": 0.010502471169686986, "dsra": 0.0008237232289950577, "dsrl32": 0.0012355848434925864, "sd": 0.06981054365733114, "lbu": 0.030477759472817133, "sltu": 0.0026771004942339376, "dsll": 0.015032948929159802, "sb": 0.007619439868204283, "sw": 0.0055601317957166396, "lw": 0.008237232289950576, "dext": 0.0037067545304777594, "bltz": 0.0012355848434925864, "slti": 0.0008237232289950577, "bgez": 0.0008237232289950577, "slt": 0.001441515650741351, "ori": 0.00020593080724876442, "sll": 0.008031301482701812, "andi": 0.005971993410214168, "ldl": 0.0012355848434925864, "ldr": 0.0012355848434925864, "xori": 0.001029654036243822, "movz": 0.0016474464579901153, "sh": 0.0008237232289950577, "sdl": 0.0012355848434925864, "sdr": 0.0012355848434925864, "lhu": 0.0006177924217462932, "dsrl": 0.0018533772652388797, "dsll32": 0.0030889621087314663, "dsbh": 0.00020593080724876442, "dshd": 0.00020593080724876442, "xor": 0.00041186161449752884, "dmult": 0.0006177924217462932, "mflo": 0.0006177924217462932, "movn": 0.0006177924217462932, "lb": 0.00020593080724876442, "dsllv": 0.00020593080724876442, "subu": 0.00020593080724876442, "addu": 0.00020593080724876442}