{"or": 0.07569570978963061, "bal": 8.28225940036442e-06, "nop": 0.08808596985257579, "lui": 0.010261719397051516, "addiu": 0.04505135000828226, "daddu": 0.02994864999171774, "ld": 0.20245983104190823, "daddiu": 0.10703577936060957, "and": 0.004642206393904257, "jalr": 0.04733725360278284, "b": 0.029671194301805533, "dsubu": 0.005470432333940699, "sltiu": 0.00566092430014908, "bne": 0.04002815968196124, "beq": 0.050799238032135166, "jr": 0.0071848600298161334, "dsra": 0.00022362100380983932, "dsrl32": 0.0002815968196123903, "sd": 0.07947656120589697, "lbu": 0.016253934073215175, "sltu": 0.008530727182375353, "dsll": 0.010489481530561538, "sb": 0.009963558058638397, "sw": 0.014282756335928442, "lw": 0.023616862680139142, "dext": 0.008410634421070068, "sll": 0.01180636077521948, "subu": 0.0026917343051184365, "movz": 0.0032632102037435814, "blez": 0.0006791452708298824, "ldl": 0.0015363591187675999, "ldr": 0.0015363591187675999, "sdl": 0.0012133510021533874, "sdr": 0.0012133510021533874, "andi": 0.01444840152393573, "bltz": 0.0007536856054331622, "bgtz": 0.0004845121749213185, "bgez": 0.00019049196620838166, "dsllv": 0.0006998509193307935, "xor": 0.0019877422560874605, "dsrl": 0.00110568162994865, "slt": 0.0028698028822262715, "movn": 0.0017351333443763458, "nor": 0.00023604439291038595, "addu": 0.0031762464800397547, "lwu": 0.0014825244326652312, "ori": 0.006219976809673679, "slti": 0.0027745568991220807, "xori": 0.0007412622163326156, "seb": 0.000492794434321683, "sra": 0.0003809839324167633, "srl": 0.0016895809176743415, "ext": 0.000612887195626967, "sh": 0.0016067583236706975, "swl": 0.00024846778201093256, "swr": 0.00024846778201093256, "sllv": 0.0005507702501242338, "dsll32": 0.001938048699685274, "lb": 0.0006460162332284248, "dins": 9.110485340400861e-05, "ldxc1": 4.14112970018221e-06, "dmfc1": 4.14112970018221e-06, "ddivu": 0.0004182540997184032, "teq": 0.0004845121749213185, "mfhi": 0.0005590525095245983, "mflo": 0.0011098227596488322, "dmult": 0.000790955772734802, "seh": 3.727016730163989e-05, "lwl": 0.00016564518800728838, "lwr": 0.00016564518800728838, "ddiv": 2.0705648500911048e-05, "divu": 4.5552426702004304e-05, "ins": 0.00021119761470929268, "dsrlv": 0.00036027828391585226, "lhu": 0.0021616697034951135, "dsra32": 0.00014908066920655955, "lh": 9.938711280437304e-05, "srlv": 0.00022776213351002154, "dinsm": 6.625807520291536e-05, "dmultu": 7.868146430346198e-05, "mul": 0.00018220970680801721, "dextu": 8.28225940036442e-06, "rotr": 8.28225940036442e-06, "dinsu": 4.969355640218652e-05, "clz": 4.14112970018221e-06, "dclz": 4.14112970018221e-06, "mtlo": 1.242338910054663e-05, "mthi": 1.242338910054663e-05, "dsrav": 4.14112970018221e-06, "dsbh": 4.14112970018221e-06, "dshd": 4.14112970018221e-06, "multu": 4.969355640218652e-05, "srav": 4.14112970018221e-06, "mult": 0.00024018552261056818, "ldc1": 1.242338910054663e-05, "sub.d": 8.28225940036442e-06, "div.d": 4.14112970018221e-06, "dmtc1": 4.14112970018221e-06}