{"or": 0.07173158834844738, "bal": 1.717504809013465e-05, "nop": 0.07731347897774114, "lui": 0.0071018823852706785, "addiu": 0.037982618851332785, "daddu": 0.026097485572959604, "ld": 0.21300494641384995, "daddiu": 0.16677830447925254, "and": 0.0029626957955482276, "jalr": 0.063393102500687, "b": 0.04781533388293487, "dsubu": 0.004534212695795548, "sltiu": 0.009360401209123386, "bne": 0.030013396537510305, "beq": 0.04266281945589448, "jr": 0.009257350920582578, "dsra": 0.0005581890629293762, "dsrl32": 0.00028338829348722175, "sd": 0.03616206375377851, "lbu": 0.01153304479252542, "sltu": 0.01621324539708711, "dsll": 0.011112256114317121, "sb": 0.005719291014014839, "dext": 0.011275419071173399, "lw": 0.01654815883484474, "sll": 0.013688513327837317, "dmult": 0.0004980763946139049, "mflo": 0.0006955894476504534, "andi": 0.013688513327837317, "sw": 0.008922437482824952, "ddivu": 0.00018892552899148118, "teq": 0.0002748007694421544, "lwu": 0.0014341165155262435, "movz": 0.0018720802418246772, "bltz": 0.0006268892552899148, "ori": 0.003366309425666392, "slti": 0.0009789777411376751, "slt": 0.0006526518274251168, "ldl": 0.0026277823577906018, "ldr": 0.0026277823577906018, "xor": 0.0015114042319318494, "seb": 0.00010305028854080792, "lhu": 0.0014255289914811761, "ext": 0.000815814784281396, "addu": 0.0012537785105798296, "blez": 0.00034350096180269305, "dsll32": 0.0016230420445177247, "dsrlv": 0.0002748007694421544, "xori": 0.0006784143995603188, "bgez": 0.0013053036548502336, "dsllv": 0.0022069936795823027, "sllv": 0.00031773838966749106, "dmultu": 0.00018892552899148118, "mfhi": 0.0003520884858477604, "dsrl": 0.0008673399285518, "movn": 0.0015972794723825227, "srlv": 0.00010305028854080792, "sh": 0.0007127644957405881, "sdc1": 3.43500961802693e-05, "ldc1": 6.87001923605386e-05, "sdl": 0.0028510579829623523, "sdr": 0.0028510579829623523, "bgtz": 0.00020610057708161583, "subu": 0.0016402170926078593, "nor": 0.00021468810112668316, "srl": 0.0006526518274251168, "dmtc1": 0.00017175048090134652, "dinsu": 8.587524045067326e-05, "sub.d": 8.587524045067326e-05, "add.d": 8.587524045067326e-05, "mul.d": 5.152514427040396e-05, "div.d": 5.152514427040396e-05, "dmfc1": 5.152514427040396e-05, "lwl": 0.0006784143995603188, "lwr": 0.0006784143995603188, "swl": 0.0007385270678757901, "swr": 0.0007385270678757901, "dsra32": 2.576257213520198e-05, "sra": 8.587524045067326e-06, "lb": 0.0003864385820280297, "dextu": 8.587524045067326e-06, "dinsm": 2.576257213520198e-05, "divu": 7.728771640560593e-05, "ins": 8.587524045067326e-06, "multu": 8.587524045067326e-05, "drotr": 8.587524045067326e-06, "ddiv": 8.587524045067326e-06, "mul": 0.0001374003847210772, "lh": 8.587524045067326e-06, "dsbh": 8.587524045067326e-06, "dshd": 8.587524045067326e-06}