{"or": 0.07565751265245167, "bal": 8.296689620841284e-06, "nop": 0.08806521198041982, "lui": 0.01027545009541193, "addiu": 0.045233551812826685, "daddu": 0.030009126358582924, "ld": 0.20218202937028126, "daddiu": 0.10696507093669626, "and": 0.00465444287729196, "jalr": 0.04720401559777649, "b": 0.029702148842611797, "dsubu": 0.005471666804944827, "sltiu": 0.00568323239027628, "bne": 0.04008130755828424, "beq": 0.05083381730689455, "jr": 0.007184933211648552, "dsra": 0.00022401061976271466, "dsrl32": 0.00028208744710860365, "sd": 0.07943665477474487, "lbu": 0.01622832489836555, "sltu": 0.00853314527503526, "dsll": 0.010507757404795487, "sb": 0.009972620924251224, "sw": 0.014286899527088691, "lw": 0.0236538621090185, "dext": 0.008446030034016427, "ori": 0.006239110594872646, "sll": 0.01182278270969883, "slt": 0.002887247988052767, "slti": 0.0027876877126026714, "andi": 0.014465278353936779, "xor": 0.001991205509001908, "addu": 0.003185928814403053, "dsrl": 0.0011076080643823115, "movn": 0.0017381564755662492, "blez": 0.0006678835144777234, "nor": 0.0002364556541939766, "bltz": 0.0007467020658757156, "subu": 0.0026922757819629966, "lwu": 0.00148510744213059, "ldl": 0.0015348875798556377, "ldr": 0.0015348875798556377, "sdl": 0.0012113166846428275, "sdr": 0.0012113166846428275, "bgez": 0.00018252717165850825, "xori": 0.000742553721065295, "movz": 0.003256450676180204, "seb": 0.0004936530324400564, "dsllv": 0.0006969219281506678, "sra": 0.00038164772255869906, "srl": 0.001692524682651622, "ext": 0.0006139550319422551, "sh": 0.0016095577864432091, "swl": 0.0002489006886252385, "swr": 0.0002489006886252385, "sllv": 0.0005517298597859454, "dsll32": 0.0019414253712768605, "lb": 0.0006471417904256202, "dins": 9.126358582925412e-05, "ldxc1": 4.148344810420642e-06, "dmfc1": 4.148344810420642e-06, "ddivu": 0.00041898282585248485, "teq": 0.0004853563428192151, "mfhi": 0.0005600265494067867, "mflo": 0.0011117564091927322, "dmult": 0.0007923338587903427, "seh": 3.733510329378578e-05, "lwl": 0.00016593379241682568, "lwr": 0.00016593379241682568, "ddiv": 2.074172405210321e-05, "divu": 4.563179291462706e-05, "ins": 0.00021156558533145275, "dsrlv": 0.0003609059985065959, "lhu": 0.0021654359910395753, "dsra32": 0.0001493404131751431, "lh": 9.95602754500954e-05, "srlv": 0.00022815896457313532, "dinsm": 6.637351696673027e-05, "dmultu": 7.88185513979922e-05, "mul": 0.00018252717165850825, "dextu": 8.296689620841284e-06, "bgtz": 0.00048120799800879446, "rotr": 8.296689620841284e-06, "dinsu": 4.97801377250477e-05, "clz": 4.148344810420642e-06, "dclz": 4.148344810420642e-06, "mtlo": 1.2445034431261926e-05, "mthi": 1.2445034431261926e-05, "dsrav": 4.148344810420642e-06, "dsbh": 4.148344810420642e-06, "dshd": 4.148344810420642e-06, "multu": 4.97801377250477e-05, "srav": 4.148344810420642e-06, "mult": 0.00024060399900439723, "ldc1": 1.2445034431261926e-05, "sub.d": 8.296689620841284e-06, "div.d": 4.148344810420642e-06, "dmtc1": 4.148344810420642e-06}