{"or": 0.053501036508737825, "bal": 5.370511594934533e-06, "nop": 0.17974028205926898, "lui": 0.006197570380554452, "addiu": 0.021216206055788875, "daddu": 0.01695470510520832, "ld": 0.26212930043715965, "daddiu": 0.060533721442304594, "and": 0.0018984758488093576, "jalr": 0.028689272940140276, "b": 0.09754191684299847, "dsubu": 0.002003200824910581, "sltiu": 0.0019280136625814976, "bne": 0.020305904340447472, "beq": 0.024159246409813, "jr": 0.005555794244959775, "dsra": 9.935446450628887e-05, "dsrl32": 0.00010741023189869067, "sd": 0.0930843922192028, "lbu": 0.00882106529467997, "sltu": 0.0037593581164541735, "dsll": 0.007099816328503453, "sb": 0.0029725781677962643, "sw": 0.02841269159300115, "lw": 0.03314679756393594, "dext": 0.0029537813772139935, "sll": 0.004425301554226055, "lb": 0.0027040525880495376, "bgtz": 5.3705115949345335e-05, "slt": 0.0005558479500757242, "bltz": 0.00016380060364550326, "slti": 0.0004967723225314443, "lhu": 0.0019656072437460393, "andi": 0.005990805684149472, "bgez": 0.00021213520799991407, "dsbh": 5.370511594934533e-06, "dshd": 5.370511594934533e-06, "dsrl": 0.0007491863674933674, "lwu": 0.0035176850946821193, "subu": 0.0008485408319996563, "ori": 0.002185798219138355, "ldl": 0.0009613215754932815, "ldr": 0.0009613215754932815, "sdl": 0.00045917874136690263, "sdr": 0.00045917874136690263, "xori": 0.00012352176668349428, "movn": 0.0002577845565568576, "sra": 8.0557673924018e-05, "srl": 0.00117882729508813, "addu": 0.0010526202726071686, "movz": 7.518716232908347e-05, "ext": 0.0010579907842021032, "xor": 0.0010821580863793084, "sh": 0.000915672226936338, "sllv": 0.00029537813772139934, "lwl": 7.518716232908347e-05, "lwr": 7.518716232908347e-05, "swl": 3.7593581164541734e-05, "swr": 3.7593581164541734e-05, "ldc1": 1.61115347848036e-05, "sdxc1": 2.6852557974672666e-06, "dins": 6.176088334174714e-05, "ldxc1": 2.6852557974672666e-06, "sdc1": 5.370511594934533e-06, "dmfc1": 2.6852557974672666e-06, "ddivu": 0.0002738960913416612, "teq": 0.00031954543989860476, "mfhi": 0.0001691711152404378, "dsll32": 0.0005424216710883878, "mflo": 0.0006927959957465548, "dmult": 0.00047797553194917346, "dsllv": 0.00022287623118978314, "dinsu": 4.2964092759476265e-05, "nor": 3.22230695696072e-05, "ddiv": 1.3426278987336334e-05, "divu": 2.6852557974672667e-05, "dsrlv": 0.00014768906886069967, "blez": 0.0001772268826328396, "ins": 0.00018528265002524142, "lh": 8.324292972148526e-05, "dmultu": 4.2964092759476265e-05, "dextu": 0.00031954543989860476, "mul": 0.0001047249761012234, "dinsm": 1.8796790582270867e-05, "seh": 2.6852557974672666e-06, "dsrav": 2.6852557974672666e-06, "wsbh": 2.6852557974672666e-06, "rotr": 5.370511594934533e-06, "div": 5.370511594934533e-06, "multu": 1.61115347848036e-05, "dsra32": 8.0557673924018e-06, "srav": 2.6852557974672666e-06, "srlv": 7.25019065316162e-05, "mult": 5.370511594934533e-06, "sub.d": 5.370511594934533e-06, "div.d": 2.6852557974672666e-06}