{"or": 0.10078777562250109, "bal": 7.19758449064494e-06, "nop": 0.07875596949663694, "lui": 0.010180983262017267, "addiu": 0.04178197796819388, "daddu": 0.026818199812143045, "ld": 0.21779170910242523, "daddiu": 0.12419432038607843, "and": 0.003454840555509571, "jalr": 0.06075121189328861, "b": 0.027253653673827063, "dsubu": 0.003710354804927466, "sltiu": 0.0058264446451770785, "bne": 0.031435450262891775, "beq": 0.04600336127195713, "jr": 0.01323275908605072, "dsra": 0.00015834685879418867, "dsrl32": 0.00020513115798338077, "sd": 0.07796063641042067, "lbu": 0.014107265601664082, "sltu": 0.008503946075696996, "dsll": 0.008572323128358122, "sb": 0.003926282339646815, "dext": 0.009752726984823892, "sll": 0.009597978918275027, "lw": 0.018998024263057318, "blez": 0.0007089620723285266, "sw": 0.010260156691414361, "movz": 0.0026379147158213704, "bgtz": 0.00010436497511435163, "bgez": 0.00015834685879418867, "slt": 0.0008133270474428782, "xor": 0.0019181562667568764, "ldl": 0.0011408171417672229, "ldr": 0.0011408171417672229, "sdl": 0.0007305548258004613, "sdr": 0.0007269560335551389, "slti": 0.000842117385405458, "ext": 0.0006153934739501424, "andi": 0.010216971184470491, "movn": 0.0014143253524117306, "bltz": 0.0006153934739501424, "xori": 0.000712560864573849, "srl": 0.001072440089106096, "dsllv": 0.0004822381608732109, "ori": 0.0034044574640750562, "dsll32": 0.0015690734189605967, "ddivu": 0.000413861108212084, "teq": 0.0005290224600624031, "mflo": 0.0011660086874844802, "dsra32": 8.637101388773927e-05, "addu": 0.0015726722112059193, "lwu": 0.0021340838014762245, "lhu": 0.0014647084438462452, "dmult": 0.000773740332744331, "divu": 9.356859837838422e-05, "subu": 0.0013999301834304407, "mul": 0.00019433478124741336, "dmultu": 6.837705266112692e-05, "mfhi": 0.0002627118339085403, "dsrl": 0.0008313210086694906, "seb": 0.0001547480665488662, "ddiv": 2.1592753471934817e-05, "sh": 0.0011048292193139983, "lh": 9.716739062370668e-05, "lwl": 7.557463715177186e-05, "lwr": 7.557463715177186e-05, "nor": 0.00025911304166321785, "swl": 6.117946817048199e-05, "swr": 6.117946817048199e-05, "lb": 0.0004642441996465986, "sdc1": 1.439516898128988e-05, "mov.d": 1.439516898128988e-05, "dmfc1": 1.0796376735967409e-05, "ldc1": 2.519154571725729e-05, "sra": 0.00012235893634096398, "sllv": 0.0004642441996465986, "srlv": 0.00016194565103951113, "rotr": 1.799396122661235e-05, "srav": 1.0796376735967409e-05, "dsbh": 7.19758449064494e-06, "dshd": 7.19758449064494e-06, "ins": 0.00016194565103951113, "mtlo": 1.439516898128988e-05, "mthi": 1.439516898128988e-05, "dins": 7.19758449064494e-05, "dinsu": 3.958671469854717e-05, "ldxc1": 3.59879224532247e-06, "seh": 3.238913020790223e-05, "dsrlv": 0.00026990941839918523, "dinsm": 5.3981883679837045e-05, "dextu": 7.19758449064494e-06, "clz": 3.59879224532247e-06, "dclz": 3.59879224532247e-06, "dsrav": 3.59879224532247e-06, "multu": 2.1592753471934817e-05, "mult": 7.19758449064494e-06, "sub.d": 7.19758449064494e-06, "div.d": 3.59879224532247e-06, "dmtc1": 3.59879224532247e-06}