{"or": 0.054181611759150414, "bal": 5.023560498739086e-06, "nop": 0.17892164250334067, "lui": 0.006096090665219881, "addiu": 0.020636786528820165, "daddu": 0.01737147220463976, "ld": 0.264776803207041, "daddiu": 0.060330449809607056, "and": 0.0018009464387979625, "jalr": 0.029591283117822588, "b": 0.09656036812651335, "dsubu": 0.0020219831007424823, "sltiu": 0.001836111362289136, "bne": 0.01964212155006983, "beq": 0.02419095558167807, "jr": 0.005438004239885061, "dsra": 0.0001105183309722599, "dsrl32": 0.00014819503471280305, "sd": 0.09093900392842431, "lbu": 0.008705830344314837, "sltu": 0.0038832122655253136, "dsll": 0.007786518773045583, "sb": 0.0027805407360520845, "sw": 0.02899096763822327, "sll": 0.004207231917693985, "lw": 0.03263053721955973, "andi": 0.00594036028975897, "slti": 0.00046216756588399595, "addu": 0.0010147592207452954, "lwu": 0.0036872934060744895, "dext": 0.002840823462036953, "subu": 0.0008113050205463625, "slt": 0.000555103435110669, "blez": 0.00017833639770523755, "dmtc1": 0.0001908952989520853, "cvt.d.l": 4.270026423928224e-05, "ldc1": 0.0004722146868814741, "mul.d": 5.023560498739086e-05, "div.d": 0.0001105183309722599, "sdc1": 0.00012056545196973807, "dmfc1": 0.00013061257296721624, "dsll32": 0.0006605982055841898, "sub.d": 8.037696797982538e-05, "dinsu": 8.791230872793401e-05, "add.d": 9.795942972541218e-05, "bltz": 0.00015573037546091168, "c.eq.d": 2.0094241994956345e-05, "bc1f": 3.5164923491173605e-05, "c.olt.d": 2.2606022244325888e-05, "c.ule.d": 3.265314324180406e-05, "bc1t": 3.5164923491173605e-05, "lb": 0.002554480513608825, "xor": 0.001077553726979534, "bgtz": 5.274738523676041e-05, "trunc.l.d": 2.0094241994956345e-05, "movn": 0.0002963900694256061, "ori": 0.0021701781354552855, "mult": 7.535340748108629e-06, "mfhi": 0.00016577749645838984, "srl": 0.0011152304307200773, "multu": 1.7582461745586803e-05, "ext": 0.0010624830454833167, "dmultu": 4.270026423928224e-05, "dsrl": 0.0007233927118184284, "bgez": 0.00020094241994956345, "lhu": 0.0018461584832866142, "lwl": 7.284162723171675e-05, "lwr": 7.284162723171675e-05, "nor": 3.265314324180406e-05, "ddiv": 1.5070681496217258e-05, "teq": 0.00030392541017371474, "mflo": 0.0006555746450854508, "dmult": 0.0004496086646371482, "ddivu": 0.00025871336568506295, "ldl": 0.000901729109523666, "ldr": 0.000901729109523666, "sdl": 0.0004320262028915614, "sdr": 0.0004320262028915614, "abs.d": 2.511780249369543e-06, "movt": 1.0047120997478173e-05, "j": 5.023560498739086e-06, "c.ult.d": 2.511780249369543e-06, "c.ole.d": 2.511780249369543e-06, "mov.d": 2.511780249369543e-06, "xori": 0.00012056545196973807, "movz": 7.284162723171675e-05, "sra": 7.535340748108629e-05, "sh": 0.0008565170650350143, "sllv": 0.00027629582743064974, "swl": 3.5164923491173605e-05, "swr": 3.5164923491173605e-05, "sdxc1": 2.511780249369543e-06, "dins": 5.7770945735499493e-05, "ldxc1": 2.511780249369543e-06, "dsllv": 0.00020847776069767208, "divu": 2.511780249369543e-05, "dsrlv": 0.00013814791371532487, "ins": 0.00017331283720649847, "lh": 7.786518773045584e-05, "dextu": 0.00029890184967497563, "mul": 9.795942972541218e-05, "dinsm": 1.7582461745586803e-05, "seh": 2.511780249369543e-06, "dsrav": 2.511780249369543e-06, "wsbh": 2.511780249369543e-06, "rotr": 5.023560498739086e-06, "dsbh": 2.511780249369543e-06, "dshd": 2.511780249369543e-06, "div": 5.023560498739086e-06, "dsra32": 7.535340748108629e-06, "srav": 2.511780249369543e-06, "srlv": 6.781806673297767e-05}