{"or": 0.07746447162232749, "bal": 9.005925899241701e-06, "nop": 0.08594355085646355, "lui": 0.010050613303553738, "addiu": 0.04566454727210505, "daddu": 0.029350312505628702, "ld": 0.20538914605810624, "daddiu": 0.10743169005205425, "and": 0.0048677029485401395, "jalr": 0.048114159116698786, "b": 0.030201372503107043, "dsubu": 0.00466056665285758, "sltiu": 0.005808822205010897, "bne": 0.0375141843332913, "beq": 0.051126641329995136, "jr": 0.007519948125866821, "dsra": 0.00023415407338028422, "dsrl32": 0.000301698517624597, "sd": 0.07949981087555612, "lbu": 0.01626470217403051, "sltu": 0.00799726219852663, "dsll": 0.010996235522974117, "sb": 0.008717736270465966, "sw": 0.014895801437345774, "lw": 0.024586177704929844, "dext": 0.008587150344926962, "ori": 0.005678236279471892, "sll": 0.010626992561105207, "slt": 0.0021974459194149753, "slti": 0.002431599992795259, "andi": 0.014220356994902646, "xor": 0.002192942956465354, "addu": 0.0030575118427925577, "dsrl": 0.0012157999963976296, "movn": 0.0018236999945964445, "blez": 0.0006799474053927484, "nor": 0.0002566688881283885, "bltz": 0.0007745096273347863, "subu": 0.002526162214737297, "lwu": 0.0014949836992741224, "ldl": 0.0016120607359642646, "ldr": 0.0016120607359642646, "sdl": 0.0011527585151029378, "sdr": 0.0011527585151029378, "bgez": 0.00018462148093445488, "xori": 0.000783515553234028, "movz": 0.0032061096201300454, "seb": 0.00045930222086132676, "dsllv": 0.0007610007384859237, "sra": 0.00040526666546587657, "srl": 0.0018327059204956862, "ext": 0.0006574325906446442, "sh": 0.0016751022172589564, "swl": 0.00020713629568255913, "swr": 0.00020713629568255913, "sllv": 0.0005763792575514689, "dsll32": 0.002080368882724833, "lb": 0.0006754444424431276, "dins": 9.90651848916587e-05, "ldxc1": 4.502962949620851e-06, "dmfc1": 4.502962949620851e-06, "ddivu": 0.0004457933320124642, "teq": 0.000513337776256777, "mfhi": 0.0005943911093499523, "mflo": 0.0011617644410021795, "dmult": 0.0008240422197806157, "seh": 4.052666654658766e-05, "lwl": 0.0001531007402871089, "lwr": 0.0001531007402871089, "ddiv": 2.2514814748104254e-05, "divu": 4.502962949620851e-05, "ins": 0.00020263333273293828, "dsrlv": 0.00037824888776815145, "lhu": 0.0020893748086240746, "dsra32": 0.00016660962913597147, "lh": 0.00010807111079090041, "srlv": 0.00025216592517876763, "dinsm": 8.105333309317531e-05, "dmultu": 8.555629604279616e-05, "mul": 0.0001981303697833174, "dextu": 9.005925899241701e-06, "bgtz": 0.00029719555467497613, "rotr": 9.005925899241701e-06, "dinsu": 5.4035555395450205e-05, "clz": 4.502962949620851e-06, "dclz": 4.502962949620851e-06, "mtlo": 1.3508888848862551e-05, "mthi": 1.3508888848862551e-05, "dsrav": 4.502962949620851e-06, "dsbh": 4.502962949620851e-06, "dshd": 4.502962949620851e-06, "multu": 5.4035555395450205e-05, "srav": 4.502962949620851e-06, "mult": 0.00025216592517876763, "ldc1": 1.3508888848862551e-05, "sub.d": 9.005925899241701e-06, "div.d": 4.502962949620851e-06, "dmtc1": 4.502962949620851e-06}