{"or": 0.09456662089319752, "bal": 1.0247791600910003e-05, "nop": 0.08171076632985591, "lui": 0.011661986841835585, "addiu": 0.041688016232501894, "daddu": 0.0280687011948925, "ld": 0.21839581070279354, "daddiu": 0.11475989424279068, "and": 0.004488532721198582, "jalr": 0.05469758766985715, "b": 0.02611137299911869, "dsubu": 0.0034535057695066714, "sltiu": 0.005144391383656822, "bne": 0.03409952655202804, "beq": 0.046724805804349165, "jr": 0.01190280994445697, "dsra": 0.00018958414461683507, "dsrl32": 0.0002459469984218401, "sd": 0.08273554548994691, "lbu": 0.01583796191920641, "sltu": 0.007655100325879773, "dsll": 0.008982189338197619, "sb": 0.004232337931175832, "sw": 0.010355393412719559, "lw": 0.020331618536205447, "dext": 0.009515074501444938, "lb": 0.0004970178926441351, "slti": 0.0008146994322723453, "sll": 0.008008649136111169, "slt": 0.0008915578692791703, "andi": 0.01250742964891066, "xori": 0.0008351950154741653, "movz": 0.002889877231456621, "blez": 0.0007275932036646103, "ldl": 0.0015525404275378656, "ldr": 0.0015525404275378656, "bltz": 0.0005892480170523253, "dsrl": 0.0010965137012973704, "movn": 0.0015576643233383206, "nor": 0.0003074337480273001, "addu": 0.002034186632780636, "lwu": 0.0016960095099506057, "ori": 0.004447541554794942, "sdl": 0.0009735402020864504, "sdr": 0.0009735402020864504, "bgez": 0.00017933635301592508, "subu": 0.0017677440511569757, "dins": 0.00010247791600910003, "xor": 0.002280133631202476, "swl": 6.148674960546002e-05, "swr": 6.148674960546002e-05, "dsll32": 0.0017370006763542457, "dinsu": 5.636285380500502e-05, "srl": 0.0014039474493246706, "sh": 0.0013936996577237606, "bgtz": 0.00010247791600910003, "seb": 0.00015884076981410506, "dsllv": 0.0005738763296509602, "sra": 0.00014859297821319506, "ext": 0.0006199913918550552, "sllv": 0.0005841241212518702, "ldxc1": 5.123895800455002e-06, "dmfc1": 5.123895800455002e-06, "ddivu": 0.0004867701010432252, "teq": 0.0005636285380500502, "mfhi": 0.0003176815396282101, "mflo": 0.0012707261585128405, "dmult": 0.0008659383902768953, "seh": 4.611506220409502e-05, "lwl": 8.710622860773504e-05, "lwr": 8.710622860773504e-05, "ddiv": 2.561947900227501e-05, "divu": 5.123895800455002e-05, "ins": 0.0002254514152200201, "dsrlv": 0.0003842921850341251, "lhu": 0.0018702219671660758, "dsra32": 0.00010760181180955505, "lh": 0.00012297349921092004, "srlv": 0.0002203275194195651, "dinsm": 7.685843700682503e-05, "dmultu": 8.710622860773504e-05, "mul": 0.00018446024881638008, "dextu": 1.0247791600910003e-05, "rotr": 1.0247791600910003e-05, "clz": 5.123895800455002e-06, "dclz": 5.123895800455002e-06, "mtlo": 1.5371687401365005e-05, "mthi": 1.5371687401365005e-05, "dsrav": 5.123895800455002e-06, "dsbh": 5.123895800455002e-06, "dshd": 5.123895800455002e-06, "multu": 3.074337480273001e-05, "srav": 5.123895800455002e-06, "mult": 1.0247791600910003e-05, "ldc1": 1.5371687401365005e-05, "sub.d": 1.0247791600910003e-05, "div.d": 5.123895800455002e-06, "dmtc1": 5.123895800455002e-06}