{"or": 0.053515679479889715, "bal": 5.364173756316315e-06, "nop": 0.17967568205469311, "lui": 0.006209031122936134, "addiu": 0.021183122163693127, "daddu": 0.01697224576498482, "ld": 0.262345645900162, "daddiu": 0.060588342577592776, "and": 0.0018908712491015008, "jalr": 0.028730514638830182, "b": 0.09744558045724216, "dsubu": 0.0020008368111059855, "sltiu": 0.001925738378517557, "bne": 0.020255120103850405, "beq": 0.02417633111971763, "jr": 0.005568012359056335, "dsra": 9.923721449185182e-05, "dsrl32": 0.00010460138824816814, "sd": 0.09316765188657991, "lbu": 0.008816019568505864, "sltu": 0.0037576037162995782, "dsll": 0.007061934750190428, "sb": 0.0029583418266084477, "sw": 0.028363068736522515, "lw": 0.03312377294525324, "lb": 0.002676722704401841, "sll": 0.0044227612620828015, "slt": 0.0005471457231442641, "xori": 0.00013678643078606601, "movz": 8.85088669792192e-05, "bgtz": 5.364173756316314e-05, "srl": 0.0011801182263895891, "andi": 0.0059864179120490075, "bgez": 0.00021456695025265257, "bltz": 0.00016092521268948944, "slti": 0.00048813981182478465, "lwu": 0.003513533810387186, "dsrl": 0.0007429380652498095, "subu": 0.0008475394534979777, "ori": 0.00218321871882074, "ldl": 0.0009601871023806203, "ldr": 0.0009601871023806203, "sdl": 0.0004586368561650449, "sdr": 0.0004586368561650449, "dext": 0.002947613479095815, "movn": 0.0002574803403031831, "dins": 6.168799819763762e-05, "xor": 0.0010808810118977375, "lhu": 0.0019525592472991386, "swl": 3.7549216294214204e-05, "swr": 3.7549216294214204e-05, "blez": 0.0001770177339584384, "dsll32": 0.0005417815493879478, "dinsu": 4.291339005053052e-05, "addu": 0.0010513780562379977, "dextu": 0.00031916833850082073, "sra": 8.046260634474472e-05, "ext": 0.001056742229994314, "sh": 0.0009145916254519316, "sllv": 0.0002950295565973973, "lwl": 7.509843258842841e-05, "lwr": 7.509843258842841e-05, "ldc1": 1.6092521268948942e-05, "sdxc1": 2.6820868781581573e-06, "ldxc1": 2.6820868781581573e-06, "sdc1": 5.364173756316315e-06, "dmfc1": 2.6820868781581573e-06, "ddivu": 0.00027357286157213203, "teq": 0.00031916833850082073, "mfhi": 0.00016897147332396392, "mflo": 0.0006919784145648046, "dmult": 0.000477411464312152, "dsllv": 0.00022261321088712705, "nor": 3.2185042537897884e-05, "ddiv": 1.3410434390790786e-05, "divu": 2.682086878158157e-05, "dsrlv": 0.00014751477829869864, "ins": 0.00018506399459291284, "lh": 8.314469322290287e-05, "dmultu": 4.291339005053052e-05, "mul": 0.00010460138824816814, "dinsm": 1.8774608147107102e-05, "seh": 2.6820868781581573e-06, "dsrav": 2.6820868781581573e-06, "wsbh": 2.6820868781581573e-06, "rotr": 5.364173756316315e-06, "dsbh": 2.6820868781581573e-06, "dshd": 2.6820868781581573e-06, "div": 5.364173756316315e-06, "multu": 1.6092521268948942e-05, "dsra32": 8.046260634474471e-06, "srav": 2.6820868781581573e-06, "srlv": 7.241634571027024e-05, "mult": 5.364173756316315e-06, "sub.d": 5.364173756316315e-06, "div.d": 2.6820868781581573e-06}