{"or": 0.09463717540798522, "bal": 1.0263779123473262e-05, "nop": 0.08177666016627322, "lui": 0.011644257415580417, "addiu": 0.04163502001436929, "daddu": 0.02799958944883506, "ld": 0.21828492250846762, "daddiu": 0.11467207225700503, "and": 0.004500667145643026, "jalr": 0.05464436005337165, "b": 0.026146977317048136, "dsubu": 0.003469157343733963, "sltiu": 0.005142153340860105, "bne": 0.0341270655855486, "beq": 0.046782305244791135, "jr": 0.011880324335420302, "dsra": 0.00018987991378425535, "dsrl32": 0.0002463306989633583, "sd": 0.08278764240993534, "lbu": 0.01592425331006877, "sltu": 0.0076773067843580005, "dsll": 0.008996202401724315, "sb": 0.004249204557117931, "sw": 0.010315098019090628, "lw": 0.02026069998973622, "dext": 0.009535050805706661, "sll": 0.00802627527455609, "subu": 0.0017756337883608744, "movz": 0.002858462485887304, "blez": 0.0007389920968900749, "ldl": 0.0015549625372061992, "ldr": 0.0015549625372061992, "sdl": 0.0009801909062916966, "sdr": 0.0009801909062916966, "andi": 0.012501282972390435, "bltz": 0.0005901672995997126, "bgtz": 0.00010776968079646927, "bgez": 0.00018987991378425535, "dsllv": 0.0005799035204762394, "xor": 0.0022888227445345376, "dsrl": 0.0010982243662116392, "slt": 0.000877553115056964, "movn": 0.001560094426767936, "nor": 0.0003079133737041979, "addu": 0.0020373601560094426, "lwu": 0.001698655444934825, "ori": 0.004454480139587396, "slti": 0.0008005747716309145, "xori": 0.0008108385507543878, "seb": 0.00015908857641383557, "sra": 0.00014882479729036232, "srl": 0.001406137739915837, "ext": 0.0006209586369701324, "sh": 0.0013958739607923638, "swl": 6.158267474083957e-05, "swr": 6.158267474083957e-05, "sllv": 0.0005850354100379759, "dins": 0.00010263779123473263, "dsll32": 0.001739710561428718, "lb": 0.0004926613979267166, "ldxc1": 5.131889561736631e-06, "dmfc1": 5.131889561736631e-06, "ddivu": 0.00048752950836498, "teq": 0.0005645078517910294, "mfhi": 0.00031817715282767115, "mflo": 0.0012727086113106846, "dmult": 0.0008672893359334907, "seh": 4.618700605562968e-05, "lwl": 8.724212254952274e-05, "lwr": 8.724212254952274e-05, "ddiv": 2.5659447808683157e-05, "divu": 5.1318895617366314e-05, "ins": 0.00022580314071641178, "dsrlv": 0.0003848917171302474, "lhu": 0.0018731396900338705, "dsra32": 0.00010776968079646927, "lh": 0.00012316534948167914, "srlv": 0.00022067125115467516, "dinsm": 7.697834342604947e-05, "dmultu": 8.724212254952274e-05, "mul": 0.00018474802422251873, "dextu": 1.0263779123473262e-05, "rotr": 1.0263779123473262e-05, "dinsu": 5.6450785179102946e-05, "clz": 5.131889561736631e-06, "dclz": 5.131889561736631e-06, "mtlo": 1.5395668685209893e-05, "mthi": 1.5395668685209893e-05, "dsrav": 5.131889561736631e-06, "dsbh": 5.131889561736631e-06, "dshd": 5.131889561736631e-06, "multu": 3.0791337370419785e-05, "srav": 5.131889561736631e-06, "mult": 1.0263779123473262e-05, "ldc1": 1.5395668685209893e-05, "sub.d": 1.0263779123473262e-05, "div.d": 5.131889561736631e-06, "dmtc1": 5.131889561736631e-06}