{"or": 0.07749793410699529, "bal": 8.982143498724535e-06, "nop": 0.08595013113929507, "lui": 0.010024072144576582, "addiu": 0.045678690762763624, "daddu": 0.029281787805841987, "ld": 0.2055204253943161, "daddiu": 0.10745338267524163, "and": 0.004863830704559336, "jalr": 0.04818470879890777, "b": 0.0302204218014587, "dsubu": 0.004648259260589947, "sltiu": 0.005797973628426688, "bne": 0.03746002946143068, "beq": 0.05107695900549707, "jr": 0.007509071964933712, "dsra": 0.00023353573096683791, "dsrl32": 0.00030539287895663423, "sd": 0.07952789853770705, "lbu": 0.016266661876190133, "sltu": 0.00798063449861675, "dsll": 0.010998634714188193, "sb": 0.008748607767757698, "sw": 0.014887902849135918, "lw": 0.024566162469011606, "dext": 0.00855549168253512, "lb": 0.0006916250494017893, "sll": 0.010612402543743038, "blez": 0.0006916250494017893, "dsllv": 0.0007724643408903101, "andi": 0.014241188517227752, "dsll32": 0.0020838572917040925, "slt": 0.002196134085438149, "bltz": 0.0007769554126396723, "bgtz": 0.00030988395070599646, "lhu": 0.002092839435202817, "slti": 0.0024251787446556245, "dsbh": 8.982143498724535e-06, "dshd": 8.982143498724535e-06, "dsrl": 0.0012170804440771745, "movn": 0.0018188840584917184, "nor": 0.0002559910897136493, "addu": 0.0030449466460676176, "subu": 0.002519491251392232, "lwu": 0.001491035820788273, "ori": 0.005654259332447095, "ldl": 0.001607803686271692, "ldr": 0.001607803686271692, "sdl": 0.0011497143678367405, "sdr": 0.0011497143678367405, "bgez": 0.00018413394172385299, "xori": 0.0007814464843890346, "movz": 0.0031976430855459345, "seb": 0.0004580893184349513, "xor": 0.0021826608701900623, "sra": 0.0004041964574426041, "srl": 0.001827866201990443, "ext": 0.0006556964754068911, "sh": 0.0016706786907627637, "swl": 0.00020658930047066432, "swr": 0.00020658930047066432, "sllv": 0.0005748571839183702, "dins": 9.88035784859699e-05, "ldxc1": 4.4910717493622675e-06, "dmfc1": 4.4910717493622675e-06, "ddivu": 0.0004446161031868645, "teq": 0.0005119821794272986, "mfhi": 0.0005928214709158194, "mflo": 0.0011586965113354651, "dmult": 0.000821866130133295, "seh": 4.041964574426041e-05, "lwl": 0.00015269643947831712, "lwr": 0.00015269643947831712, "ddiv": 2.245535874681134e-05, "divu": 4.491071749362268e-05, "ins": 0.00020209822872130205, "dsrlv": 0.0003772500269464305, "dsra32": 0.0001661696547264039, "lh": 0.00010778572198469443, "srlv": 0.000251500017964287, "dinsm": 8.083929148852082e-05, "dmultu": 8.533036323788309e-05, "mul": 0.0001976071569719398, "dextu": 8.982143498724535e-06, "rotr": 8.982143498724535e-06, "dinsu": 5.3892860992347213e-05, "clz": 4.4910717493622675e-06, "dclz": 4.4910717493622675e-06, "mtlo": 1.3473215248086803e-05, "mthi": 1.3473215248086803e-05, "dsrav": 4.4910717493622675e-06, "multu": 5.3892860992347213e-05, "srav": 4.4910717493622675e-06, "mult": 0.000251500017964287, "ldc1": 1.3473215248086803e-05, "sub.d": 8.982143498724535e-06, "div.d": 4.4910717493622675e-06, "dmtc1": 4.4910717493622675e-06}