{"or": 0.07969788978717776, "bal": 5.627984590578191e-06, "nop": 0.08397515807601719, "lui": 0.008138065717976064, "addiu": 0.04567109495254202, "daddu": 0.028083643106985173, "ld": 0.20565218492431767, "daddiu": 0.11912473583647328, "and": 0.003503420407634924, "jalr": 0.0523852805691018, "b": 0.029895854145151352, "dsubu": 0.00494699845511823, "sltiu": 0.007454265590220814, "bne": 0.036266732701685865, "beq": 0.0502691583630444, "jr": 0.008123995756499618, "dsra": 0.00017446752230792392, "dsrl32": 0.00021667740673726035, "sd": 0.07542343549063363, "lbu": 0.014725621681247837, "sltu": 0.010470865330770724, "dsll": 0.009930578810075218, "sb": 0.009508479965781854, "dext": 0.01035830563895916, "sll": 0.012114236831219555, "lw": 0.022435960570339957, "blez": 0.0006218922972588901, "sw": 0.015904684452973966, "movz": 0.0027436424879068682, "bgtz": 0.0003798889598640279, "bgez": 0.00024763132198544043, "slt": 0.0021301921675338452, "ldl": 0.0011621788179543965, "ldr": 0.0011621788179543965, "sdl": 0.0009032915267877997, "sdr": 0.0009004775344925106, "slti": 0.0021358201521244234, "ext": 0.00055998446676253, "andi": 0.01294155056603455, "bltz": 0.0007091260584128521, "xori": 0.0006275202818494683, "movn": 0.0016686974311064336, "lhu": 0.0016546274696299882, "dsll32": 0.0016602554542205663, "srl": 0.0012269006407460456, "dsllv": 0.0010636890876192782, "ori": 0.004451735811147349, "ddivu": 0.00034049306772998057, "teq": 0.00043054082117923164, "mflo": 0.0009680133495794488, "dsra32": 0.00013788562246916567, "addu": 0.0023412415896805275, "lwu": 0.0012015747100884437, "dmult": 0.0006669161739835157, "divu": 7.316379967751648e-05, "xor": 0.0016349295235629645, "subu": 0.0020682843370374853, "lb": 0.0007175680352987194, "mul": 0.00017165353001263482, "dmultu": 7.034980738222739e-05, "mfhi": 0.00041928485199807525, "dsrl": 0.0008132437733385486, "seb": 0.00039114492904518427, "ddiv": 1.6883953771734572e-05, "sh": 0.0011931327332025765, "lh": 7.597779197280558e-05, "lwl": 0.00016883953771734572, "lwr": 0.00016883953771734572, "nor": 0.00021386341444197126, "swl": 0.00024763132198544043, "swr": 0.00024763132198544043, "sdc1": 1.1255969181156382e-05, "mov.d": 1.1255969181156382e-05, "dmfc1": 8.441976885867286e-06, "ldc1": 1.969794606702367e-05, "sra": 0.0002729572526430423, "sllv": 0.0004558667518368335, "srlv": 0.0001941654683749476, "rotr": 1.4069961476445478e-05, "srav": 8.441976885867286e-06, "dsbh": 5.627984590578191e-06, "dshd": 5.627984590578191e-06, "ins": 0.00014632759935503297, "mtlo": 1.1255969181156382e-05, "mthi": 1.1255969181156382e-05, "dins": 6.190783049636011e-05, "dinsu": 3.3767907543469144e-05, "ldxc1": 2.8139922952890955e-06, "seh": 2.5325930657601858e-05, "dsrlv": 0.0002448173296901513, "dinsm": 4.502387672462553e-05, "dextu": 5.627984590578191e-06, "clz": 2.8139922952890955e-06, "dclz": 2.8139922952890955e-06, "dsrav": 2.8139922952890955e-06, "multu": 3.3767907543469144e-05, "mult": 0.00016321155312676753, "sub.d": 5.627984590578191e-06, "div.d": 2.8139922952890955e-06, "dmtc1": 2.8139922952890955e-06}