{"or": 0.05476234300088524, "bal": 4.382389804808358e-06, "nop": 0.181100067488803, "lui": 0.005850490389419158, "addiu": 0.021217340239979666, "daddu": 0.0162016951083765, "ld": 0.26404555932441076, "daddiu": 0.06262654150561384, "and": 0.0016455873717055385, "jalr": 0.03113907075806579, "b": 0.09671715179721806, "dsubu": 0.001812118184288256, "sltiu": 0.0021320326400392662, "bne": 0.020533687430429562, "beq": 0.023886215631107956, "jr": 0.005401295434426302, "dsra": 0.00010079496551059224, "dsrl32": 9.203018590097552e-05, "sd": 0.09179353685151587, "lbu": 0.007629740650171351, "sltu": 0.0034818086999202406, "dsll": 0.006902263942573164, "sb": 0.00278939111076052, "sw": 0.029447468293409763, "lw": 0.0322456241837799, "bgez": 0.00022569307494763044, "sll": 0.003924430070205885, "slti": 0.0004382389804808358, "andi": 0.005304882858720518, "lwu": 0.0035322061826755366, "slt": 0.0005061660224553653, "bgtz": 5.25886776577003e-05, "lb": 0.002887994881368708, "dext": 0.002863891737442262, "ori": 0.0019545458529445277, "blez": 0.0001796779819971427, "srl": 0.0009860377060818806, "addu": 0.00088086035076648, "subu": 0.0007165207330861665, "lh": 8.983899099857135e-05, "sh": 0.0007778741903534835, "movn": 0.0002541786086788848, "ldl": 0.0008238892833039713, "ldr": 0.0008238892833039713, "dsrl": 0.0006420201064044244, "sdl": 0.0003966062773351564, "sdr": 0.0003966062773351564, "dsll32": 0.0005236955816745988, "dins": 5.25886776577003e-05, "bltz": 0.00015995722787550507, "nor": 3.725031334087104e-05, "lhu": 0.0016806464901440053, "ddivu": 0.00023664904945965134, "teq": 0.0002738993628005224, "mflo": 0.0005828578440395117, "dmult": 0.00040317986204236895, "ins": 0.00015338364316829254, "dmultu": 3.725031334087104e-05, "mfhi": 0.00014900125336348417, "dsllv": 0.0001993987361187803, "xor": 0.000955360977448222, "sra": 7.888301648655044e-05, "xori": 0.00010955974512020895, "mov.d": 8.764779609616716e-06, "sdc1": 1.972075412163761e-05, "ldc1": 1.972075412163761e-05, "movz": 6.792704197452955e-05, "ext": 0.0009268754437169678, "srav": 6.573584707212537e-06, "dsra32": 8.764779609616716e-06, "swl": 3.2867923536062684e-05, "swr": 3.2867923536062684e-05, "dmfc1": 4.382389804808358e-06, "dinsu": 3.505911843846686e-05, "dextu": 0.0002607521933860973, "sllv": 0.0002410314392644597, "lwl": 6.135345726731701e-05, "lwr": 6.135345726731701e-05, "sdxc1": 2.191194902404179e-06, "ldxc1": 2.191194902404179e-06, "ddiv": 1.0955974512020895e-05, "divu": 2.191194902404179e-05, "dsrlv": 0.00012051571963222984, "mul": 8.545660119376299e-05, "dinsm": 1.5338364316829252e-05, "seh": 2.191194902404179e-06, "dsrav": 2.191194902404179e-06, "wsbh": 2.191194902404179e-06, "rotr": 4.382389804808358e-06, "dsbh": 2.191194902404179e-06, "dshd": 2.191194902404179e-06, "div": 4.382389804808358e-06, "multu": 1.3147169414425074e-05, "srlv": 5.9162262364912836e-05, "mult": 4.382389804808358e-06, "sub.d": 4.382389804808358e-06, "div.d": 2.191194902404179e-06}