{"or": 0.08156333596437028, "bal": 7.143086742073853e-06, "nop": 0.08419913497219554, "lui": 0.008860999103542613, "addiu": 0.04709437089049291, "daddu": 0.027518741673839515, "ld": 0.20672450185898833, "daddiu": 0.11215003339393052, "and": 0.004064416356240022, "jalr": 0.05209096006657357, "b": 0.03184745223953627, "dsubu": 0.004150133397144908, "sltiu": 0.0063716333739298765, "bne": 0.035161844487858536, "beq": 0.0509623523613259, "jr": 0.0069966534638613385, "dsra": 0.0002035779721491048, "dsrl32": 0.00024643649260154793, "sd": 0.08186334560753739, "lbu": 0.0149433374644185, "sltu": 0.007375237061191252, "dsll": 0.010343189602522939, "sb": 0.009203867267162158, "sw": 0.016854113167923256, "lw": 0.023286462779160758, "bgez": 0.0001892917986649571, "sll": 0.009568164691007925, "slti": 0.0020072073745227527, "dext": 0.009343157458632598, "dsll32": 0.001935776507102014, "ori": 0.004746581140108075, "slt": 0.0018322017493419432, "movz": 0.0029679525413316855, "subu": 0.002132211392509045, "blez": 0.0006464493501576837, "bgtz": 0.00024643649260154793, "dsra32": 0.00018572025529392015, "sh": 0.0013964734580754381, "andi": 0.012428970931208504, "xor": 0.001885774899907497, "dsllv": 0.0006821647838680529, "xori": 0.0006714501537549421, "lhu": 0.0017286269915818722, "lb": 0.0007535956512887915, "bltz": 0.0007785964548860499, "sllv": 0.0004750152683479112, "ldl": 0.0013500433942519581, "ldr": 0.0013500433942519581, "sdl": 0.0009750313402930808, "sdr": 0.0009714597969220439, "dsrl": 0.0009928890571482656, "dins": 8.21454975338493e-05, "movn": 0.0015571929097720999, "srl": 0.001503619759206546, "ext": 0.0005678753959948712, "nor": 0.00022500723237532636, "dmultu": 7.143086742073852e-05, "mfhi": 0.0004893014418320589, "drotr": 3.5715433710369263e-06, "addu": 0.0025429388801782916, "ins": 0.00016786253843873553, "ddivu": 0.0003785835973299142, "teq": 0.00043215674789546805, "mflo": 0.0009464589933247854, "dmult": 0.0006678786103839052, "lwu": 0.001303613330428478, "sra": 0.0003428681636195449, "seb": 0.0004071559442982096, "lh": 9.286012764696007e-05, "sdc1": 1.0714630113110779e-05, "mov.d": 1.0714630113110779e-05, "ldc1": 2.1429260226221557e-05, "srlv": 0.00020714951552014172, "rotr": 1.785771685518463e-05, "mul": 0.0001642909950676986, "lwl": 0.00012500401798629243, "lwr": 0.00012500401798629243, "swl": 0.00019643488540703095, "swr": 0.00019643488540703095, "srav": 1.0714630113110779e-05, "dmfc1": 7.143086742073853e-06, "dinsu": 4.2858520452443114e-05, "ldxc1": 3.5715433710369263e-06, "seh": 3.214389033933234e-05, "ddiv": 1.785771685518463e-05, "divu": 3.571543371036926e-05, "dsrlv": 0.0003000096431671018, "dinsm": 6.428778067866467e-05, "dextu": 7.143086742073853e-06, "clz": 3.5715433710369263e-06, "dclz": 3.5715433710369263e-06, "mtlo": 1.0714630113110779e-05, "mthi": 1.0714630113110779e-05, "dsrav": 3.5715433710369263e-06, "dsbh": 3.5715433710369263e-06, "dshd": 3.5715433710369263e-06, "multu": 4.2858520452443114e-05, "mult": 0.00020000642877806787, "sub.d": 7.143086742073853e-06, "div.d": 3.5715433710369263e-06, "dmtc1": 3.5715433710369263e-06}