{"or": 0.054283149257782326, "bal": 5.21953358247907e-06, "nop": 0.17935622272793703, "lui": 0.006250391465018686, "addiu": 0.02109996450717164, "daddu": 0.017075704115080276, "ld": 0.26314539532747355, "daddiu": 0.060499613754514896, "and": 0.001873812556109986, "jalr": 0.029151095058145605, "b": 0.09697893396246111, "dsubu": 0.0019860325281332862, "sltiu": 0.0019233981251435372, "bne": 0.020105643359709376, "beq": 0.023939390776040254, "jr": 0.00560838883437376, "dsra": 9.917113806710232e-05, "dsrl32": 0.00010178090485834186, "sd": 0.09270152619161952, "lbu": 0.008669645280497735, "sltu": 0.0036928200096039416, "dsll": 0.007197736810238637, "sb": 0.002951646240891914, "sw": 0.028644800300645135, "lw": 0.033110111280455976, "sh": 0.0008925402426039209, "ori": 0.002166106436728814, "lb": 0.002630644925569451, "bgtz": 7.046370336346744e-05, "addu": 0.0010569555504520117, "bltz": 0.00016702507463933023, "slti": 0.0005010752239179907, "subu": 0.0008325156064054116, "dext": 0.0029203290393970396, "lh": 0.0001122199720233, "blez": 0.00019051297576048605, "lhu": 0.0019338371923084954, "sll": 0.004397457043238616, "lwu": 0.0034370628640624673, "srl": 0.0011509071549366348, "sra": 8.873207090214419e-05, "xor": 0.0010595653172432511, "slt": 0.0005454412593690628, "andi": 0.0058380483120028396, "bgez": 0.00022183017725536046, "ldl": 0.0009603941791761488, "ldr": 0.0009603941791761488, "dsll32": 0.0005376119589953442, "sdl": 0.0004697580224231163, "sdr": 0.0004697580224231163, "dsrl": 0.0007333444683383092, "xori": 0.0001200492723970186, "movn": 0.00025053761195899536, "dins": 6.00246361985093e-05, "swl": 3.653673507735349e-05, "swr": 3.653673507735349e-05, "dinsu": 4.175626865983256e-05, "dextu": 0.00031056224815750465, "movz": 7.307347015470698e-05, "ext": 0.0010282481157483766, "sllv": 0.00028707434703634883, "lwl": 7.307347015470698e-05, "lwr": 7.307347015470698e-05, "ldc1": 1.565860074743721e-05, "sdxc1": 2.609766791239535e-06, "ldxc1": 2.609766791239535e-06, "sdc1": 5.21953358247907e-06, "dmfc1": 2.609766791239535e-06, "dsra32": 7.829300373718605e-06, "ddivu": 0.00026619621270643256, "teq": 0.00031056224815750465, "mfhi": 0.0001644153078480907, "mflo": 0.0006733198321398, "dmult": 0.0004645384888406372, "dsllv": 0.00021661064367288138, "nor": 3.131720149487442e-05, "ddiv": 1.3048833956197674e-05, "divu": 2.6097667912395348e-05, "dsrlv": 0.00014353717351817442, "ins": 0.0001800739085955279, "dmultu": 4.175626865983256e-05, "mul": 0.00010178090485834186, "dinsm": 1.8268367538676745e-05, "seh": 2.609766791239535e-06, "dsrav": 2.609766791239535e-06, "wsbh": 2.609766791239535e-06, "rotr": 5.21953358247907e-06, "dsbh": 2.609766791239535e-06, "dshd": 2.609766791239535e-06, "div": 5.21953358247907e-06, "multu": 1.565860074743721e-05, "srav": 2.609766791239535e-06, "srlv": 7.046370336346744e-05, "mult": 5.21953358247907e-06, "sub.d": 5.21953358247907e-06, "div.d": 2.609766791239535e-06}