{"or": 0.09451194815714864, "bal": 1.012555690562981e-05, "nop": 0.08197144592952613, "lui": 0.011664641555285541, "addiu": 0.0415097205346294, "daddu": 0.02793134872417983, "ld": 0.21916261644390442, "daddiu": 0.11463649250708789, "and": 0.004485621709194006, "jalr": 0.05491089509923046, "b": 0.026108748481166465, "dsubu": 0.00343762656946132, "sltiu": 0.005164034021871203, "bne": 0.03404718509518023, "beq": 0.04672944511948157, "jr": 0.011902592142567841, "dsra": 0.0001923855812069664, "dsrl32": 0.00024301336573511544, "sd": 0.08263466990684487, "lbu": 0.015892061563385986, "sltu": 0.007644795463750506, "dsll": 0.008950992304576752, "sb": 0.004247671121911705, "sw": 0.010216686917780477, "lw": 0.020266302146618065, "dext": 0.009447144592952612, "sll": 0.007973876063183475, "subu": 0.0017618469015795869, "slti": 0.00079485621709194, "slt": 0.0008809234507897934, "addu": 0.002014985824220332, "lb": 0.0005265289590927501, "dsllv": 0.000582219522073714, "dsll32": 0.0017314702308626974, "seb": 0.00016200891049007697, "blez": 0.0007543539894694208, "movz": 0.0028554070473876063, "ldl": 0.0015340218712029162, "ldr": 0.0015340218712029162, "sdl": 0.0009669906844876468, "sdr": 0.0009669906844876468, "andi": 0.012383556095585257, "lh": 0.00013163223977318751, "movn": 0.0015593357634669906, "bltz": 0.0006125961927906034, "lhu": 0.00185803969218307, "ext": 0.0006176589712434184, "lwu": 0.0016960307816929932, "dmult": 0.0008707978938841636, "mflo": 0.001275820170109356, "ori": 0.004414742810854597, "srl": 0.0013922640745240987, "xor": 0.002288375860672337, "ddiv": 3.037667071688943e-05, "teq": 0.0005619684082624545, "dsrl": 0.0010834345889023896, "nor": 0.00030376670716889426, "bgez": 0.00017719724584852167, "xori": 0.000799918995544755, "dins": 0.0001012555690562981, "swl": 6.075334143377886e-05, "swr": 6.075334143377886e-05, "dinsu": 5.5690562980963955e-05, "sh": 0.0013770757391656542, "bgtz": 0.0001012555690562981, "sra": 0.00014682057513163224, "sllv": 0.0005771567436208991, "ldxc1": 5.062778452814905e-06, "dmfc1": 5.062778452814905e-06, "ddivu": 0.00048096395301741596, "mfhi": 0.0003138922640745241, "seh": 4.5565006075334146e-05, "lwl": 8.606723369785339e-05, "lwr": 8.606723369785339e-05, "dmultu": 8.606723369785339e-05, "divu": 5.062778452814905e-05, "ins": 0.00022276225192385582, "dsrlv": 0.00037970838396111787, "dsra32": 0.000106318347509113, "srlv": 0.0002176994734710409, "dinsm": 7.594167679222357e-05, "mul": 0.00018226002430133658, "dextu": 1.012555690562981e-05, "rotr": 1.012555690562981e-05, "clz": 5.062778452814905e-06, "dclz": 5.062778452814905e-06, "mtlo": 1.5188335358444715e-05, "mthi": 1.5188335358444715e-05, "dsrav": 5.062778452814905e-06, "dsbh": 5.062778452814905e-06, "dshd": 5.062778452814905e-06, "multu": 3.037667071688943e-05, "srav": 5.062778452814905e-06, "mult": 1.012555690562981e-05, "ldc1": 1.5188335358444715e-05, "sub.d": 1.012555690562981e-05, "div.d": 5.062778452814905e-06, "dmtc1": 5.062778452814905e-06}