{"or": 0.05508224078065134, "bal": 3.74161877394636e-06, "nop": 0.18265086206896552, "lui": 0.005367352131226054, "addiu": 0.020350664511494254, "daddu": 0.01641822318007663, "ld": 0.26138013350095785, "daddiu": 0.0644325460967433, "and": 0.0014199443247126437, "jalr": 0.03241551424808429, "b": 0.09823245929118773, "dsubu": 0.0022618085488505745, "sltiu": 0.0026771282327586205, "bne": 0.019858641642720307, "beq": 0.023865915349616858, "jr": 0.005073635057471265, "dsra": 8.979885057471264e-05, "dsrl32": 8.605723180076628e-05, "sd": 0.08789810823754789, "lbu": 0.0072475155651341, "sltu": 0.004323440493295019, "dsll": 0.006819100215517241, "sb": 0.0025910710009578544, "sw": 0.030675661518199233, "lw": 0.03301417325191571, "lwu": 0.004813592552681992, "blez": 0.00017585608237547892, "lb": 0.0026958363266283525, "andi": 0.004860362787356322, "bgez": 0.00021888469827586207, "sll": 0.004145713601532567, "bgtz": 5.425347222222222e-05, "slt": 0.0004714439655172414, "xor": 0.0008530890804597702, "dext": 0.0026565493295019156, "ldl": 0.0006847162356321839, "ldr": 0.0006847162356321839, "dsrl": 0.0005649844348659004, "ori": 0.0016612787356321838, "sdl": 0.00033113326149425285, "sdr": 0.00033113326149425285, "slti": 0.00043402777777777775, "ext": 0.0008250269396551724, "srl": 0.0009391463122605364, "ddivu": 0.0002432052203065134, "teq": 0.0003068127394636015, "mflo": 0.0006791038074712644, "lhu": 0.0015621258381226053, "sh": 0.0007333572796934866, "movn": 0.00023759279214559387, "dmult": 0.0004695731561302682, "divu": 4.864104406130268e-05, "bltz": 0.0001702436542145594, "dsllv": 0.00017211446360153256, "xori": 0.00012721503831417623, "addu": 0.0007838691331417625, "dsll32": 0.0004995061063218391, "movz": 8.792804118773946e-05, "subu": 0.000675362188697318, "dmultu": 3.367456896551724e-05, "mfhi": 0.00014779394157088123, "ddiv": 1.122485632183908e-05, "mul": 0.0001028945162835249, "lh": 6.921994731800766e-05, "multu": 1.3095665708812261e-05, "dsra32": 1.122485632183908e-05, "lwl": 5.425347222222222e-05, "lwr": 5.425347222222222e-05, "swl": 2.80621408045977e-05, "swr": 2.80621408045977e-05, "mov.d": 9.3540469348659e-06, "sdc1": 2.057890325670498e-05, "ldc1": 1.87080938697318e-05, "dmfc1": 5.61242816091954e-06, "sra": 6.54783285440613e-05, "nor": 2.993295019157088e-05, "srav": 5.61242816091954e-06, "dsbh": 3.74161877394636e-06, "dshd": 3.74161877394636e-06, "srlv": 5.425347222222222e-05, "sllv": 0.0002263679358237548, "ins": 0.0001309566570881226, "dins": 4.302861590038314e-05, "dinsu": 2.993295019157088e-05, "dextu": 0.00022262631704980844, "sdxc1": 1.87080938697318e-06, "ldxc1": 1.87080938697318e-06, "dsrlv": 0.0001028945162835249, "dinsm": 1.3095665708812261e-05, "seh": 1.87080938697318e-06, "dsrav": 1.87080938697318e-06, "wsbh": 1.87080938697318e-06, "rotr": 3.74161877394636e-06, "div": 3.74161877394636e-06, "mult": 3.74161877394636e-06, "sub.d": 3.74161877394636e-06, "div.d": 1.87080938697318e-06}