{"or": 0.07755033345254876, "bal": 8.415206277743884e-06, "nop": 0.08520396356215681, "lui": 0.009820545726127112, "addiu": 0.04455430963751499, "daddu": 0.029095575705299477, "ld": 0.20876443733827024, "daddiu": 0.10898112889992216, "and": 0.004619948246481392, "jalr": 0.04973807670460522, "b": 0.029672017335324933, "dsubu": 0.0046241558496202635, "sltiu": 0.005625565396671786, "bne": 0.03680390465571287, "beq": 0.050457576841352325, "jr": 0.00736751309616477, "dsra": 0.00024824858519344455, "dsrl32": 0.000357646266804115, "sd": 0.0779332253381861, "lbu": 0.01588370184924158, "sltu": 0.008166957692550438, "dsll": 0.0114867565691204, "sb": 0.008175372898828182, "sll": 0.01038015694359708, "lw": 0.024328361348957567, "sw": 0.01454147644794143, "andi": 0.013935581595943871, "addu": 0.002974775419182463, "lwu": 0.001586266383354722, "dext": 0.008490943134243579, "subu": 0.0023983337891570066, "sdc1": 0.00011781288788841437, "slt": 0.0021122167757137147, "blez": 0.0006732165022195107, "ldc1": 0.0006437632802474071, "dsll32": 0.002221614457324385, "movn": 0.0017840237308817033, "mov.d": 4.207603138871942e-06, "dmtc1": 0.0003155702354153956, "cvt.d.l": 7.1529253360823e-05, "mul.d": 0.00011781288788841437, "div.d": 0.0001809269349714935, "dmfc1": 0.0002230029663602129, "sub.d": 0.00012622809416615825, "dinsu": 0.00012202049102728631, "add.d": 0.00013885090358277407, "movz": 0.0033744977173752974, "lwl": 0.00015568131613826185, "lwr": 0.00015568131613826185, "sh": 0.0015694359707992343, "swl": 0.0002019649506658532, "swr": 0.0002019649506658532, "nor": 0.00023983337891570066, "sdl": 0.0010813540066900889, "sdr": 0.0010813540066900889, "xor": 0.0021164243788525865, "bltz": 0.0007405381524414617, "c.eq.d": 3.3660825110975536e-05, "bc1f": 0.000143058506721646, "bgez": 0.0001809269349714935, "bc1t": 4.6283634527591356e-05, "slti": 0.0022847285044074643, "lb": 0.0006648012959417668, "c.olt.d": 7.994445963856689e-05, "c.ule.d": 5.469884080533524e-05, "ori": 0.005545620937033219, "dsra32": 0.0001725117286937496, "trunc.l.d": 3.3660825110975536e-05, "mult": 0.00023983337891570066, "mfhi": 0.0005680264237477121, "srl": 0.0017629857151873435, "multu": 5.469884080533524e-05, "dmultu": 8.415206277743884e-05, "dsrl": 0.0012159973071339911, "xori": 0.0010266551658847536, "seb": 0.0004375907264426819, "sra": 0.0003955146950539625, "ddivu": 0.0004249679170260661, "teq": 0.00048808196410914524, "mflo": 0.0010981844192455767, "abs.d": 4.207603138871942e-06, "ldl": 0.0015021143205772832, "ldr": 0.0015021143205772832, "dmult": 0.0007741989775524372, "movt": 2.103801569435971e-05, "j": 4.207603138871942e-06, "movf": 8.415206277743884e-06, "movf.d": 4.207603138871942e-06, "c.ult.d": 4.6283634527591356e-05, "c.ole.d": 4.207603138871942e-06, "bgtz": 0.0002819094103044201, "lhu": 0.0019691582689920686, "ext": 0.0006227252645530474, "srlv": 0.00024404098205457262, "sllv": 0.0005469884080533524, "dsllv": 0.0007110849304693581, "dins": 9.256726905518271e-05, "ldxc1": 4.207603138871942e-06, "seh": 3.7868428249847474e-05, "ddiv": 2.103801569435971e-05, "divu": 4.207603138871942e-05, "ins": 0.00018934214124923738, "dsrlv": 0.00035343866366524307, "lh": 0.0001009824753329266, "dinsm": 7.573685649969495e-05, "mul": 0.00018513453811036542, "dextu": 8.415206277743884e-06, "rotr": 8.415206277743884e-06, "clz": 4.207603138871942e-06, "dclz": 4.207603138871942e-06, "mtlo": 1.2622809416615825e-05, "mthi": 1.2622809416615825e-05, "dsrav": 4.207603138871942e-06, "dsbh": 4.207603138871942e-06, "dshd": 4.207603138871942e-06, "srav": 4.207603138871942e-06}