{"or": 0.05517112115256023, "bal": 1.0131506960345282e-05, "nop": 0.1863437417681506, "lui": 0.00512147676845454, "addiu": 0.017978359101132702, "daddu": 0.016139490587830034, "ld": 0.25378918360316916, "daddiu": 0.08084435979007518, "and": 0.0006788109663431338, "jalr": 0.03854025247715345, "b": 0.10497760936961764, "dsubu": 0.0030799781159449656, "sltiu": 0.004771939778322628, "bne": 0.012071690543251403, "beq": 0.025425016716986486, "jr": 0.003439646613037223, "dsra": 9.624931612328017e-05, "dsrl32": 0.0001469068509250066, "sd": 0.07492755972523353, "lbu": 0.005303843893740755, "sltu": 0.005845879516119227, "dsll": 0.007360539806690847, "sb": 0.0015045287836112744, "sw": 0.03116958116350226, "lw": 0.034877712710988634, "lwu": 0.00702113432351928, "dmult": 0.0003140767157707037, "mflo": 0.0004559178132155377, "ddivu": 0.0001722356183258698, "teq": 0.00021782739964742355, "andi": 0.003176227432068246, "movn": 0.0004356547992948471, "bltz": 8.61178091629349e-05, "ori": 0.0024315616704828676, "slt": 0.00015197260440517923, "sll": 0.0034649753804380863, "dext": 0.0021833397499544083, "slti": 0.00030394520881035845, "xor": 0.0014893315231707565, "bgez": 0.00012157808352414338, "ldl": 0.0001114465765637981, "ldr": 0.0001114465765637981, "lhu": 0.0014943972766509291, "srl": 0.0004305890458146745, "dsll32": 0.0006028246641405443, "dmultu": 7.598630220258961e-05, "mfhi": 0.00023302466008794147, "dsrl": 0.0004913780875767462, "addu": 0.0006281534315414074, "xori": 0.0002228931531275962, "movz": 0.00011651233004397074, "sh": 0.0005268383619379546, "lb": 0.0006028246641405443, "bgtz": 3.0394520881035845e-05, "subu": 0.0006940082267836518, "dmtc1": 0.00012157808352414338, "ldc1": 4.052602784138113e-05, "sub.d": 6.078904176207169e-05, "dinsu": 6.078904176207169e-05, "add.d": 6.078904176207169e-05, "mul.d": 3.0394520881035845e-05, "div.d": 3.0394520881035845e-05, "dmfc1": 3.0394520881035845e-05, "blez": 4.5591781321553765e-05, "nor": 6.585479524224433e-05, "ext": 0.0003647342505724301, "sllv": 0.00016716986484569714, "dextm": 5.065753480172641e-06, "dextu": 1.5197260440517922e-05, "multu": 7.092054872241697e-05, "seb": 5.065753480172641e-06, "dsllv": 0.00019249863224656035, "dsrlv": 9.118356264310753e-05, "srlv": 2.0263013920690564e-05, "mult": 1.0131506960345282e-05, "sra": 1.0131506960345282e-05, "ddiv": 5.065753480172641e-06, "mul": 8.61178091629349e-05, "lh": 2.0263013920690564e-05, "divu": 4.052602784138113e-05, "dsra32": 1.0131506960345282e-05, "sdl": 8.61178091629349e-05, "sdr": 8.61178091629349e-05, "dsbh": 5.065753480172641e-06, "dshd": 5.065753480172641e-06, "dinsm": 1.0131506960345282e-05, "lwl": 4.5591781321553765e-05, "lwr": 4.5591781321553765e-05, "swl": 2.0263013920690564e-05, "swr": 2.0263013920690564e-05}