{"or": 0.0884932388924662, "bal": 6.43915003219575e-06, "nop": 0.08175144880875725, "lui": 0.011938184159690921, "addiu": 0.04386992916934965, "daddu": 0.025598840952994206, "ld": 0.22113007083065037, "daddiu": 0.12481648422408242, "and": 0.004687701223438506, "jalr": 0.05934964584674823, "b": 0.025521571152607857, "dsubu": 0.0032871860914359305, "sltiu": 0.0064745653573728265, "bne": 0.032369607211848034, "beq": 0.043367675466838375, "jr": 0.012417900837089504, "dsra": 0.00021249195106245975, "dsrl32": 0.0002189311010946555, "sd": 0.07693818415969092, "lbu": 0.014903412749517064, "sltu": 0.007208628461043142, "dsll": 0.007775273663876368, "sb": 0.0047070186735350935, "andi": 0.011072118480360592, "lw": 0.023886027044430134, "sw": 0.010486155827430779, "ldl": 0.0011815840309079202, "ldr": 0.0011815840309079202, "sdl": 0.0009948486799742434, "sdr": 0.0009948486799742434, "ori": 0.005247907276239536, "dext": 0.00777205408886027, "slt": 0.000927237604636188, "movn": 0.001574372182871861, "blez": 0.0006632324533161623, "lb": 0.0006342562781712814, "sllv": 0.0007050869285254347, "movz": 0.0031777205408886028, "xor": 0.0034224082421120414, "sll": 0.00901481004507405, "xori": 0.0012234385061171925, "ext": 0.0005891822279459111, "addu": 0.0016645202833226013, "slti": 0.0008789439793947199, "seb": 0.00022858982614294912, "dmult": 0.0006374758531873792, "mfhi": 0.0002640051513200258, "subu": 0.0014777849323889247, "dsllv": 0.0004925949774629749, "dsll32": 0.001468126207340631, "srl": 0.0010592401802962009, "multu": 2.8976175144880876e-05, "lhu": 0.0018705730843528653, "sh": 0.001313586606567933, "dsrl": 0.000824211204121056, "dsra32": 0.00013844172569220863, "bltz": 0.00051513200257566, "lwu": 0.001236316806181584, "nor": 0.0002962009014810045, "clz": 1.931745009658725e-05, "ddiv": 5.4732775273663874e-05, "teq": 0.0004282034771410174, "bgtz": 0.00016419832582099164, "bgez": 0.00018995492594977464, "dins": 8.370895041854475e-05, "ddivu": 0.000334835801674179, "mflo": 0.0009175788795878944, "ins": 0.00017385705086928526, "dsrlv": 0.000309079201545396, "rotr": 1.28783000643915e-05, "mul": 0.00013844172569220863, "sra": 0.00011912427559562138, "seh": 5.4732775273663874e-05, "lh": 0.0001159047005795235, "srlv": 0.00017385705086928526, "dclz": 6.43915003219575e-06, "dsrav": 1.931745009658725e-05, "divu": 3.541532517707662e-05, "dextu": 9.658725048293625e-06, "dinsm": 5.4732775273663874e-05, "drotr": 3.219575016097875e-06, "dextm": 3.219575016097875e-06, "dmultu": 6.117192530585963e-05, "div": 3.219575016097875e-06, "lwl": 6.117192530585963e-05, "lwr": 6.117192530585963e-05, "swl": 5.1513200257566e-05, "swr": 5.1513200257566e-05, "ldxc1": 3.219575016097875e-06, "dmfc1": 3.219575016097875e-06, "dinsu": 3.541532517707662e-05, "mtlo": 9.658725048293625e-06, "mthi": 9.658725048293625e-06, "dsbh": 3.219575016097875e-06, "dshd": 3.219575016097875e-06, "srav": 3.219575016097875e-06, "mult": 6.43915003219575e-06, "ldc1": 9.658725048293625e-06, "sub.d": 6.43915003219575e-06, "div.d": 3.219575016097875e-06, "dmtc1": 3.219575016097875e-06}