{"or": 0.07578340688793503, "bal": 8.060778268141789e-06, "nop": 0.08781008806400258, "lui": 0.01026943151361264, "addiu": 0.04466074199463958, "daddu": 0.030022368659694095, "ld": 0.20417548314289743, "daddiu": 0.107276867581565, "and": 0.004542248554097898, "jalr": 0.048046268867259136, "b": 0.029627390524555146, "dsubu": 0.005364447937448361, "sltiu": 0.005650605565967394, "bne": 0.039719484916268664, "beq": 0.050484654293372025, "jr": 0.007258730830461681, "dsra": 0.00023779295891018277, "dsrl32": 0.00027406646111682084, "sd": 0.07951957761521875, "lbu": 0.016089313423211012, "sltu": 0.00837917900973339, "dsll": 0.010624105757410879, "sb": 0.009858331821937408, "sw": 0.014396549986901236, "lw": 0.02351732059730367, "bgez": 0.00019345867843540294, "slti": 0.002760816556838563, "sll": 0.011736493158414445, "slt": 0.002829333172117768, "subu": 0.0026358744936823652, "addu": 0.0031275819680390143, "movn": 0.001716945771114201, "xor": 0.0019426475626221711, "dsrl": 0.0010801442879309997, "dext": 0.008282449670515689, "bgtz": 0.00047558591782036555, "bltz": 0.0007496523789371864, "ori": 0.00608185720331298, "blez": 0.0007012877093283356, "movz": 0.0031960985833182193, "dsll32": 0.001950708340890313, "andi": 0.014162787417125124, "ldl": 0.0015154263144106564, "ldr": 0.0015154263144106564, "sdl": 0.001225238296757552, "sdr": 0.001225238296757552, "nor": 0.0002337625697761119, "sh": 0.001567821373153578, "dsrlv": 0.0003707958003345223, "lb": 0.0006529230397194849, "lh": 0.0001450940088265522, "dsra32": 0.00016927634363097757, "lhu": 0.0021925316889345667, "seh": 5.642544787699252e-05, "sra": 0.00038288696773673496, "srl": 0.0016484291558349958, "madd": 4.030389134070894e-06, "lwl": 0.00016524595449690668, "xori": 0.000725470044132761, "dinsm": 6.851661527920521e-05, "lwu": 0.0014428793099973802, "dins": 8.866856094955968e-05, "swl": 0.00024182334804425366, "swr": 0.00024182334804425366, "dinsu": 4.8364669608850735e-05, "seb": 0.00047961630695443646, "dsllv": 0.0006771053745239103, "ext": 0.0005964975918424924, "sllv": 0.0005360417548314289, "ldxc1": 4.030389134070894e-06, "dmfc1": 4.030389134070894e-06, "ddivu": 0.00040706930254116034, "teq": 0.0004715555286862947, "mfhi": 0.0005441025330995708, "mflo": 0.0010801442879309997, "dmult": 0.0007698043246075408, "lwr": 0.0001612155653628358, "ddiv": 2.0151945670354474e-05, "divu": 4.433428047477984e-05, "ins": 0.00020554984583761563, "srlv": 0.0002216714023738992, "dmultu": 7.6577393547347e-05, "mul": 0.00017733712189911937, "dextu": 8.060778268141789e-06, "rotr": 8.060778268141789e-06, "clz": 4.030389134070894e-06, "dclz": 4.030389134070894e-06, "mtlo": 1.2091167402212684e-05, "mthi": 1.2091167402212684e-05, "dsrav": 4.030389134070894e-06, "dsbh": 4.030389134070894e-06, "dshd": 4.030389134070894e-06, "multu": 4.8364669608850735e-05, "srav": 4.030389134070894e-06, "mult": 0.0002337625697761119, "ldc1": 1.2091167402212684e-05, "sub.d": 8.060778268141789e-06, "div.d": 4.030389134070894e-06, "dmtc1": 4.030389134070894e-06}