{"or": 0.07570857903747384, "bal": 7.764186138598486e-06, "nop": 0.08754896289883654, "lui": 0.01000803593265345, "addiu": 0.044251978896942074, "daddu": 0.029822238958356787, "ld": 0.2052346142946431, "daddiu": 0.108221108492855, "and": 0.004421704005931839, "jalr": 0.04881732034643799, "b": 0.02908464127518993, "dsubu": 0.005365052621771555, "sltiu": 0.005500925879197028, "bne": 0.03945371186328821, "beq": 0.05032745455039539, "jr": 0.007049881013847426, "dsra": 0.00023680767722725383, "dsrl32": 0.00033386000395973494, "sd": 0.07772338534044015, "lbu": 0.015990341352443583, "sltu": 0.008792940801962787, "dsll": 0.011230895249482712, "sb": 0.009359726390080475, "sll": 0.011498759671264359, "lw": 0.023475016790052525, "sw": 0.013991063421754473, "andi": 0.01431327714650631, "addu": 0.003121202827716592, "lwu": 0.0016188328098977844, "dext": 0.008385321029686366, "subu": 0.0025582993326682016, "sdc1": 0.00011258069900967806, "slt": 0.0027679323584103607, "blez": 0.0006599558217808714, "ldc1": 0.0005939602396027843, "dsll32": 0.0020186883960356065, "movn": 0.0016964746712837694, "mov.d": 3.882093069299243e-06, "dmtc1": 0.0002911569801974433, "cvt.d.l": 6.599558217808713e-05, "mul.d": 0.00010869860594037881, "div.d": 0.00016693000197986747, "dmfc1": 0.00020186883960356065, "dinsu": 0.00011258069900967806, "sub.d": 0.0001164627920789773, "add.d": 0.00012810907128687503, "movz": 0.0033929493425675387, "lwl": 0.00016693000197986747, "lwr": 0.00016693000197986747, "sh": 0.0015101342039574057, "swl": 0.0002406897702965531, "swr": 0.0002406897702965531, "nor": 0.00022127930495005689, "sdl": 0.0011374532693046782, "sdr": 0.0011374532693046782, "xor": 0.0019216360693031255, "bgez": 0.00018245837425706445, "bltz": 0.0007143051247510608, "c.eq.d": 3.1056744554393944e-05, "bc1f": 0.00013587325742547352, "bc1t": 3.882093069299243e-05, "j": 1.164627920789773e-05, "c.olt.d": 6.987767524738638e-05, "c.ule.d": 5.046720990089016e-05, "ori": 0.006063829374245418, "slti": 0.00261653072870769, "dsra32": 0.00015528372277196973, "trunc.l.d": 2.7174651485094703e-05, "mult": 0.00022904349108865535, "mfhi": 0.0005357288435632956, "srl": 0.0016304790891056823, "multu": 5.046720990089016e-05, "dmultu": 7.764186138598486e-05, "dsrl": 0.0011102786178195836, "xori": 0.0009666411742555116, "seb": 0.00046973326138520846, "sra": 0.00037268093465272735, "lb": 0.0006327811702957766, "ddivu": 0.00039985558613782205, "teq": 0.00046196907524660995, "mflo": 0.001052047221780095, "abs.d": 3.882093069299243e-06, "ldl": 0.0014324923425714207, "ldr": 0.0014324923425714207, "dmult": 0.0007453618693054547, "movt": 1.9410465346496216e-05, "movf": 7.764186138598486e-06, "movf.d": 3.882093069299243e-06, "c.ult.d": 4.2703023762291675e-05, "c.ole.d": 3.882093069299243e-06, "bgtz": 0.0004542048891080115, "lhu": 0.002041980954451402, "ext": 0.0005823139603948865, "srlv": 0.00022127930495005689, "sllv": 0.0005240825643553979, "dsllv": 0.0006521916356422729, "dins": 8.540604752458335e-05, "ldxc1": 3.882093069299243e-06, "seh": 3.493883762369319e-05, "ddiv": 1.9410465346496216e-05, "divu": 4.2703023762291675e-05, "ins": 0.00019798674653426142, "dsrlv": 0.0003377420970290342, "lh": 9.317023366318184e-05, "dinsm": 6.211348910878789e-05, "mul": 0.0001708120950491667, "dextu": 7.764186138598486e-06, "rotr": 7.764186138598486e-06, "clz": 3.882093069299243e-06, "dclz": 3.882093069299243e-06, "mtlo": 1.164627920789773e-05, "mthi": 1.164627920789773e-05, "dsrav": 3.882093069299243e-06, "dsbh": 3.882093069299243e-06, "dshd": 3.882093069299243e-06, "srav": 3.882093069299243e-06}