{"or": 0.054653226616657176, "bal": 3.3488496701383073e-06, "nop": 0.18022169384816317, "lui": 0.006126720471518033, "addiu": 0.026638424701115167, "daddu": 0.015180335554736947, "ld": 0.2624895348447808, "daddiu": 0.0646830313787214, "and": 0.0017732159003382337, "jalr": 0.031084022638223772, "b": 0.09536519205652859, "dsubu": 0.001925588560329527, "sltiu": 0.0021834499849301765, "bne": 0.019481932956029603, "beq": 0.025432838819865376, "jr": 0.005425136465624058, "dsra": 0.00011386088878470245, "dsrl32": 0.00010548876460935668, "sd": 0.08355882254445599, "lbu": 0.007673889019121932, "sltu": 0.0032081979839924985, "dsll": 0.0060145340075684, "sb": 0.0030541508991661363, "sw": 0.029071363986470648, "lw": 0.039087773349854325, "slti": 0.0005709788687585814, "lb": 0.0032081979839924985, "lwl": 5.525601955728207e-05, "lwr": 5.525601955728207e-05, "swl": 2.8465222196175612e-05, "ldl": 0.0007015840058939754, "ldr": 0.0007015840058939754, "sdl": 0.00038846656173604366, "swr": 2.8465222196175612e-05, "sdr": 0.00038846656173604366, "ori": 0.0020628913968051975, "dext": 0.0023274505207461237, "xor": 0.0013160979203643548, "andi": 0.005674625766049362, "slt": 0.0006078162151301028, "blez": 0.00018251230702253775, "ext": 0.0007903285221526405, "sll": 0.003608385519574026, "movn": 0.0005709788687585814, "addu": 0.0007970262214929172, "dmult": 0.00036000133953986805, "mfhi": 0.00015069823515622384, "xori": 0.00012055858812497908, "movz": 9.544221559894176e-05, "lhu": 0.0017246575801212283, "dsrl": 0.0005492113459026824, "subu": 0.0006664210843575232, "srl": 0.0009142359599477579, "multu": 1.339539868055323e-05, "lwu": 0.00257191654666622, "sh": 0.0008422356920397843, "bltz": 0.0001808378821874686, "bgtz": 7.367469274304277e-05, "ddiv": 3.013964703124477e-05, "teq": 0.00024111717624995815, "bgez": 0.00019758213053816014, "sllv": 0.0003147918689930009, "nor": 5.6930444392351224e-05, "dsra32": 1.6744248350691538e-05, "ins": 0.00013227956197046315, "dins": 4.018619604165969e-05, "ddivu": 0.00018921000636281437, "mflo": 0.000500653025685677, "dmultu": 3.3488496701383076e-05, "lh": 0.00011386088878470245, "dsllv": 0.00019088443119788352, "dsrlv": 0.00010716318944442584, "mul": 7.534911757811192e-05, "dclz": 1.6744248350691537e-06, "dsrav": 1.339539868055323e-05, "dsll32": 0.00043535045711797995, "dextu": 0.00020093098020829844, "dinsm": 1.5069823515622385e-05, "sra": 6.362814373262785e-05, "srlv": 5.860486922742038e-05, "div": 5.023274505207461e-06, "ldc1": 1.0046549010414922e-05, "sdxc1": 1.6744248350691537e-06, "ldxc1": 1.6744248350691537e-06, "sdc1": 3.3488496701383073e-06, "dmfc1": 1.6744248350691537e-06, "dinsu": 2.679079736110646e-05, "divu": 1.6744248350691538e-05, "seh": 1.6744248350691537e-06, "wsbh": 1.6744248350691537e-06, "rotr": 3.3488496701383073e-06, "dsbh": 1.6744248350691537e-06, "dshd": 1.6744248350691537e-06, "srav": 1.6744248350691537e-06, "mult": 3.3488496701383073e-06, "sub.d": 3.3488496701383073e-06, "div.d": 1.6744248350691537e-06}