{"or": 0.10539629005059022, "bal": 0.0006323777403035413, "nop": 0.07525295109612141, "lui": 0.01032883642495784, "addiu": 0.04236930860033727, "daddu": 0.022133220910623946, "ld": 0.20952782462057334, "daddiu": 0.15472175379426645, "and": 0.0010539629005059021, "jalr": 0.08157672849915683, "b": 0.0366779089376054, "dsubu": 0.0018971332209106238, "sltiu": 0.0031618887015177066, "bne": 0.01854974704890388, "beq": 0.04489881956155144, "jr": 0.010750421585160203, "dsra": 0.0008431703204047217, "dsrl32": 0.0012647554806070826, "sd": 0.07103709949409781, "lbu": 0.02845699831365936, "sltu": 0.0027403035413153458, "dsll": 0.015387858347386173, "sb": 0.0077993254637436765, "sw": 0.005902192242833052, "lw": 0.008010118043844857, "dext": 0.0037942664418212477, "bltz": 0.0012647554806070826, "slti": 0.0008431703204047217, "bgez": 0.0008431703204047217, "slt": 0.0008431703204047217, "ori": 0.00021079258010118043, "sll": 0.008010118043844857, "andi": 0.005902192242833052, "ldl": 0.0012647554806070826, "ldr": 0.0012647554806070826, "xori": 0.0010539629005059021, "movz": 0.0016863406408094434, "sh": 0.0008431703204047217, "sdl": 0.0012647554806070826, "sdr": 0.0012647554806070826, "lhu": 0.0006323777403035413, "dsrl": 0.0018971332209106238, "dsll32": 0.0031618887015177066, "dsbh": 0.00021079258010118043, "dshd": 0.00021079258010118043, "xor": 0.00042158516020236085, "dmult": 0.0006323777403035413, "mflo": 0.0006323777403035413, "movn": 0.0006323777403035413, "lb": 0.00021079258010118043, "dsllv": 0.00021079258010118043, "subu": 0.00021079258010118043, "addu": 0.00021079258010118043}