{"or": 0.07380656484578418, "bal": 5.254819326174518e-06, "nop": 0.08652585502478961, "lui": 0.010078743467602725, "addiu": 0.04678365646093173, "daddu": 0.026121706870413527, "ld": 0.20723168235668138, "daddiu": 0.11741105561438034, "and": 0.005236427458532907, "jalr": 0.05081673029377067, "b": 0.028457474060898102, "dsubu": 0.004758238899851026, "sltiu": 0.00697840006515976, "bne": 0.03841010186467264, "beq": 0.04832069111383778, "jr": 0.007808661518695334, "dsra": 0.00025223132765637686, "dsrl32": 0.00026536837597181313, "sd": 0.07386174044870902, "lbu": 0.016221627259900735, "sltu": 0.007979443146796005, "dsll": 0.00912499375990205, "sb": 0.00836829977693292, "sdl": 0.001339978928174502, "sdr": 0.001339978928174502, "andi": 0.01406189651684301, "lw": 0.02717267073564843, "sw": 0.013683549525358444, "ldl": 0.0012033536256939646, "ldr": 0.0012059810353570518, "ori": 0.006347821746018818, "dext": 0.007301571453719492, "slt": 0.0023147479131798753, "movn": 0.001776128932246987, "blez": 0.0005911671741946333, "lb": 0.0006647346447610765, "sllv": 0.0010588460942241654, "movz": 0.003602178648092632, "xor": 0.0029716003289516897, "sll": 0.012170161559420183, "xori": 0.0011534328420953067, "ext": 0.0006384605481302039, "slti": 0.0021544759237315525, "seb": 0.000436150004072485, "subu": 0.0021886322493516867, "addu": 0.002435608757681889, "dmult": 0.0005754027162161097, "mfhi": 0.0004597966910402703, "dsllv": 0.0006226960901516803, "dsll32": 0.0016605229070711476, "srl": 0.0014371930857087307, "multu": 3.941114494630888e-05, "lhu": 0.002771917194557058, "sh": 0.00174460001628994, "dsrl": 0.0009117111530912789, "dsra32": 0.00016289939911141006, "bltz": 0.0006437153674563785, "lwu": 0.0010772379618657763, "nor": 0.0004597966910402703, "clz": 1.8391867641610814e-05, "ddiv": 4.729337393557066e-05, "teq": 0.0003836018108107398, "bgtz": 0.0003888566301369143, "bgez": 0.0001865460860791954, "dins": 7.356747056644326e-05, "ddivu": 0.0003021521112550348, "mflo": 0.000801359947241614, "ins": 0.0002811328339503367, "dsrlv": 0.0003179165692335583, "rotr": 1.0509638652349035e-05, "mul": 0.00017078162810067182, "sra": 0.0002627409663087259, "lh": 9.458674787114132e-05, "srlv": 0.0002811328339503367, "dclz": 1.5764457978523554e-05, "dsrav": 1.5764457978523554e-05, "divu": 3.152891595704711e-05, "dextu": 1.5764457978523554e-05, "dmultu": 9.458674787114132e-05, "lwl": 0.00011560602517583939, "lwr": 0.00011560602517583939, "swl": 0.00021544759237315523, "swr": 0.00021544759237315523, "seh": 4.729337393557066e-05, "dinsm": 4.992078359865792e-05, "drotr": 2.627409663087259e-06, "dextm": 5.254819326174518e-06, "div": 2.627409663087259e-06, "ldxc1": 2.627409663087259e-06, "dmfc1": 2.627409663087259e-06, "dinsu": 3.152891595704711e-05, "mtlo": 7.882228989261777e-06, "mthi": 7.882228989261777e-06, "dsbh": 2.627409663087259e-06, "dshd": 2.627409663087259e-06, "srav": 2.627409663087259e-06, "mult": 0.00015238976045906102, "ldc1": 7.882228989261777e-06, "sub.d": 5.254819326174518e-06, "div.d": 2.627409663087259e-06, "dmtc1": 2.627409663087259e-06}