{"or": 0.07531648243328874, "bal": 5.6326128282757164e-06, "nop": 0.08402168555938887, "lui": 0.010093642188270083, "addiu": 0.046894318101809475, "daddu": 0.025749489544462437, "ld": 0.21091037104837007, "daddiu": 0.11773287333661903, "and": 0.005410124621558826, "jalr": 0.05221995353094417, "b": 0.029213546433852003, "dsubu": 0.004224459621206787, "sltiu": 0.0068041962965570656, "bne": 0.035860029571217346, "beq": 0.0477363937196367, "jr": 0.008079983102161516, "dsra": 0.0002562838836865451, "dsrl32": 0.00027318172217137224, "sd": 0.07426318383440118, "lbu": 0.015847356192353727, "sltu": 0.00762655776948532, "dsll": 0.009344504682109414, "sb": 0.007539252270647046, "andi": 0.01370133070478068, "lw": 0.027546293036682393, "sw": 0.014188551714426529, "ldl": 0.0012560726607054847, "ldr": 0.0012560726607054847, "sdl": 0.001312398788988242, "sdr": 0.001312398788988242, "ori": 0.0059902837428712245, "dext": 0.007313947757516018, "slt": 0.001884108991058227, "movn": 0.0019150883616137436, "blez": 0.0006055058790396395, "lb": 0.0006702809265648102, "sllv": 0.0010955431950996268, "movz": 0.0035598113074702528, "xor": 0.003165528409490953, "sll": 0.011575019362106597, "xori": 0.0012025628388368655, "ext": 0.0006787298458072238, "slti": 0.0019122720551996058, "seb": 0.00041962965570654085, "subu": 0.002022108005350982, "addu": 0.0023150038724213196, "dmult": 0.0005942406533830881, "mfhi": 0.00046750686474688447, "dsllv": 0.0006533830880799831, "dsll32": 0.0017320284446947828, "srl": 0.0015546011406040977, "multu": 4.224459621206787e-05, "lhu": 0.002743082447370274, "sh": 0.0017799056537351264, "dsrl": 0.0009575441808068718, "dsra32": 0.00017179469126240936, "bltz": 0.0006618320073223967, "lwu": 0.0010842779694430753, "nor": 0.00047313947757516016, "clz": 1.9714144898965007e-05, "ddiv": 5.069351545448145e-05, "teq": 0.0004027318172217137, "bgtz": 0.00027318172217137224, "bgez": 0.00019714144898965008, "dins": 7.885657959586003e-05, "ddivu": 0.000318242624797578, "mflo": 0.0008308103921706682, "ins": 0.00028726325424206154, "dsrlv": 0.00032669154403999154, "rotr": 1.1265225656551433e-05, "mul": 0.00014644793353516862, "sra": 0.0002759980285855101, "lh": 0.0001013870309089629, "srlv": 0.00032669154403999154, "dclz": 1.6897838484827148e-05, "dsrav": 1.6897838484827148e-05, "divu": 3.097937055551644e-05, "dmultu": 8.448919242413575e-05, "lwl": 0.00010701964373723862, "lwr": 0.00010701964373723862, "swl": 0.00019150883616137436, "swr": 0.00019150883616137436, "seh": 5.069351545448145e-05, "dinsm": 5.914243469689502e-05, "dextu": 8.448919242413574e-06, "drotr": 2.8163064141378582e-06, "dextm": 2.8163064141378582e-06, "div": 2.8163064141378582e-06, "ldxc1": 2.8163064141378582e-06, "dmfc1": 2.8163064141378582e-06, "dinsu": 3.3795676969654295e-05, "mtlo": 8.448919242413574e-06, "mthi": 8.448919242413574e-06, "dsbh": 2.8163064141378582e-06, "dshd": 2.8163064141378582e-06, "srav": 2.8163064141378582e-06, "mult": 0.00015771315919172005, "ldc1": 8.448919242413574e-06, "sub.d": 5.6326128282757164e-06, "div.d": 2.8163064141378582e-06, "dmtc1": 2.8163064141378582e-06}