{"or": 0.07568272095332672, "bal": 8.27540549486925e-06, "nop": 0.08805858987090368, "lui": 0.010249089705395564, "addiu": 0.045270605759682225, "daddu": 0.029940417080436942, "ld": 0.20229642502482623, "daddiu": 0.10698857994041708, "and": 0.004650777888116518, "jalr": 0.047264978483945716, "b": 0.02972525653757034, "dsubu": 0.005457629923866269, "sltiu": 0.00567279046673287, "bne": 0.04003227408142999, "beq": 0.05079030122476001, "jr": 0.007174776564051639, "dsra": 0.00022343594836146972, "dsrl32": 0.0002855014895729891, "sd": 0.0794563058589871, "lbu": 0.016236345580933467, "sltu": 0.008515392254220457, "dsll": 0.01051390268123138, "sb": 0.009996689837802053, "sw": 0.014287487586891757, "lw": 0.023638695796094008, "dext": 0.008416087388282026, "lb": 0.0006661701423369746, "sll": 0.011804865938430983, "blez": 0.0006785832505792784, "dsllv": 0.0007075471698113207, "andi": 0.014481959616021185, "dsll32": 0.0019447202912942735, "slt": 0.0028922542204568025, "bltz": 0.000748924197285667, "bgtz": 0.0004923866269447202, "lhu": 0.0021681562396557432, "slti": 0.0027805362462760674, "dsbh": 8.27540549486925e-06, "dshd": 8.27540549486925e-06, "dsrl": 0.0011089043363124794, "movn": 0.0017336974511751077, "nor": 0.0002358490566037736, "addu": 0.003173618007282357, "subu": 0.0026853690830850713, "lwu": 0.0014812975835815955, "ori": 0.006214829526646806, "ldl": 0.001530950016550811, "ldr": 0.001530950016550811, "sdl": 0.0012082092022509103, "sdr": 0.0012082092022509103, "bgez": 0.00018205892088712347, "xori": 0.0007406487917907978, "movz": 0.00324809665673618, "seb": 0.0004923866269447202, "xor": 0.001981959616021185, "sra": 0.0003806686527639854, "srl": 0.0016881827209533266, "ext": 0.0006123800066203244, "sh": 0.0016054286660046341, "swl": 0.00024826216484607745, "swr": 0.00024826216484607745, "sllv": 0.000550314465408805, "dins": 9.102946044356174e-05, "ldxc1": 4.137702747434625e-06, "dmfc1": 4.137702747434625e-06, "ddivu": 0.00041790797749089706, "teq": 0.00048411122144985104, "mfhi": 0.0005585898709036743, "mflo": 0.0011089043363124794, "dmult": 0.0007903012247600132, "seh": 3.723932472691162e-05, "lwl": 0.00016550810989738498, "lwr": 0.00016550810989738498, "ddiv": 2.0688513737173122e-05, "divu": 4.551473022178087e-05, "ins": 0.00021102284011916583, "dsrlv": 0.00035998013902681234, "dsra32": 0.00014895729890764648, "lh": 9.930486593843098e-05, "srlv": 0.00022757365110890433, "dinsm": 6.6203243958954e-05, "dmultu": 7.861635220125786e-05, "mul": 0.00018205892088712347, "dextu": 8.27540549486925e-06, "rotr": 8.27540549486925e-06, "dinsu": 4.965243296921549e-05, "clz": 4.137702747434625e-06, "dclz": 4.137702747434625e-06, "mtlo": 1.2413108242303873e-05, "mthi": 1.2413108242303873e-05, "dsrav": 4.137702747434625e-06, "multu": 4.965243296921549e-05, "srav": 4.137702747434625e-06, "mult": 0.00023998675935120822, "ldc1": 1.2413108242303873e-05, "sub.d": 8.27540549486925e-06, "div.d": 4.137702747434625e-06, "dmtc1": 4.137702747434625e-06}