{"or": 0.05348105006393656, "bal": 5.372819978293808e-06, "nop": 0.17974231955384104, "lui": 0.006202920664940201, "addiu": 0.021128614564640397, "daddu": 0.016940501391560375, "ld": 0.2623279354401951, "daddiu": 0.06054093551541462, "and": 0.0019019782723160078, "jalr": 0.02870966355401296, "b": 0.09754086029593492, "dsubu": 0.002009434671881884, "sltiu": 0.001928842372207477, "bne": 0.02030120028798315, "beq": 0.024140080162474077, "jr": 0.005558182267544944, "dsra": 9.939716959843543e-05, "dsrl32": 0.00010476998957672925, "sd": 0.09315395278365803, "lbu": 0.008816797584380138, "sltu": 0.0037690332147731057, "dsll": 0.007078690321402091, "sb": 0.0029631102180290346, "sw": 0.028341625385499832, "lw": 0.033101943886268144, "lwu": 0.003521883495771591, "subu": 0.0008515919665595685, "sll": 0.0044245172521249505, "bgtz": 5.910101976123188e-05, "ldl": 0.0009644211861037385, "ldr": 0.0009644211861037385, "dsrl": 0.0007468219769828392, "ori": 0.00219479696113302, "dext": 0.002955050988061594, "sdl": 0.0004620625181332674, "sdr": 0.0004620625181332674, "srl": 0.0011820203952246375, "andi": 0.005979948635841007, "bgez": 0.0002149127991317523, "blez": 0.00017998946927284254, "dsllv": 0.0002256584390883399, "ext": 0.0010611319457130269, "xor": 0.001085309635615349, "lb": 0.00268103716916861, "slt": 0.0005426548178076745, "xori": 0.00012357485950075756, "slti": 0.00048624020803558955, "movn": 0.0002578953589581027, "lhu": 0.0019557064720989456, "sra": 8.05922996744071e-05, "addu": 0.0010530727157455862, "movz": 7.52194796961133e-05, "sh": 0.0009160658062990941, "sllv": 0.0002955050988061594, "lwl": 7.52194796961133e-05, "lwr": 7.52194796961133e-05, "swl": 3.760973984805665e-05, "swr": 3.760973984805665e-05, "ldc1": 1.611845993488142e-05, "sdxc1": 2.686409989146904e-06, "dins": 6.178742975037878e-05, "ldxc1": 2.686409989146904e-06, "sdc1": 5.372819978293808e-06, "dmfc1": 2.686409989146904e-06, "bltz": 0.00015849818935966732, "ddivu": 0.00027401381889298416, "teq": 0.0003196827887084815, "mfhi": 0.00016924382931625493, "dsll32": 0.0005426548178076745, "mflo": 0.0006930937771999011, "dmult": 0.00047818097806814886, "dinsu": 4.298255982635046e-05, "nor": 3.223691986976284e-05, "ddiv": 1.3432049945734519e-05, "divu": 2.6864099891469037e-05, "dsrlv": 0.0001477525494030797, "ins": 0.00018536228925113634, "lh": 8.327870966355401e-05, "dmultu": 4.298255982635046e-05, "dextu": 0.0003196827887084815, "mul": 0.00010476998957672925, "dinsm": 1.8804869924028326e-05, "seh": 2.686409989146904e-06, "dsrav": 2.686409989146904e-06, "wsbh": 2.686409989146904e-06, "rotr": 5.372819978293808e-06, "dsbh": 2.686409989146904e-06, "dshd": 2.686409989146904e-06, "div": 5.372819978293808e-06, "multu": 1.611845993488142e-05, "dsra32": 8.05922996744071e-06, "srav": 2.686409989146904e-06, "srlv": 7.25330697069664e-05, "mult": 5.372819978293808e-06, "sub.d": 5.372819978293808e-06, "div.d": 2.686409989146904e-06}