{"or": 0.09461405529953917, "bal": 1.0286372613561553e-05, "nop": 0.08177151909150757, "lui": 0.011659603357472022, "addiu": 0.04185525016458196, "daddu": 0.0280663676761027, "ld": 0.21794251974983542, "daddiu": 0.11459533410138249, "and": 0.0045157175773535225, "jalr": 0.05450234529295589, "b": 0.026168531928900594, "dsubu": 0.0034665075707702438, "sltiu": 0.005168902238314681, "bne": 0.034197045753785384, "beq": 0.04682871132323897, "jr": 0.011885903554970375, "dsra": 0.00019029789335088873, "dsrl32": 0.0002468729427254773, "sd": 0.08272300855826202, "lbu": 0.015902732060566162, "sltu": 0.0076787771560236995, "dsll": 0.009016005595786702, "sb": 0.0042482718894009215, "sw": 0.010317231731402239, "lw": 0.020305299539170506, "dext": 0.009581756089532587, "ori": 0.0044745720868992755, "sll": 0.008033657011191573, "slt": 0.000900057603686636, "slti": 0.0008126234364713627, "andi": 0.01251851547070441, "xor": 0.0022938610928242265, "addu": 0.002046988150098749, "dsrl": 0.0011006418696510862, "movn": 0.001563528637261356, "blez": 0.0007251892692560895, "nor": 0.00030859117840684663, "lwu": 0.0017023946675444371, "ldl": 0.0015532422646477946, "ldr": 0.0015532422646477946, "sdl": 0.0009772053982883477, "sdr": 0.0009772053982883477, "bltz": 0.0005811800526662278, "bgez": 0.0001800115207373272, "xori": 0.0008126234364713627, "movz": 0.00284932521395655, "subu": 0.001774399275839368, "seb": 0.00015943877551020407, "dsllv": 0.000576036866359447, "sra": 0.00014915240289664253, "srl": 0.0014092330480579328, "ext": 0.000622325543120474, "sh": 0.0013989466754443713, "swl": 6.171823568136933e-05, "swr": 6.171823568136933e-05, "sllv": 0.0005863232389730085, "dins": 0.00010286372613561554, "dsll32": 0.0017435401579986834, "lb": 0.0004937458854509546, "ldxc1": 5.143186306780777e-06, "dmfc1": 5.143186306780777e-06, "ddivu": 0.0004886026991441739, "teq": 0.0005657504937458855, "mfhi": 0.00031887755102040814, "mflo": 0.0012755102040816326, "dmult": 0.0008691984858459513, "seh": 4.6288676761026994e-05, "lwl": 8.743416721527321e-05, "lwr": 8.743416721527321e-05, "ddiv": 2.5715931533903885e-05, "divu": 5.143186306780777e-05, "ins": 0.00022630019749835418, "dsrlv": 0.00038573897300855827, "lhu": 0.0018772630019749834, "dsra32": 0.00010800691244239632, "lh": 0.00012343647136273865, "srlv": 0.0002211570111915734, "dinsm": 7.714779460171166e-05, "dmultu": 8.743416721527321e-05, "mul": 0.00018515470704410798, "dextu": 1.0286372613561553e-05, "bgtz": 0.00010286372613561554, "rotr": 1.0286372613561553e-05, "dinsu": 5.6575049374588544e-05, "clz": 5.143186306780777e-06, "dclz": 5.143186306780777e-06, "mtlo": 1.542955892034233e-05, "mthi": 1.542955892034233e-05, "dsrav": 5.143186306780777e-06, "dsbh": 5.143186306780777e-06, "dshd": 5.143186306780777e-06, "multu": 3.085911784068466e-05, "srav": 5.143186306780777e-06, "mult": 1.0286372613561553e-05, "ldc1": 1.542955892034233e-05, "sub.d": 1.0286372613561553e-05, "div.d": 5.143186306780777e-06, "dmtc1": 5.143186306780777e-06}