{"or": 0.07567248972641988, "bal": 8.186119615579824e-06, "nop": 0.0882791139344128, "lui": 0.010240835639090359, "addiu": 0.04497454116799555, "daddu": 0.029809754580133924, "ld": 0.20348646834427545, "daddiu": 0.10695574583735817, "and": 0.00462106452299481, "jalr": 0.04769642594017584, "b": 0.029650125247630117, "dsubu": 0.005415118125706053, "sltiu": 0.0056688878337890275, "bne": 0.039919612305375, "beq": 0.05085626811178965, "jr": 0.0072037852617102445, "dsra": 0.00022511828942844514, "dsrl32": 0.000278328066929714, "sd": 0.07913931138361793, "lbu": 0.01627809885558048, "sltu": 0.008521750519818596, "dsll": 0.010429116390248695, "sb": 0.009892925555428216, "sw": 0.014153800815337514, "lw": 0.023661978748833478, "dext": 0.00834984200789142, "sll": 0.011714337169894727, "lb": 0.0006712618084775455, "dsll32": 0.0019319242292768382, "dsllv": 0.0006999132271320749, "seb": 0.0004911671769347893, "subu": 0.002668674994679022, "slti": 0.0027464431310270307, "slt": 0.0028487696262217786, "addu": 0.003143469932382652, "blez": 0.000691727107516495, "movz": 0.0032539825471929796, "ldl": 0.0015185251886900572, "ldr": 0.0015185251886900572, "sdl": 0.001199266523682444, "sdr": 0.001199266523682444, "andi": 0.014346174626303639, "lh": 0.0001064195550025377, "dsra32": 0.00015144321288822673, "movn": 0.0017313642986951326, "bltz": 0.0007694952438645034, "lhu": 0.0021447633392819134, "ext": 0.0006098659113606968, "dmult": 0.0007940536027112429, "mflo": 0.001113312267718856, "ori": 0.006164148070531607, "srl": 0.0016740614613860738, "xor": 0.001989227066585897, "ddiv": 2.4558358846739468e-05, "teq": 0.00048298105731920955, "lwu": 0.001481687650419948, "dsrl": 0.0010928469686799064, "nor": 0.00023330440904402496, "bgez": 0.0001800946315427561, "xori": 0.0007326577055943942, "dins": 9.004731577137805e-05, "swl": 0.00024558358846739467, "swr": 0.00024558358846739467, "dinsu": 4.9116717693478935e-05, "bgtz": 0.0004747949377036297, "sh": 0.0015881072054224857, "sra": 0.00037656150231667185, "sllv": 0.0005443769544360582, "ldxc1": 4.093059807789912e-06, "dmfc1": 4.093059807789912e-06, "ddivu": 0.00041339904058678106, "mfhi": 0.000552563074051638, "seh": 3.68375382701092e-05, "lwl": 0.00016372239231159645, "lwr": 0.00016372239231159645, "dmultu": 7.776813634800831e-05, "divu": 4.502365788568903e-05, "ins": 0.00020874605019728548, "dsrlv": 0.0003560962032777223, "srlv": 0.00022511828942844514, "dinsm": 6.548895692463859e-05, "mul": 0.0001800946315427561, "dextu": 8.186119615579824e-06, "rotr": 8.186119615579824e-06, "clz": 4.093059807789912e-06, "dclz": 4.093059807789912e-06, "mtlo": 1.2279179423369734e-05, "mthi": 1.2279179423369734e-05, "dsrav": 4.093059807789912e-06, "dsbh": 4.093059807789912e-06, "dshd": 4.093059807789912e-06, "multu": 4.9116717693478935e-05, "srav": 4.093059807789912e-06, "mult": 0.00023739746885181485, "ldc1": 1.2279179423369734e-05, "sub.d": 8.186119615579824e-06, "div.d": 4.093059807789912e-06, "dmtc1": 4.093059807789912e-06}