{"or": 0.08986591026302218, "bal": 0.00038679731820526046, "nop": 0.16864363073749356, "lui": 0.007349149045899948, "addiu": 0.021402784940691078, "daddu": 0.015085095410005158, "ld": 0.2710159876224858, "daddiu": 0.07181536874677669, "and": 0.00012893243940175349, "jalr": 0.04963898916967509, "b": 0.07362042289840123, "dsubu": 0.0012893243940175349, "sltiu": 0.0020629190304280558, "bne": 0.014956162970603403, "beq": 0.018308406395048993, "jr": 0.007478081485301702, "dsra": 0.0005157297576070139, "dsrl32": 0.00025786487880350697, "sd": 0.08277462609592573, "lbu": 0.011990716864363074, "sltu": 0.0016761217122227953, "dsll": 0.009025270758122744, "sb": 0.005286230015471893, "sw": 0.029912325941206807, "lw": 0.02230531201650335, "dext": 0.0012893243940175349, "bgez": 0.0012893243940175349, "slt": 0.00038679731820526046, "sll": 0.002707581227436823, "lwu": 0.0014182568334192883, "ldl": 0.0007735946364105209, "ldr": 0.0007735946364105209, "andi": 0.0015471892728210418, "ori": 0.00012893243940175349, "sh": 0.0005157297576070139, "sdl": 0.0007735946364105209, "sdr": 0.0007735946364105209, "lhu": 0.0011603919546157814, "xor": 0.0005157297576070139, "dsrl": 0.0014182568334192883, "dsll32": 0.0015471892728210418, "dsbh": 0.00012893243940175349, "dshd": 0.00012893243940175349, "xori": 0.00025786487880350697, "lb": 0.003996905621454358, "dmult": 0.0006446621970087674, "mflo": 0.0006446621970087674, "subu": 0.00012893243940175349, "srl": 0.00012893243940175349, "movn": 0.00012893243940175349}