{"or": 0.07750930705177778, "bal": 8.99232055824326e-06, "nop": 0.08597557685736382, "lui": 0.010030933582720357, "addiu": 0.045478661223315286, "daddu": 0.029287988058198298, "ld": 0.20565886732730249, "daddiu": 0.10749869611351906, "and": 0.004855853101451361, "jalr": 0.04825728827581246, "b": 0.030178227793464383, "dsubu": 0.004662518209449131, "sltiu": 0.005786558279229538, "bne": 0.0374575112853623, "beq": 0.05110335773249645, "jr": 0.007513083826412244, "dsra": 0.00023380033451432476, "dsrl32": 0.0003012427387011492, "sd": 0.0794876175745913, "lbu": 0.016289588691257666, "sltu": 0.00799866913655738, "dsll": 0.010979623401615022, "sb": 0.00871355862093772, "sw": 0.01489128284445084, "lw": 0.0245490351240041, "dext": 0.008551696850889341, "sll": 0.010615434419006168, "subu": 0.0025268420768663562, "movz": 0.0032147545995719656, "blez": 0.000692408682984731, "ldl": 0.0016141215402046651, "ldr": 0.0016141215402046651, "sdl": 0.0011555131917342588, "sdr": 0.0011555131917342588, "andi": 0.01420786648202435, "bltz": 0.0007823318885671637, "bgtz": 0.0003012427387011492, "dsllv": 0.0007643472474506771, "xor": 0.002189630055932234, "bgez": 0.00019333489200223008, "dsrl": 0.0012139632753628401, "slt": 0.0021806377353739905, "movn": 0.0018209449130442601, "nor": 0.0002562811359099329, "addu": 0.003048396669244465, "lwu": 0.0014927252126683813, "ori": 0.005660665791414133, "slti": 0.002418934230167437, "xori": 0.0007823318885671637, "seb": 0.0004586083484704063, "sra": 0.0004046544251209467, "srl": 0.0018299372336025035, "ext": 0.000656439400751758, "sh": 0.0016725716238332464, "swl": 0.000206823372839595, "swr": 0.000206823372839595, "sllv": 0.0005755085157275687, "dsll32": 0.0020772260489541933, "lb": 0.0006744240418682445, "dins": 9.891552614067587e-05, "ldxc1": 4.49616027912163e-06, "dmfc1": 4.49616027912163e-06, "ddivu": 0.00044511986763304137, "teq": 0.0005125622718198658, "mfhi": 0.0005934931568440552, "mflo": 0.0011600093520133805, "dmult": 0.0008227973310792583, "seh": 4.046544251209467e-05, "lwl": 0.00015286944949013544, "lwr": 0.00015286944949013544, "ddiv": 2.248080139560815e-05, "divu": 4.49616027912163e-05, "ins": 0.00020232721256047335, "dsrlv": 0.00037767746344621693, "lhu": 0.002086218369512436, "dsra32": 0.00016635793032750032, "lh": 0.00010790784669891913, "srlv": 0.0002517849756308113, "dinsm": 8.093088502418934e-05, "dmultu": 8.542704530331097e-05, "mul": 0.00019783105228135173, "dextu": 8.99232055824326e-06, "rotr": 8.99232055824326e-06, "dinsu": 5.3953923349459565e-05, "clz": 4.49616027912163e-06, "dclz": 4.49616027912163e-06, "mtlo": 1.3488480837364891e-05, "mthi": 1.3488480837364891e-05, "dsrav": 4.49616027912163e-06, "dsbh": 4.49616027912163e-06, "dshd": 4.49616027912163e-06, "multu": 5.3953923349459565e-05, "srav": 4.49616027912163e-06, "mult": 0.0002517849756308113, "ldc1": 1.3488480837364891e-05, "sub.d": 8.99232055824326e-06, "div.d": 4.49616027912163e-06, "dmtc1": 4.49616027912163e-06}