{"or": 0.09425079131248383, "bal": 9.95361614874684e-06, "nop": 0.08167937411661656, "lui": 0.011755220671670018, "addiu": 0.04127764616885314, "daddu": 0.028198594549399797, "ld": 0.2199699400792308, "daddiu": 0.11498915055839787, "and": 0.004394521529671729, "jalr": 0.055332152170883685, "b": 0.026182987279278563, "dsubu": 0.003414090339020166, "sltiu": 0.005116158700455876, "bne": 0.03380248044114427, "beq": 0.046358967212788406, "jr": 0.011949316186570582, "dsra": 0.00019409551490056338, "dsrl32": 0.00023888678756992416, "sd": 0.08277924870105309, "lbu": 0.015582386080863177, "sltu": 0.007495072960006371, "dsll": 0.009172257281070214, "sb": 0.004240240479366154, "sw": 0.010436366531961061, "lw": 0.020101327812394244, "bgez": 0.00018911870682618995, "slti": 0.0008311269484203611, "slt": 0.0008808950291640953, "subu": 0.0017468596341050704, "xor": 0.0022345868253936655, "bgtz": 0.00011446658571058866, "ori": 0.004354707065076743, "dext": 0.00935639917982203, "blez": 0.0007564748273047598, "movz": 0.0027919893297234885, "andi": 0.012218063822586746, "sll": 0.008052475464336193, "movn": 0.0015477873111301335, "addu": 0.002015607270121235, "dsrl": 0.0010700137359902853, "bltz": 0.0005872633527760635, "ldl": 0.0015428105030557602, "ldr": 0.0015428105030557602, "dsll32": 0.001741882826030697, "sdl": 0.0009953616148746839, "sdr": 0.0009953616148746839, "nor": 0.0003035852925367786, "sh": 0.0013586686043039436, "dsrlv": 0.000403121454024247, "lb": 0.0005126112316604622, "lh": 0.00015925785837994945, "dsra32": 0.00011944339378496208, "lhu": 0.0018862102601875262, "seh": 5.972169689248104e-05, "xori": 0.0007913124838253737, "sra": 0.00015925785837994945, "srl": 0.0013686222204526905, "dinsm": 7.962892918997472e-05, "lwu": 0.001647323472617602, "dins": 9.95361614874684e-05, "swl": 5.972169689248104e-05, "swr": 5.972169689248104e-05, "dinsu": 5.474488881810762e-05, "seb": 0.000154281050305576, "dsllv": 0.000557402504329823, "ext": 0.0006021937769991839, "sllv": 0.0005673561204785699, "ldxc1": 4.97680807437342e-06, "dmfc1": 4.97680807437342e-06, "ddivu": 0.0004727967670654749, "teq": 0.0005474488881810762, "mfhi": 0.000308562100611152, "mflo": 0.001234248402444608, "dmult": 0.000841080564569108, "lwl": 8.460573726434814e-05, "lwr": 8.460573726434814e-05, "ddiv": 2.48840403718671e-05, "divu": 4.97680807437342e-05, "ins": 0.00021897955527243047, "srlv": 0.00021400274719805706, "dmultu": 8.460573726434814e-05, "mul": 0.0001791650906774431, "dextu": 9.95361614874684e-06, "rotr": 9.95361614874684e-06, "clz": 4.97680807437342e-06, "dclz": 4.97680807437342e-06, "mtlo": 1.493042422312026e-05, "mthi": 1.493042422312026e-05, "dsrav": 4.97680807437342e-06, "dsbh": 4.97680807437342e-06, "dshd": 4.97680807437342e-06, "multu": 2.986084844624052e-05, "srav": 4.97680807437342e-06, "mult": 9.95361614874684e-06, "ldc1": 1.493042422312026e-05, "sub.d": 9.95361614874684e-06, "div.d": 4.97680807437342e-06, "dmtc1": 4.97680807437342e-06}