{"or": 0.05338355176015765, "bal": 5.384391725266797e-06, "nop": 0.1797417645728562, "lui": 0.006213588050957884, "addiu": 0.021217195593413812, "daddu": 0.01698506369735411, "ld": 0.26202334672252076, "daddiu": 0.06055286934235039, "and": 0.0019033824748818126, "jalr": 0.028636887390831457, "b": 0.09756517806183436, "dsubu": 0.002008378113524515, "sltiu": 0.00193299662937078, "bne": 0.020318002175294256, "beq": 0.024165150062997385, "jr": 0.0055647688480632345, "dsra": 9.961124691743574e-05, "dsrl32": 0.00010499563864270253, "sd": 0.09314190025952768, "lbu": 0.008830402429437546, "sltu": 0.003771766403549391, "dsll": 0.0070912439021763715, "sb": 0.002974876428209905, "sw": 0.028410742938370252, "lw": 0.03318939059454454, "dext": 0.0029641076447593714, "ori": 0.002196831823908853, "slt": 0.0005492079559772132, "lhu": 0.0019626107838597476, "andi": 0.0059901357943593116, "lwu": 0.003534853167637652, "lb": 0.0026948880584960317, "sll": 0.0044286621940319406, "dsrl": 0.0007457382539494513, "subu": 0.0008507338925921538, "ldl": 0.0009638061188227566, "ldr": 0.0009638061188227566, "sdl": 0.0004603654925103111, "sdr": 0.0004603654925103111, "bgez": 0.00020999127728540506, "xori": 0.0001238410096811363, "slti": 0.0004872874511366451, "movn": 0.0002584508028128062, "sra": 8.076587587900195e-05, "srl": 0.0011818739836960618, "addu": 0.001055340778152292, "movz": 7.538148415373516e-05, "ext": 0.0010607251698775588, "xor": 0.0010849549326412595, "sh": 0.0009180387891579888, "sllv": 0.00029614154488967384, "lwl": 7.538148415373516e-05, "lwr": 7.538148415373516e-05, "swl": 3.769074207686758e-05, "swr": 3.769074207686758e-05, "ldc1": 1.615317517580039e-05, "sdxc1": 2.6921958626333984e-06, "dins": 6.192050484056816e-05, "ldxc1": 2.6921958626333984e-06, "sdc1": 5.384391725266797e-06, "dmfc1": 2.6921958626333984e-06, "bltz": 0.0001588395558953705, "ddivu": 0.0002746039779886066, "teq": 0.0003203713076533744, "mfhi": 0.0001696083393459041, "dsll32": 0.0005438235642519464, "mflo": 0.0006945865325594168, "dmult": 0.0004792108635487449, "dsllv": 0.00022345225659857205, "dinsu": 4.3075133802134374e-05, "nor": 3.230635035160078e-05, "ddiv": 1.3460979313166991e-05, "divu": 2.6921958626333982e-05, "dsrlv": 0.00014807077244483692, "blez": 0.0001776849269338043, "ins": 0.00018576151452170448, "lh": 8.345807174163535e-05, "dmultu": 4.3075133802134374e-05, "dextu": 0.0003203713076533744, "mul": 0.00010499563864270253, "dinsm": 1.884537103843379e-05, "bgtz": 5.115172139003457e-05, "seh": 2.6921958626333984e-06, "dsrav": 2.6921958626333984e-06, "wsbh": 2.6921958626333984e-06, "rotr": 5.384391725266797e-06, "dsbh": 2.6921958626333984e-06, "dshd": 2.6921958626333984e-06, "div": 5.384391725266797e-06, "multu": 1.615317517580039e-05, "dsra32": 8.076587587900194e-06, "srav": 2.6921958626333984e-06, "srlv": 7.268928829110176e-05, "mult": 5.384391725266797e-06, "sub.d": 5.384391725266797e-06, "div.d": 2.6921958626333984e-06}