{"or": 0.07750564113497858, "bal": 8.883677131638327e-06, "nop": 0.08615834266119432, "lui": 0.010025229643053853, "addiu": 0.04539114830410604, "daddu": 0.029160670184602812, "ld": 0.2066298882433417, "daddiu": 0.10751026064708705, "and": 0.00483272035961125, "jalr": 0.04862924861858821, "b": 0.030151200184780486, "dsubu": 0.0046150702698861115, "sltiu": 0.0057965993283940085, "bne": 0.037373629692802446, "beq": 0.05109002718405202, "jr": 0.007537800046195121, "dsra": 0.0002354174439884157, "dsrl32": 0.000297603183909884, "sd": 0.0791979816285557, "lbu": 0.016292663859424694, "sltu": 0.00796421654851376, "dsll": 0.010913597356217686, "sb": 0.00865714336478155, "sw": 0.014755787715651262, "lw": 0.024558925430414158, "dext": 0.008488353499280421, "sll": 0.010536041078123056, "lb": 0.0007018104933994278, "dsllv": 0.0007639962333208962, "dsll32": 0.0020698967716717303, "seb": 0.00045750937227937387, "subu": 0.0025051969511220083, "slti": 0.0023941509869765294, "slt": 0.002167617220119752, "addu": 0.0030160083861912124, "blez": 0.000706252331965247, "movz": 0.003207007444521436, "ldl": 0.0015946200451290799, "ldr": 0.0015946200451290799, "sdl": 0.001141552511415525, "sdr": 0.001141552511415525, "andi": 0.014080628253646749, "lh": 0.00011548780271129826, "dsra32": 0.00016878986550112823, "movn": 0.001816711973420038, "bltz": 0.0007995309418474495, "lhu": 0.0020698967716717303, "ext": 0.0006529502691754171, "dmult": 0.0008261819732423645, "mflo": 0.0011637617042446209, "ori": 0.0056100421086296036, "srl": 0.0018122701348542189, "xor": 0.0021898264129488476, "ddiv": 2.6651031394914984e-05, "teq": 0.0005108114350692039, "lwu": 0.001492457758115239, "dsrl": 0.0011992964127711743, "nor": 0.00025318479825169233, "bgez": 0.00018211538119858572, "xori": 0.0007728799104525345, "dins": 9.77204484480216e-05, "swl": 0.00020432457402768154, "swr": 0.00020432457402768154, "dinsu": 5.330206278982997e-05, "bgtz": 0.0002931613453440648, "sh": 0.001652363946484729, "sra": 0.00039976547092372477, "sllv": 0.0005685553364248529, "ldxc1": 4.4418385658191635e-06, "dmfc1": 4.4418385658191635e-06, "ddivu": 0.0004397420180160972, "mfhi": 0.0005863226906881296, "seh": 3.9976547092372474e-05, "lwl": 0.00015102251123785156, "lwr": 0.00015102251123785156, "dmultu": 8.439493275056412e-05, "divu": 4.441838565819164e-05, "ins": 0.00019988273546186239, "dsrlv": 0.00037311443952880974, "srlv": 0.0002487429596858732, "dinsm": 7.995309418474495e-05, "mul": 0.0001954408968960432, "dextu": 8.883677131638327e-06, "rotr": 8.883677131638327e-06, "clz": 4.4418385658191635e-06, "dclz": 4.4418385658191635e-06, "mtlo": 1.3325515697457492e-05, "mthi": 1.3325515697457492e-05, "dsrav": 4.4418385658191635e-06, "dsbh": 4.4418385658191635e-06, "dshd": 4.4418385658191635e-06, "multu": 5.330206278982997e-05, "srav": 4.4418385658191635e-06, "mult": 0.0002487429596858732, "ldc1": 1.3325515697457492e-05, "sub.d": 8.883677131638327e-06, "div.d": 4.4418385658191635e-06, "dmtc1": 4.4418385658191635e-06}