{"or": 0.10552654482158398, "bal": 0.0006527415143603133, "nop": 0.07093124456048738, "lui": 0.012402088772845953, "addiu": 0.04003481288076589, "daddu": 0.023933855526544822, "ld": 0.21866840731070497, "daddiu": 0.15578764142732812, "and": 0.0008703220191470844, "jalr": 0.0835509138381201, "b": 0.031331592689295036, "dsubu": 0.0019582245430809398, "sltiu": 0.0034812880765883376, "bne": 0.018276762402088774, "beq": 0.03655352480417755, "jr": 0.01370757180156658, "dsra": 0.0008703220191470844, "dsrl32": 0.0013054830287206266, "sd": 0.07898172323759792, "lbu": 0.022193211488250653, "sltu": 0.0028285465622280245, "dsll": 0.012619669277632724, "sb": 0.00805047867711053, "sw": 0.006092254134029591, "lw": 0.008920800696257615, "dext": 0.00587467362924282, "bltz": 0.0013054830287206266, "bgez": 0.0008703220191470844, "slt": 0.0008703220191470844, "sll": 0.008485639686684074, "slti": 0.0004351610095735422, "ldl": 0.0013054830287206266, "ldr": 0.0013054830287206266, "andi": 0.004134029590948651, "ori": 0.0002175805047867711, "xori": 0.0010879025239338555, "movz": 0.0017406440382941688, "sh": 0.0008703220191470844, "sdl": 0.0013054830287206266, "sdr": 0.0013054830287206266, "lhu": 0.0006527415143603133, "dsrl": 0.0019582245430809398, "dsll32": 0.0030461270670147957, "dsbh": 0.0002175805047867711, "dshd": 0.0002175805047867711, "xor": 0.0004351610095735422, "dmult": 0.0006527415143603133, "mflo": 0.0006527415143603133, "movn": 0.0006527415143603133, "lb": 0.0002175805047867711, "dsllv": 0.0002175805047867711, "subu": 0.0002175805047867711, "addu": 0.0002175805047867711}