{"or": 0.0794100497115806, "bal": 6.588678673435436e-06, "nop": 0.08635122269404483, "lui": 0.008970486013882346, "addiu": 0.047168350623124286, "daddu": 0.028011767380110755, "ld": 0.20329368046885038, "daddiu": 0.11141455636779322, "and": 0.0038906147566636247, "jalr": 0.050963429539023095, "b": 0.031144684089329307, "dsubu": 0.004770203359567256, "sltiu": 0.006815988087668958, "bne": 0.03773665710210146, "beq": 0.050976606896369965, "jr": 0.006651271120833072, "dsra": 0.00019436602086634537, "dsrl32": 0.00023060375357024027, "sd": 0.08155137028044711, "lbu": 0.014989243982065617, "sltu": 0.007830644603378015, "dsll": 0.009896195367500025, "sb": 0.010472704751425626, "sw": 0.016784658920576772, "lw": 0.022859420657484246, "bgez": 0.00019107168152962764, "sll": 0.010492470787445932, "slti": 0.002312626214375838, "dext": 0.00926697655418694, "dsll32": 0.0018052979565213094, "ori": 0.0051819957766569705, "slt": 0.002391690358457063, "movz": 0.0029912601177396877, "subu": 0.0022599167849883545, "blez": 0.0006325131526498019, "andi": 0.012614025320292143, "movn": 0.0014857470408596908, "bgtz": 0.0003920263810694084, "dsra32": 0.0001680113061726036, "sh": 0.0013407961100441112, "xor": 0.0017262338124400842, "dsllv": 0.0006358074919865195, "xori": 0.0006391018313232372, "lhu": 0.001785531920501003, "lb": 0.0007181659754044625, "bltz": 0.0007379320114247689, "sllv": 0.0004546188284670451, "ldl": 0.00128479234131991, "ldr": 0.00128479234131991, "sdl": 0.0010179508550457747, "sdr": 0.0010146565157090571, "dsrl": 0.0009059433175973724, "dins": 7.576980474450751e-05, "srl": 0.0013935055394315946, "ext": 0.0005303886332115525, "nor": 0.00020754337821321623, "dmultu": 6.588678673435435e-05, "mfhi": 0.00046120750714048053, "drotr": 3.294339336717718e-06, "addu": 0.002638765808710892, "ins": 0.00017459998484603906, "ddivu": 0.0003557886483655135, "teq": 0.00040849807775299705, "mflo": 0.0009059433175973724, "dmult": 0.000642396170659955, "lwu": 0.0012880866806566278, "sra": 0.00032284525499833635, "seb": 0.00043485279244673877, "lh": 8.565282275466066e-05, "sdc1": 9.883018010153155e-06, "mov.d": 9.883018010153155e-06, "ldc1": 1.976603602030631e-05, "srlv": 0.00018777734219290991, "rotr": 1.6471696683588588e-05, "mul": 0.00015153960948901502, "lwl": 0.00013506791280542643, "lwr": 0.00013506791280542643, "swl": 0.00022730941423352254, "swr": 0.00022730941423352254, "srav": 9.883018010153155e-06, "dmfc1": 6.588678673435436e-06, "dinsu": 3.953207204061262e-05, "ldxc1": 3.294339336717718e-06, "seh": 2.9649054030459462e-05, "ddiv": 1.6471696683588588e-05, "divu": 3.62377327038949e-05, "dsrlv": 0.00028660752229444145, "dinsm": 5.270942938748349e-05, "dextu": 6.588678673435436e-06, "clz": 3.294339336717718e-06, "dclz": 3.294339336717718e-06, "mtlo": 9.883018010153155e-06, "mthi": 9.883018010153155e-06, "dsrav": 3.294339336717718e-06, "dsbh": 3.294339336717718e-06, "dshd": 3.294339336717718e-06, "multu": 3.953207204061262e-05, "mult": 0.00019107168152962764, "sub.d": 6.588678673435436e-06, "div.d": 3.294339336717718e-06, "dmtc1": 3.294339336717718e-06}