{"lb": 0.0007962531076215599, "addiu": 0.043128222840483635, "dextm": 4.023920953490489e-07, "ldl": 0.0014094542681544475, "ddiv": 2.6635403733645425e-05, "lwl": 0.00011987662281884359, "mtlo": 1.1602058623547203e-05, "teq": 0.00046924487447004803, "sd": 0.07996873581366494, "seh": 4.322668966273129e-05, "andi": 0.012669902460613384, "dsubu": 0.004158855422244122, "dsrav": 6.772339929964527e-06, "mfhi": 0.00043552578067879215, "bgtz": 0.0002631950830432385, "seb": 0.00033050262217466036, "blez": 0.0006559461756861621, "dinsu": 5.717159033185493e-05, "dsll": 0.009715279906916913, "dshd": 4.254828046682654e-06, "sdc1": 1.878643381646871e-05, "lhu": 0.0020024079900903932, "bc1f": 1.4306201156937251e-05, "sw": 0.01428796747453453, "c.ult.d": 3.4035067935390358e-06, "dins": 8.772582596930945e-05, "dsbh": 4.254828046682654e-06, "c.ole.d": 5.984380342910751e-07, "dsrlv": 0.00033928915229588456, "nop": 0.09095444402948413, "slt": 0.0017678069698123984, "mflo": 0.0010478472804675435, "clz": 6.067067112203503e-06, "ldr": 0.0014094542681544475, "ld": 0.2142257955488477, "bne": 0.0352003879737559, "xori": 0.000795506990804083, "dmultu": 7.635590755778807e-05, "rotr": 1.02517276376819e-05, "dmult": 0.0007343489358126918, "daddiu": 0.10907007576666412, "ldxc1": 3.978981196853678e-06, "srl": 0.0014928310258103183, "mthi": 1.1602058623547203e-05, "bal": 7.957962393707357e-06, "mult": 0.00013994944045348418, "sdr": 0.0010418294303021318, "lbu": 0.015186178111848548, "ldc1": 9.971134085411724e-05, "dmfc1": 3.527615483938212e-05, "add.d": 1.9748455131605473e-05, "dsll32": 0.0017826679715228992, "sllv": 0.0005758311664757254, "mul.d": 1.3894884534853592e-05, "lwr": 0.00011987662281884359, "movf.d": 5.984380342910751e-07, "drotr": 8.987191131078641e-07, "trunc.l.d": 4.787504274328601e-06, "dext": 0.008241167978507895, "dclz": 5.132388335972822e-06, "dsrl": 0.00103325156605016, "ext": 0.0006222102640331149, "srlv": 0.00021519003866096143, "addu": 0.0024457772659896315, "mul": 0.00016740116706380145, "rotrv": 3.179311583662789e-07, "cvt.d.l": 1.0173446582948277e-05, "sdl": 0.0010423257573198906, "ddivu": 0.00040063509316332974, "movf": 8.789449102158711e-07, "jalr": 0.05047238073947228, "sdxc1": 1.1162832233794358e-07, "dmtc1": 4.7515905095322734e-05, "b": 0.03304566957330497, "sltu": 0.007542957033355581, "sll": 0.0095907560961486, "div": 7.372770623628796e-07, "ins": 0.0002014870489541573, "lui": 0.010246735683193415, "c.ule.d": 7.779694445783975e-06, "sb": 0.007097943035745458, "lw": 0.024142941897114155, "mov.d": 2.4053502459337993e-06, "lh": 0.00011906994279314287, "ori": 0.005091156535138835, "sra": 0.0002768780189369119, "divu": 4.1237100510710023e-05, "xor": 0.002191101567120239, "bc1t": 6.900749535568104e-06, "lwu": 0.0015508529083373794, "swl": 0.00015334035076590712, "nor": 0.00026058590672623937, "and": 0.004370615481409327, "wsbh": 1.1162832233794358e-07, "swr": 0.00015334035076590712, "div.d": 2.9113378637078824e-05, "dsra": 0.00021167228168101514, "abs.d": 5.984380342910751e-07, "sh": 0.0014518588738823596, "dextu": 2.153249652493375e-05, "multu": 4.026978560522922e-05, "movt": 2.6742590130890963e-06, "dsra32": 0.00014049022869225077, "bltz": 0.0006497380221701192, "dsrl32": 0.0002614484750989677, "c.eq.d": 4.787504274328601e-06, "daddu": 0.027493586713849362, "subu": 0.002069085606609984, "c.olt.d": 8.191011067867636e-06, "jr": 0.008740854623517121, "beq": 0.047259274676562275, "sub.d": 2.4714227353857465e-05, "sltiu": 0.005515032226197138, "slti": 0.0017800010518579927, "movn": 0.0015983427870901296, "dsllv": 0.0006151638885259765, "movz": 0.002914189397047672, "srav": 4.971635232371308e-06, "or": 0.0812446623456287, "j": 5.984380342910751e-07, "dinsm": 6.63470355594862e-05, "bgez": 0.0001859663815820211}